2026-04-11 07:54:13,266 [INFO] ============================================================
2026-04-11 07:54:13,266 [INFO] Woow KNXnet/IP Tunnelling 模擬伺服器
2026-04-11 07:54:13,266 [INFO] ============================================================
2026-04-11 07:54:13,266 [INFO] Local IP: 192.168.2.191
2026-04-11 07:54:13,266 [INFO] 監聽: 0.0.0.0:3671 (UDP Tunnelling)
2026-04-11 07:54:13,267 [INFO] 
2026-04-11 07:54:13,267 [INFO] 模擬設備 (12 entity types + 80 stress-test entities):
2026-04-11 07:54:13,267 [INFO]   燈光開關    GA 1/0/1(cmd) 1/0/2(state)         DPT 1.001
2026-04-11 07:54:13,267 [INFO]   調光燈      GA 1/0/3(cmd) 1/0/4(bri) 1/0/5(st) DPT 1/5
2026-04-11 07:54:13,267 [INFO]   溫度感測器  GA 2/0/1(value)                     DPT 9.001
2026-04-11 07:54:13,267 [INFO]   濕度感測器  GA 2/0/2(value)                     DPT 9.007
2026-04-11 07:54:13,267 [INFO]   窗簾        GA 3/0/1(updn) 3/0/2(pos) 3/0/3(st) DPT 1/5
2026-04-11 07:54:13,267 [INFO]   開關        GA 4/0/1(cmd) 4/0/2(state)         DPT 1.001
2026-04-11 07:54:13,267 [INFO]   二進制感測  GA 4/0/3(state, read-only)         DPT 1.002
2026-04-11 07:54:13,267 [INFO]   空調        GA 5/0/1-2(temp) 5/0/3-4(mode) 5/0/5-6(on)
2026-04-11 07:54:13,267 [INFO]   風扇        GA 6/0/1-2(on) 6/0/3-4(speed)     DPT 1/5
2026-04-11 07:54:13,267 [INFO]   數值        GA 7/0/1(cmd) 7/0/2(state)         DPT 9.001
2026-04-11 07:54:13,267 [INFO]   場景        GA 7/0/3(activate)                  DPT 17.001
2026-04-11 07:54:13,267 [INFO]   選擇器      GA 7/0/4(cmd) 7/0/5(state)         DPT 5.005
2026-04-11 07:54:13,267 [INFO] 
2026-04-11 07:54:13,267 [INFO] Stress-test entities (80):
2026-04-11 07:54:13,267 [INFO]   50 temps    GA 10/0/1..10/0/50 (read-only)      DPT 9.001
2026-04-11 07:54:13,267 [INFO]   20 switches GA 11/0/1..11/0/40 (odd=cmd,even=st) DPT 1.001
2026-04-11 07:54:13,267 [INFO]   10 lights   GA 12/0/1..12/0/20 (odd=cmd,even=st) DPT 1.001
2026-04-11 07:54:13,267 [INFO] 
2026-04-11 07:54:13,267 [INFO] 等待 KNXnet/IP 連線...
2026-04-11 07:54:13,267 [INFO] ============================================================
2026-04-11 07:54:13,267 [INFO] Joined multicast group 224.0.23.12
2026-04-11 07:54:53,409 [INFO] ConnectRequest from ('192.168.2.191', 56487) (type=4, layer=2)
2026-04-11 07:54:53,409 [INFO] ConnectResponse → ('192.168.2.191', 56487) (channel=1, IA=1.0.241)
2026-04-11 07:54:53,412 [INFO] DescriptionRequest from ('192.168.2.191', 56487)
2026-04-11 07:54:53,412 [INFO] DescriptionResponse → ('192.168.2.191', 56487)
2026-04-11 07:54:53,746 [INFO] RX GroupValueRead GA 1/0/2
2026-04-11 07:54:53,746 [INFO] TX GroupValueResponse GA 1/0/2 (Light state)
2026-04-11 07:54:53,749 [INFO] Broadcast 95 telegrams to 1 client(s) | Temp=23.6°C Hum=55.4% Light=OFF Dimmer=OFF(0%) Cover=100% Switch=OFF Climate=ON(22.0°C,m=0) Fan=OFF(0%) Num=50.0 Sel=0 | stress: 50 temps, 0/20 sw ON, 0/10 lt ON
2026-04-11 07:54:53,754 [INFO] RX GroupValueRead GA 1/0/5
2026-04-11 07:54:53,754 [INFO] TX GroupValueResponse GA 1/0/5 (Dimmer state)
2026-04-11 07:55:03,844 [INFO] Broadcast 95 telegrams to 1 client(s) | Temp=23.5°C Hum=55.6% Light=OFF Dimmer=OFF(0%) Cover=100% Switch=OFF Climate=ON(22.0°C,m=0) Fan=OFF(0%) Num=50.0 Sel=0 | stress: 50 temps, 0/20 sw ON, 0/10 lt ON
2026-04-11 07:55:13,952 [INFO] Broadcast 95 telegrams to 1 client(s) | Temp=23.5°C Hum=55.8% Light=OFF Dimmer=OFF(0%) Cover=100% Switch=OFF Climate=ON(22.0°C,m=0) Fan=OFF(0%) Num=50.0 Sel=0 | stress: 50 temps, 0/20 sw ON, 0/10 lt ON
2026-04-11 07:55:24,041 [INFO] Broadcast 95 telegrams to 1 client(s) | Temp=23.6°C Hum=55.5% Light=OFF Dimmer=OFF(0%) Cover=100% Switch=OFF Climate=ON(22.0°C,m=0) Fan=OFF(0%) Num=50.0 Sel=0 | stress: 50 temps, 0/20 sw ON, 0/10 lt ON
2026-04-11 07:55:34,164 [INFO] Broadcast 95 telegrams to 1 client(s) | Temp=23.8°C Hum=55.8% Light=OFF Dimmer=OFF(0%) Cover=100% Switch=OFF Climate=ON(22.0°C,m=0) Fan=OFF(0%) Num=50.0 Sel=0 | stress: 50 temps, 0/20 sw ON, 0/10 lt ON
2026-04-11 07:55:44,246 [INFO] Broadcast 95 telegrams to 1 client(s) | Temp=23.9°C Hum=55.4% Light=OFF Dimmer=OFF(0%) Cover=100% Switch=OFF Climate=ON(22.0°C,m=0) Fan=OFF(0%) Num=50.0 Sel=0 | stress: 50 temps, 0/20 sw ON, 0/10 lt ON
2026-04-11 07:55:54,365 [INFO] Broadcast 95 telegrams to 1 client(s) | Temp=23.7°C Hum=55.7% Light=OFF Dimmer=OFF(0%) Cover=100% Switch=OFF Climate=ON(22.0°C,m=0) Fan=OFF(0%) Num=50.0 Sel=0 | stress: 50 temps, 0/20 sw ON, 0/10 lt ON
2026-04-11 07:56:04,423 [INFO] Broadcast 95 telegrams to 1 client(s) | Temp=24.0°C Hum=56.2% Light=OFF Dimmer=OFF(0%) Cover=100% Switch=OFF Climate=ON(22.0°C,m=0) Fan=OFF(0%) Num=50.0 Sel=0 | stress: 50 temps, 0/20 sw ON, 0/10 lt ON
2026-04-11 07:56:14,533 [INFO] Broadcast 95 telegrams to 1 client(s) | Temp=24.1°C Hum=55.9% Light=OFF Dimmer=OFF(0%) Cover=100% Switch=OFF Climate=ON(22.0°C,m=0) Fan=OFF(0%) Num=50.0 Sel=0 | stress: 50 temps, 0/20 sw ON, 0/10 lt ON
2026-04-11 07:56:24,648 [INFO] Broadcast 95 telegrams to 1 client(s) | Temp=24.0°C Hum=55.5% Light=OFF Dimmer=OFF(0%) Cover=100% Switch=OFF Climate=ON(22.0°C,m=0) Fan=OFF(0%) Num=50.0 Sel=0 | stress: 50 temps, 0/20 sw ON, 0/10 lt ON
2026-04-11 07:56:31,071 [INFO] RX GroupValueWrite GA 11/0/1 = 1 (short)
2026-04-11 07:56:31,072 [INFO] Stress switch #1 → ON
2026-04-11 07:56:31,077 [INFO] RX GroupValueWrite GA 11/0/3 = 1 (short)
2026-04-11 07:56:31,077 [INFO] Stress switch #2 → ON
2026-04-11 07:56:31,082 [INFO] RX GroupValueWrite GA 11/0/5 = 1 (short)
2026-04-11 07:56:31,082 [INFO] Stress switch #3 → ON
2026-04-11 07:56:31,087 [INFO] RX GroupValueWrite GA 11/0/7 = 1 (short)
2026-04-11 07:56:31,087 [INFO] Stress switch #4 → ON
2026-04-11 07:56:31,092 [INFO] RX GroupValueWrite GA 11/0/9 = 1 (short)
2026-04-11 07:56:31,092 [INFO] Stress switch #5 → ON
2026-04-11 07:56:31,098 [INFO] RX GroupValueWrite GA 11/0/11 = 1 (short)
2026-04-11 07:56:31,098 [INFO] Stress switch #6 → ON
2026-04-11 07:56:31,102 [INFO] RX GroupValueWrite GA 11/0/13 = 1 (short)
2026-04-11 07:56:31,102 [INFO] Stress switch #7 → ON
2026-04-11 07:56:31,107 [INFO] RX GroupValueWrite GA 11/0/15 = 1 (short)
2026-04-11 07:56:31,107 [INFO] Stress switch #8 → ON
2026-04-11 07:56:31,112 [INFO] RX GroupValueWrite GA 11/0/17 = 1 (short)
2026-04-11 07:56:31,112 [INFO] Stress switch #9 → ON
2026-04-11 07:56:31,118 [INFO] RX GroupValueWrite GA 11/0/19 = 1 (short)
2026-04-11 07:56:31,118 [INFO] Stress switch #10 → ON
2026-04-11 07:56:31,123 [INFO] RX GroupValueWrite GA 11/0/21 = 1 (short)
2026-04-11 07:56:31,123 [INFO] Stress switch #11 → ON
2026-04-11 07:56:31,129 [INFO] RX GroupValueWrite GA 11/0/23 = 1 (short)
2026-04-11 07:56:31,129 [INFO] Stress switch #12 → ON
2026-04-11 07:56:31,135 [INFO] RX GroupValueWrite GA 11/0/25 = 1 (short)
2026-04-11 07:56:31,135 [INFO] Stress switch #13 → ON
2026-04-11 07:56:31,141 [INFO] RX GroupValueWrite GA 11/0/27 = 1 (short)
2026-04-11 07:56:31,141 [INFO] Stress switch #14 → ON
2026-04-11 07:56:31,146 [INFO] RX GroupValueWrite GA 11/0/29 = 1 (short)
2026-04-11 07:56:31,146 [INFO] Stress switch #15 → ON
2026-04-11 07:56:31,153 [INFO] RX GroupValueWrite GA 11/0/31 = 1 (short)
2026-04-11 07:56:31,153 [INFO] Stress switch #16 → ON
2026-04-11 07:56:31,159 [INFO] RX GroupValueWrite GA 11/0/33 = 1 (short)
2026-04-11 07:56:31,159 [INFO] Stress switch #17 → ON
2026-04-11 07:56:31,165 [INFO] RX GroupValueWrite GA 11/0/35 = 1 (short)
2026-04-11 07:56:31,166 [INFO] Stress switch #18 → ON
2026-04-11 07:56:31,170 [INFO] RX GroupValueWrite GA 11/0/37 = 1 (short)
2026-04-11 07:56:31,170 [INFO] Stress switch #19 → ON
2026-04-11 07:56:31,175 [INFO] RX GroupValueWrite GA 11/0/39 = 1 (short)
2026-04-11 07:56:31,176 [INFO] Stress switch #20 → ON
2026-04-11 07:56:31,181 [INFO] RX GroupValueWrite GA 12/0/1 = 1 (short)
2026-04-11 07:56:31,181 [INFO] Stress light #1 → ON
2026-04-11 07:56:31,186 [INFO] RX GroupValueWrite GA 12/0/3 = 1 (short)
2026-04-11 07:56:31,187 [INFO] Stress light #2 → ON
2026-04-11 07:56:31,193 [INFO] RX GroupValueWrite GA 12/0/5 = 1 (short)
2026-04-11 07:56:31,193 [INFO] Stress light #3 → ON
2026-04-11 07:56:31,198 [INFO] RX GroupValueWrite GA 12/0/7 = 1 (short)
2026-04-11 07:56:31,198 [INFO] Stress light #4 → ON
2026-04-11 07:56:31,204 [INFO] RX GroupValueWrite GA 12/0/9 = 1 (short)
2026-04-11 07:56:31,204 [INFO] Stress light #5 → ON
2026-04-11 07:56:31,210 [INFO] RX GroupValueWrite GA 12/0/11 = 1 (short)
2026-04-11 07:56:31,210 [INFO] Stress light #6 → ON
2026-04-11 07:56:31,216 [INFO] RX GroupValueWrite GA 12/0/13 = 1 (short)
2026-04-11 07:56:31,216 [INFO] Stress light #7 → ON
2026-04-11 07:56:31,222 [INFO] RX GroupValueWrite GA 12/0/15 = 1 (short)
2026-04-11 07:56:31,223 [INFO] Stress light #8 → ON
2026-04-11 07:56:31,229 [INFO] RX GroupValueWrite GA 12/0/17 = 1 (short)
2026-04-11 07:56:31,229 [INFO] Stress light #9 → ON
2026-04-11 07:56:31,234 [INFO] RX GroupValueWrite GA 12/0/19 = 1 (short)
2026-04-11 07:56:31,235 [INFO] Stress light #10 → ON
2026-04-11 07:56:31,833 [INFO] RX GroupValueWrite GA 11/0/1 = 0 (short)
2026-04-11 07:56:31,833 [INFO] Stress switch #1 → OFF
2026-04-11 07:56:31,844 [INFO] RX GroupValueWrite GA 11/0/3 = 0 (short)
2026-04-11 07:56:31,844 [INFO] Stress switch #2 → OFF
2026-04-11 07:56:31,855 [INFO] RX GroupValueWrite GA 11/0/5 = 0 (short)
2026-04-11 07:56:31,855 [INFO] Stress switch #3 → OFF
2026-04-11 07:56:31,866 [INFO] RX GroupValueWrite GA 11/0/7 = 0 (short)
2026-04-11 07:56:31,866 [INFO] Stress switch #4 → OFF
2026-04-11 07:56:31,878 [INFO] RX GroupValueWrite GA 11/0/9 = 0 (short)
2026-04-11 07:56:31,878 [INFO] Stress switch #5 → OFF
2026-04-11 07:56:31,890 [INFO] RX GroupValueWrite GA 11/0/11 = 0 (short)
2026-04-11 07:56:31,890 [INFO] Stress switch #6 → OFF
2026-04-11 07:56:31,903 [INFO] RX GroupValueWrite GA 11/0/13 = 0 (short)
2026-04-11 07:56:31,903 [INFO] Stress switch #7 → OFF
2026-04-11 07:56:31,916 [INFO] RX GroupValueWrite GA 11/0/15 = 0 (short)
2026-04-11 07:56:31,916 [INFO] Stress switch #8 → OFF
2026-04-11 07:56:31,929 [INFO] RX GroupValueWrite GA 11/0/17 = 0 (short)
2026-04-11 07:56:31,929 [INFO] Stress switch #9 → OFF
2026-04-11 07:56:31,940 [INFO] RX GroupValueWrite GA 11/0/19 = 0 (short)
2026-04-11 07:56:31,940 [INFO] Stress switch #10 → OFF
2026-04-11 07:56:31,952 [INFO] RX GroupValueWrite GA 11/0/21 = 0 (short)
2026-04-11 07:56:31,952 [INFO] Stress switch #11 → OFF
2026-04-11 07:56:31,964 [INFO] RX GroupValueWrite GA 11/0/23 = 0 (short)
2026-04-11 07:56:31,964 [INFO] Stress switch #12 → OFF
2026-04-11 07:56:31,975 [INFO] RX GroupValueWrite GA 11/0/25 = 0 (short)
2026-04-11 07:56:31,976 [INFO] Stress switch #13 → OFF
2026-04-11 07:56:31,989 [INFO] RX GroupValueWrite GA 11/0/27 = 0 (short)
2026-04-11 07:56:31,989 [INFO] Stress switch #14 → OFF
2026-04-11 07:56:31,999 [INFO] RX GroupValueWrite GA 11/0/29 = 0 (short)
2026-04-11 07:56:31,999 [INFO] Stress switch #15 → OFF
2026-04-11 07:56:32,011 [INFO] RX GroupValueWrite GA 11/0/31 = 0 (short)
2026-04-11 07:56:32,011 [INFO] Stress switch #16 → OFF
2026-04-11 07:56:32,023 [INFO] RX GroupValueWrite GA 11/0/33 = 0 (short)
2026-04-11 07:56:32,023 [INFO] Stress switch #17 → OFF
2026-04-11 07:56:32,035 [INFO] RX GroupValueWrite GA 11/0/35 = 0 (short)
2026-04-11 07:56:32,035 [INFO] Stress switch #18 → OFF
2026-04-11 07:56:32,046 [INFO] RX GroupValueWrite GA 11/0/37 = 0 (short)
2026-04-11 07:56:32,046 [INFO] Stress switch #19 → OFF
2026-04-11 07:56:32,058 [INFO] RX GroupValueWrite GA 11/0/39 = 0 (short)
2026-04-11 07:56:32,058 [INFO] Stress switch #20 → OFF
2026-04-11 07:56:35,067 [INFO] Broadcast 95 telegrams to 1 client(s) | Temp=23.8°C Hum=55.5% Light=OFF Dimmer=OFF(0%) Cover=100% Switch=OFF Climate=ON(22.0°C,m=0) Fan=OFF(0%) Num=50.0 Sel=0 | stress: 50 temps, 0/20 sw ON, 10/10 lt ON
2026-04-11 07:56:45,167 [INFO] Broadcast 95 telegrams to 1 client(s) | Temp=24.0°C Hum=55.3% Light=OFF Dimmer=OFF(0%) Cover=100% Switch=OFF Climate=ON(22.0°C,m=0) Fan=OFF(0%) Num=50.0 Sel=0 | stress: 50 temps, 0/20 sw ON, 10/10 lt ON
2026-04-11 07:56:55,282 [INFO] Broadcast 95 telegrams to 1 client(s) | Temp=24.3°C Hum=55.1% Light=OFF Dimmer=OFF(0%) Cover=100% Switch=OFF Climate=ON(22.0°C,m=0) Fan=OFF(0%) Num=50.0 Sel=0 | stress: 50 temps, 0/20 sw ON, 10/10 lt ON
2026-04-11 07:57:05,377 [INFO] Broadcast 95 telegrams to 1 client(s) | Temp=24.3°C Hum=54.6% Light=OFF Dimmer=OFF(0%) Cover=100% Switch=OFF Climate=ON(22.0°C,m=0) Fan=OFF(0%) Num=50.0 Sel=0 | stress: 50 temps, 0/20 sw ON, 10/10 lt ON
2026-04-11 07:57:15,435 [INFO] Broadcast 95 telegrams to 1 client(s) | Temp=24.3°C Hum=54.3% Light=OFF Dimmer=OFF(0%) Cover=100% Switch=OFF Climate=ON(22.0°C,m=0) Fan=OFF(0%) Num=50.0 Sel=0 | stress: 50 temps, 0/20 sw ON, 10/10 lt ON
2026-04-11 07:57:25,517 [INFO] Broadcast 95 telegrams to 1 client(s) | Temp=24.4°C Hum=54.5% Light=OFF Dimmer=OFF(0%) Cover=100% Switch=OFF Climate=ON(22.0°C,m=0) Fan=OFF(0%) Num=50.0 Sel=0 | stress: 50 temps, 0/20 sw ON, 10/10 lt ON
2026-04-11 07:57:35,603 [INFO] Broadcast 95 telegrams to 1 client(s) | Temp=24.2°C Hum=54.3% Light=OFF Dimmer=OFF(0%) Cover=100% Switch=OFF Climate=ON(22.0°C,m=0) Fan=OFF(0%) Num=50.0 Sel=0 | stress: 50 temps, 0/20 sw ON, 10/10 lt ON
2026-04-11 07:57:45,713 [INFO] Broadcast 95 telegrams to 1 client(s) | Temp=24.2°C Hum=54.5% Light=OFF Dimmer=OFF(0%) Cover=100% Switch=OFF Climate=ON(22.0°C,m=0) Fan=OFF(0%) Num=50.0 Sel=0 | stress: 50 temps, 0/20 sw ON, 10/10 lt ON
2026-04-11 07:57:55,800 [INFO] Broadcast 95 telegrams to 1 client(s) | Temp=24.4°C Hum=54.5% Light=OFF Dimmer=OFF(0%) Cover=100% Switch=OFF Climate=ON(22.0°C,m=0) Fan=OFF(0%) Num=50.0 Sel=0 | stress: 50 temps, 0/20 sw ON, 10/10 lt ON
2026-04-11 07:58:05,887 [INFO] Broadcast 95 telegrams to 1 client(s) | Temp=24.4°C Hum=54.8% Light=OFF Dimmer=OFF(0%) Cover=100% Switch=OFF Climate=ON(22.0°C,m=0) Fan=OFF(0%) Num=50.0 Sel=0 | stress: 50 temps, 0/20 sw ON, 10/10 lt ON
2026-04-11 07:58:15,992 [INFO] Broadcast 95 telegrams to 1 client(s) | Temp=24.6°C Hum=54.3% Light=OFF Dimmer=OFF(0%) Cover=100% Switch=OFF Climate=ON(22.0°C,m=0) Fan=OFF(0%) Num=50.0 Sel=0 | stress: 50 temps, 0/20 sw ON, 10/10 lt ON
2026-04-11 07:58:26,445 [INFO] Broadcast 95 telegrams to 1 client(s) | Temp=24.5°C Hum=53.9% Light=OFF Dimmer=OFF(0%) Cover=100% Switch=OFF Climate=ON(22.0°C,m=0) Fan=OFF(0%) Num=50.0 Sel=0 | stress: 50 temps, 0/20 sw ON, 10/10 lt ON
2026-04-11 07:58:36,537 [INFO] Broadcast 95 telegrams to 1 client(s) | Temp=24.8°C Hum=54.0% Light=OFF Dimmer=OFF(0%) Cover=100% Switch=OFF Climate=ON(22.0°C,m=0) Fan=OFF(0%) Num=50.0 Sel=0 | stress: 50 temps, 0/20 sw ON, 10/10 lt ON
2026-04-11 07:58:46,626 [INFO] Broadcast 95 telegrams to 1 client(s) | Temp=24.9°C Hum=54.4% Light=OFF Dimmer=OFF(0%) Cover=100% Switch=OFF Climate=ON(22.0°C,m=0) Fan=OFF(0%) Num=50.0 Sel=0 | stress: 50 temps, 0/20 sw ON, 10/10 lt ON
2026-04-11 07:58:56,703 [INFO] Broadcast 95 telegrams to 1 client(s) | Temp=25.0°C Hum=54.2% Light=OFF Dimmer=OFF(0%) Cover=100% Switch=OFF Climate=ON(22.0°C,m=0) Fan=OFF(0%) Num=50.0 Sel=0 | stress: 50 temps, 0/20 sw ON, 10/10 lt ON
2026-04-11 07:59:06,805 [INFO] Broadcast 95 telegrams to 1 client(s) | Temp=24.8°C Hum=53.8% Light=OFF Dimmer=OFF(0%) Cover=100% Switch=OFF Climate=ON(22.0°C,m=0) Fan=OFF(0%) Num=50.0 Sel=0 | stress: 50 temps, 0/20 sw ON, 10/10 lt ON
2026-04-11 07:59:16,888 [INFO] Broadcast 95 telegrams to 1 client(s) | Temp=24.7°C Hum=53.6% Light=OFF Dimmer=OFF(0%) Cover=100% Switch=OFF Climate=ON(22.0°C,m=0) Fan=OFF(0%) Num=50.0 Sel=0 | stress: 50 temps, 0/20 sw ON, 10/10 lt ON
2026-04-11 07:59:26,999 [INFO] Broadcast 95 telegrams to 1 client(s) | Temp=24.9°C Hum=53.1% Light=OFF Dimmer=OFF(0%) Cover=100% Switch=OFF Climate=ON(22.0°C,m=0) Fan=OFF(0%) Num=50.0 Sel=0 | stress: 50 temps, 0/20 sw ON, 10/10 lt ON
2026-04-11 07:59:37,456 [INFO] Broadcast 95 telegrams to 1 client(s) | Temp=25.1°C Hum=53.0% Light=OFF Dimmer=OFF(0%) Cover=100% Switch=OFF Climate=ON(22.0°C,m=0) Fan=OFF(0%) Num=50.0 Sel=0 | stress: 50 temps, 0/20 sw ON, 10/10 lt ON
2026-04-11 07:59:47,561 [INFO] Broadcast 95 telegrams to 1 client(s) | Temp=25.3°C Hum=52.7% Light=OFF Dimmer=OFF(0%) Cover=100% Switch=OFF Climate=ON(22.0°C,m=0) Fan=OFF(0%) Num=50.0 Sel=0 | stress: 50 temps, 0/20 sw ON, 10/10 lt ON
2026-04-11 07:59:57,661 [INFO] Broadcast 95 telegrams to 1 client(s) | Temp=25.4°C Hum=52.4% Light=OFF Dimmer=OFF(0%) Cover=100% Switch=OFF Climate=ON(22.0°C,m=0) Fan=OFF(0%) Num=50.0 Sel=0 | stress: 50 temps, 0/20 sw ON, 10/10 lt ON
2026-04-11 08:00:07,750 [INFO] Broadcast 95 telegrams to 1 client(s) | Temp=25.3°C Hum=51.9% Light=OFF Dimmer=OFF(0%) Cover=100% Switch=OFF Climate=ON(22.0°C,m=0) Fan=OFF(0%) Num=50.0 Sel=0 | stress: 50 temps, 0/20 sw ON, 10/10 lt ON
2026-04-11 08:00:17,841 [INFO] Broadcast 95 telegrams to 1 client(s) | Temp=25.6°C Hum=52.0% Light=OFF Dimmer=OFF(0%) Cover=100% Switch=OFF Climate=ON(22.0°C,m=0) Fan=OFF(0%) Num=50.0 Sel=0 | stress: 50 temps, 0/20 sw ON, 10/10 lt ON
2026-04-11 08:00:27,943 [INFO] Broadcast 95 telegrams to 1 client(s) | Temp=25.5°C Hum=52.2% Light=OFF Dimmer=OFF(0%) Cover=100% Switch=OFF Climate=ON(22.0°C,m=0) Fan=OFF(0%) Num=50.0 Sel=0 | stress: 50 temps, 0/20 sw ON, 10/10 lt ON
2026-04-11 08:00:38,033 [INFO] Broadcast 95 telegrams to 1 client(s) | Temp=25.5°C Hum=52.4% Light=OFF Dimmer=OFF(0%) Cover=100% Switch=OFF Climate=ON(22.0°C,m=0) Fan=OFF(0%) Num=50.0 Sel=0 | stress: 50 temps, 0/20 sw ON, 10/10 lt ON
2026-04-11 08:00:48,463 [INFO] Broadcast 95 telegrams to 1 client(s) | Temp=25.3°C Hum=52.7% Light=OFF Dimmer=OFF(0%) Cover=100% Switch=OFF Climate=ON(22.0°C,m=0) Fan=OFF(0%) Num=50.0 Sel=0 | stress: 50 temps, 0/20 sw ON, 10/10 lt ON
2026-04-11 08:00:58,548 [INFO] Broadcast 95 telegrams to 1 client(s) | Temp=25.3°C Hum=52.9% Light=OFF Dimmer=OFF(0%) Cover=100% Switch=OFF Climate=ON(22.0°C,m=0) Fan=OFF(0%) Num=50.0 Sel=0 | stress: 50 temps, 0/20 sw ON, 10/10 lt ON
2026-04-11 08:01:08,646 [INFO] Broadcast 95 telegrams to 1 client(s) | Temp=25.3°C Hum=53.1% Light=OFF Dimmer=OFF(0%) Cover=100% Switch=OFF Climate=ON(22.0°C,m=0) Fan=OFF(0%) Num=50.0 Sel=0 | stress: 50 temps, 0/20 sw ON, 10/10 lt ON
2026-04-11 08:01:18,752 [INFO] Broadcast 95 telegrams to 1 client(s) | Temp=25.2°C Hum=52.9% Light=OFF Dimmer=OFF(0%) Cover=100% Switch=OFF Climate=ON(22.0°C,m=0) Fan=OFF(0%) Num=50.0 Sel=0 | stress: 50 temps, 0/20 sw ON, 10/10 lt ON
2026-04-11 08:01:28,850 [INFO] Broadcast 95 telegrams to 1 client(s) | Temp=25.2°C Hum=53.3% Light=OFF Dimmer=OFF(0%) Cover=100% Switch=OFF Climate=ON(22.0°C,m=0) Fan=OFF(0%) Num=50.0 Sel=0 | stress: 50 temps, 0/20 sw ON, 10/10 lt ON
2026-04-11 08:01:38,939 [INFO] Broadcast 95 telegrams to 1 client(s) | Temp=25.2°C Hum=53.1% Light=OFF Dimmer=OFF(0%) Cover=100% Switch=OFF Climate=ON(22.0°C,m=0) Fan=OFF(0%) Num=50.0 Sel=0 | stress: 50 temps, 0/20 sw ON, 10/10 lt ON
2026-04-11 08:01:49,042 [INFO] Broadcast 95 telegrams to 1 client(s) | Temp=25.4°C Hum=52.7% Light=OFF Dimmer=OFF(0%) Cover=100% Switch=OFF Climate=ON(22.0°C,m=0) Fan=OFF(0%) Num=50.0 Sel=0 | stress: 50 temps, 0/20 sw ON, 10/10 lt ON
2026-04-11 08:01:59,470 [INFO] Broadcast 95 telegrams to 1 client(s) | Temp=25.7°C Hum=52.4% Light=OFF Dimmer=OFF(0%) Cover=100% Switch=OFF Climate=ON(22.0°C,m=0) Fan=OFF(0%) Num=50.0 Sel=0 | stress: 50 temps, 0/20 sw ON, 10/10 lt ON
2026-04-11 08:02:09,585 [INFO] Broadcast 95 telegrams to 1 client(s) | Temp=25.6°C Hum=52.5% Light=OFF Dimmer=OFF(0%) Cover=100% Switch=OFF Climate=ON(22.0°C,m=0) Fan=OFF(0%) Num=50.0 Sel=0 | stress: 50 temps, 0/20 sw ON, 10/10 lt ON
2026-04-11 08:02:19,677 [INFO] Broadcast 95 telegrams to 1 client(s) | Temp=25.4°C Hum=52.6% Light=OFF Dimmer=OFF(0%) Cover=100% Switch=OFF Climate=ON(22.0°C,m=0) Fan=OFF(0%) Num=50.0 Sel=0 | stress: 50 temps, 0/20 sw ON, 10/10 lt ON
2026-04-11 08:02:29,762 [INFO] Broadcast 95 telegrams to 1 client(s) | Temp=25.6°C Hum=52.7% Light=OFF Dimmer=OFF(0%) Cover=100% Switch=OFF Climate=ON(22.0°C,m=0) Fan=OFF(0%) Num=50.0 Sel=0 | stress: 50 temps, 0/20 sw ON, 10/10 lt ON
2026-04-11 08:02:39,864 [INFO] Broadcast 95 telegrams to 1 client(s) | Temp=25.4°C Hum=52.3% Light=OFF Dimmer=OFF(0%) Cover=100% Switch=OFF Climate=ON(22.0°C,m=0) Fan=OFF(0%) Num=50.0 Sel=0 | stress: 50 temps, 0/20 sw ON, 10/10 lt ON
2026-04-11 08:02:49,957 [INFO] Broadcast 95 telegrams to 1 client(s) | Temp=25.7°C Hum=52.2% Light=OFF Dimmer=OFF(0%) Cover=100% Switch=OFF Climate=ON(22.0°C,m=0) Fan=OFF(0%) Num=50.0 Sel=0 | stress: 50 temps, 0/20 sw ON, 10/10 lt ON
2026-04-11 08:03:00,047 [INFO] Broadcast 95 telegrams to 1 client(s) | Temp=25.8°C Hum=52.7% Light=OFF Dimmer=OFF(0%) Cover=100% Switch=OFF Climate=ON(22.0°C,m=0) Fan=OFF(0%) Num=50.0 Sel=0 | stress: 50 temps, 0/20 sw ON, 10/10 lt ON
2026-04-11 08:03:10,475 [INFO] Broadcast 95 telegrams to 1 client(s) | Temp=25.6°C Hum=52.4% Light=OFF Dimmer=OFF(0%) Cover=100% Switch=OFF Climate=ON(22.0°C,m=0) Fan=OFF(0%) Num=50.0 Sel=0 | stress: 50 temps, 0/20 sw ON, 10/10 lt ON
2026-04-11 08:03:20,563 [INFO] Broadcast 95 telegrams to 1 client(s) | Temp=25.6°C Hum=52.6% Light=OFF Dimmer=OFF(0%) Cover=100% Switch=OFF Climate=ON(22.0°C,m=0) Fan=OFF(0%) Num=50.0 Sel=0 | stress: 50 temps, 0/20 sw ON, 10/10 lt ON
2026-04-11 08:03:30,681 [INFO] Broadcast 95 telegrams to 1 client(s) | Temp=25.4°C Hum=52.8% Light=OFF Dimmer=OFF(0%) Cover=100% Switch=OFF Climate=ON(22.0°C,m=0) Fan=OFF(0%) Num=50.0 Sel=0 | stress: 50 temps, 0/20 sw ON, 10/10 lt ON
2026-04-11 08:03:40,760 [INFO] Broadcast 95 telegrams to 1 client(s) | Temp=25.4°C Hum=52.7% Light=OFF Dimmer=OFF(0%) Cover=100% Switch=OFF Climate=ON(22.0°C,m=0) Fan=OFF(0%) Num=50.0 Sel=0 | stress: 50 temps, 0/20 sw ON, 10/10 lt ON
2026-04-11 08:03:50,847 [INFO] Broadcast 95 telegrams to 1 client(s) | Temp=25.5°C Hum=53.1% Light=OFF Dimmer=OFF(0%) Cover=100% Switch=OFF Climate=ON(22.0°C,m=0) Fan=OFF(0%) Num=50.0 Sel=0 | stress: 50 temps, 0/20 sw ON, 10/10 lt ON
2026-04-11 08:04:00,949 [INFO] Broadcast 95 telegrams to 1 client(s) | Temp=25.8°C Hum=53.6% Light=OFF Dimmer=OFF(0%) Cover=100% Switch=OFF Climate=ON(22.0°C,m=0) Fan=OFF(0%) Num=50.0 Sel=0 | stress: 50 temps, 0/20 sw ON, 10/10 lt ON
2026-04-11 08:04:11,026 [INFO] Broadcast 95 telegrams to 1 client(s) | Temp=25.5°C Hum=53.6% Light=OFF Dimmer=OFF(0%) Cover=100% Switch=OFF Climate=ON(22.0°C,m=0) Fan=OFF(0%) Num=50.0 Sel=0 | stress: 50 temps, 0/20 sw ON, 10/10 lt ON
2026-04-11 08:04:21,481 [INFO] Broadcast 95 telegrams to 1 client(s) | Temp=25.8°C Hum=53.6% Light=OFF Dimmer=OFF(0%) Cover=100% Switch=OFF Climate=ON(22.0°C,m=0) Fan=OFF(0%) Num=50.0 Sel=0 | stress: 50 temps, 0/20 sw ON, 10/10 lt ON
2026-04-11 08:04:31,561 [INFO] Broadcast 95 telegrams to 1 client(s) | Temp=25.7°C Hum=54.1% Light=OFF Dimmer=OFF(0%) Cover=100% Switch=OFF Climate=ON(22.0°C,m=0) Fan=OFF(0%) Num=50.0 Sel=0 | stress: 50 temps, 0/20 sw ON, 10/10 lt ON
2026-04-11 08:04:41,655 [INFO] Broadcast 95 telegrams to 1 client(s) | Temp=25.9°C Hum=54.6% Light=OFF Dimmer=OFF(0%) Cover=100% Switch=OFF Climate=ON(22.0°C,m=0) Fan=OFF(0%) Num=50.0 Sel=0 | stress: 50 temps, 0/20 sw ON, 10/10 lt ON
2026-04-11 08:04:51,745 [INFO] Broadcast 95 telegrams to 1 client(s) | Temp=26.2°C Hum=54.7% Light=OFF Dimmer=OFF(0%) Cover=100% Switch=OFF Climate=ON(22.0°C,m=0) Fan=OFF(0%) Num=50.0 Sel=0 | stress: 50 temps, 0/20 sw ON, 10/10 lt ON
2026-04-11 08:05:01,836 [INFO] Broadcast 95 telegrams to 1 client(s) | Temp=26.4°C Hum=55.1% Light=OFF Dimmer=OFF(0%) Cover=100% Switch=OFF Climate=ON(22.0°C,m=0) Fan=OFF(0%) Num=50.0 Sel=0 | stress: 50 temps, 0/20 sw ON, 10/10 lt ON
2026-04-11 08:05:11,922 [INFO] Broadcast 95 telegrams to 1 client(s) | Temp=26.4°C Hum=55.3% Light=OFF Dimmer=OFF(0%) Cover=100% Switch=OFF Climate=ON(22.0°C,m=0) Fan=OFF(0%) Num=50.0 Sel=0 | stress: 50 temps, 0/20 sw ON, 10/10 lt ON
2026-04-11 08:05:22,040 [INFO] Broadcast 95 telegrams to 1 client(s) | Temp=26.7°C Hum=55.1% Light=OFF Dimmer=OFF(0%) Cover=100% Switch=OFF Climate=ON(22.0°C,m=0) Fan=OFF(0%) Num=50.0 Sel=0 | stress: 50 temps, 0/20 sw ON, 10/10 lt ON
2026-04-11 08:05:32,487 [INFO] Broadcast 95 telegrams to 1 client(s) | Temp=26.8°C Hum=55.2% Light=OFF Dimmer=OFF(0%) Cover=100% Switch=OFF Climate=ON(22.0°C,m=0) Fan=OFF(0%) Num=50.0 Sel=0 | stress: 50 temps, 0/20 sw ON, 10/10 lt ON
2026-04-11 08:05:42,604 [INFO] Broadcast 95 telegrams to 1 client(s) | Temp=27.0°C Hum=55.4% Light=OFF Dimmer=OFF(0%) Cover=100% Switch=OFF Climate=ON(22.0°C,m=0) Fan=OFF(0%) Num=50.0 Sel=0 | stress: 50 temps, 0/20 sw ON, 10/10 lt ON
2026-04-11 08:05:52,699 [INFO] Broadcast 95 telegrams to 1 client(s) | Temp=26.8°C Hum=55.3% Light=OFF Dimmer=OFF(0%) Cover=100% Switch=OFF Climate=ON(22.0°C,m=0) Fan=OFF(0%) Num=50.0 Sel=0 | stress: 50 temps, 0/20 sw ON, 10/10 lt ON
2026-04-11 08:06:02,785 [INFO] Broadcast 95 telegrams to 1 client(s) | Temp=26.8°C Hum=55.4% Light=OFF Dimmer=OFF(0%) Cover=100% Switch=OFF Climate=ON(22.0°C,m=0) Fan=OFF(0%) Num=50.0 Sel=0 | stress: 50 temps, 0/20 sw ON, 10/10 lt ON
2026-04-11 08:06:12,911 [INFO] Broadcast 95 telegrams to 1 client(s) | Temp=26.7°C Hum=55.1% Light=OFF Dimmer=OFF(0%) Cover=100% Switch=OFF Climate=ON(22.0°C,m=0) Fan=OFF(0%) Num=50.0 Sel=0 | stress: 50 temps, 0/20 sw ON, 10/10 lt ON
2026-04-11 08:06:23,015 [INFO] Broadcast 95 telegrams to 1 client(s) | Temp=26.5°C Hum=54.9% Light=OFF Dimmer=OFF(0%) Cover=100% Switch=OFF Climate=ON(22.0°C,m=0) Fan=OFF(0%) Num=50.0 Sel=0 | stress: 50 temps, 0/20 sw ON, 10/10 lt ON
2026-04-11 08:06:33,099 [INFO] Broadcast 95 telegrams to 1 client(s) | Temp=26.6°C Hum=55.2% Light=OFF Dimmer=OFF(0%) Cover=100% Switch=OFF Climate=ON(22.0°C,m=0) Fan=OFF(0%) Num=50.0 Sel=0 | stress: 50 temps, 0/20 sw ON, 10/10 lt ON
2026-04-11 08:06:43,490 [INFO] Broadcast 95 telegrams to 1 client(s) | Temp=26.3°C Hum=55.5% Light=OFF Dimmer=OFF(0%) Cover=100% Switch=OFF Climate=ON(22.0°C,m=0) Fan=OFF(0%) Num=50.0 Sel=0 | stress: 50 temps, 0/20 sw ON, 10/10 lt ON
2026-04-11 08:06:53,582 [INFO] Broadcast 95 telegrams to 1 client(s) | Temp=26.1°C Hum=55.7% Light=OFF Dimmer=OFF(0%) Cover=100% Switch=OFF Climate=ON(22.0°C,m=0) Fan=OFF(0%) Num=50.0 Sel=0 | stress: 50 temps, 0/20 sw ON, 10/10 lt ON
2026-04-11 08:07:03,699 [INFO] Broadcast 95 telegrams to 1 client(s) | Temp=26.1°C Hum=55.7% Light=OFF Dimmer=OFF(0%) Cover=100% Switch=OFF Climate=ON(22.0°C,m=0) Fan=OFF(0%) Num=50.0 Sel=0 | stress: 50 temps, 0/20 sw ON, 10/10 lt ON
2026-04-11 08:07:13,784 [INFO] Broadcast 95 telegrams to 1 client(s) | Temp=26.0°C Hum=55.2% Light=OFF Dimmer=OFF(0%) Cover=100% Switch=OFF Climate=ON(22.0°C,m=0) Fan=OFF(0%) Num=50.0 Sel=0 | stress: 50 temps, 0/20 sw ON, 10/10 lt ON
2026-04-11 08:07:23,886 [INFO] Broadcast 95 telegrams to 1 client(s) | Temp=25.8°C Hum=54.8% Light=OFF Dimmer=OFF(0%) Cover=100% Switch=OFF Climate=ON(22.0°C,m=0) Fan=OFF(0%) Num=50.0 Sel=0 | stress: 50 temps, 0/20 sw ON, 10/10 lt ON
2026-04-11 08:07:34,012 [INFO] Broadcast 95 telegrams to 1 client(s) | Temp=25.7°C Hum=54.7% Light=OFF Dimmer=OFF(0%) Cover=100% Switch=OFF Climate=ON(22.0°C,m=0) Fan=OFF(0%) Num=50.0 Sel=0 | stress: 50 temps, 0/20 sw ON, 10/10 lt ON
2026-04-11 08:07:44,490 [INFO] Broadcast 95 telegrams to 1 client(s) | Temp=25.8°C Hum=54.7% Light=OFF Dimmer=OFF(0%) Cover=100% Switch=OFF Climate=ON(22.0°C,m=0) Fan=OFF(0%) Num=50.0 Sel=0 | stress: 50 temps, 0/20 sw ON, 10/10 lt ON
2026-04-11 08:07:54,628 [INFO] Broadcast 95 telegrams to 1 client(s) | Temp=25.7°C Hum=54.8% Light=OFF Dimmer=OFF(0%) Cover=100% Switch=OFF Climate=ON(22.0°C,m=0) Fan=OFF(0%) Num=50.0 Sel=0 | stress: 50 temps, 0/20 sw ON, 10/10 lt ON
2026-04-11 08:08:04,732 [INFO] Broadcast 95 telegrams to 1 client(s) | Temp=25.8°C Hum=54.7% Light=OFF Dimmer=OFF(0%) Cover=100% Switch=OFF Climate=ON(22.0°C,m=0) Fan=OFF(0%) Num=50.0 Sel=0 | stress: 50 temps, 0/20 sw ON, 10/10 lt ON
2026-04-11 08:08:14,825 [INFO] Broadcast 95 telegrams to 1 client(s) | Temp=25.8°C Hum=54.6% Light=OFF Dimmer=OFF(0%) Cover=100% Switch=OFF Climate=ON(22.0°C,m=0) Fan=OFF(0%) Num=50.0 Sel=0 | stress: 50 temps, 0/20 sw ON, 10/10 lt ON
2026-04-11 08:08:24,934 [INFO] Broadcast 95 telegrams to 1 client(s) | Temp=25.5°C Hum=54.9% Light=OFF Dimmer=OFF(0%) Cover=100% Switch=OFF Climate=ON(22.0°C,m=0) Fan=OFF(0%) Num=50.0 Sel=0 | stress: 50 temps, 0/20 sw ON, 10/10 lt ON
2026-04-11 08:08:35,020 [INFO] Broadcast 95 telegrams to 1 client(s) | Temp=25.7°C Hum=54.6% Light=OFF Dimmer=OFF(0%) Cover=100% Switch=OFF Climate=ON(22.0°C,m=0) Fan=OFF(0%) Num=50.0 Sel=0 | stress: 50 temps, 0/20 sw ON, 10/10 lt ON
2026-04-11 08:08:45,105 [INFO] Broadcast 95 telegrams to 1 client(s) | Temp=25.5°C Hum=54.2% Light=OFF Dimmer=OFF(0%) Cover=100% Switch=OFF Climate=ON(22.0°C,m=0) Fan=OFF(0%) Num=50.0 Sel=0 | stress: 50 temps, 0/20 sw ON, 10/10 lt ON
2026-04-11 08:08:55,500 [INFO] Broadcast 95 telegrams to 1 client(s) | Temp=25.5°C Hum=53.9% Light=OFF Dimmer=OFF(0%) Cover=100% Switch=OFF Climate=ON(22.0°C,m=0) Fan=OFF(0%) Num=50.0 Sel=0 | stress: 50 temps, 0/20 sw ON, 10/10 lt ON
2026-04-11 08:09:05,600 [INFO] Broadcast 95 telegrams to 1 client(s) | Temp=25.3°C Hum=53.6% Light=OFF Dimmer=OFF(0%) Cover=100% Switch=OFF Climate=ON(22.0°C,m=0) Fan=OFF(0%) Num=50.0 Sel=0 | stress: 50 temps, 0/20 sw ON, 10/10 lt ON
2026-04-11 08:09:15,710 [INFO] Broadcast 95 telegrams to 1 client(s) | Temp=25.5°C Hum=53.7% Light=OFF Dimmer=OFF(0%) Cover=100% Switch=OFF Climate=ON(22.0°C,m=0) Fan=OFF(0%) Num=50.0 Sel=0 | stress: 50 temps, 0/20 sw ON, 10/10 lt ON
2026-04-11 08:09:25,794 [INFO] Broadcast 95 telegrams to 1 client(s) | Temp=25.5°C Hum=53.9% Light=OFF Dimmer=OFF(0%) Cover=100% Switch=OFF Climate=ON(22.0°C,m=0) Fan=OFF(0%) Num=50.0 Sel=0 | stress: 50 temps, 0/20 sw ON, 10/10 lt ON
2026-04-11 08:09:35,876 [INFO] Broadcast 95 telegrams to 1 client(s) | Temp=25.3°C Hum=53.4% Light=OFF Dimmer=OFF(0%) Cover=100% Switch=OFF Climate=ON(22.0°C,m=0) Fan=OFF(0%) Num=50.0 Sel=0 | stress: 50 temps, 0/20 sw ON, 10/10 lt ON
2026-04-11 08:09:45,977 [INFO] Broadcast 95 telegrams to 1 client(s) | Temp=25.2°C Hum=53.4% Light=OFF Dimmer=OFF(0%) Cover=100% Switch=OFF Climate=ON(22.0°C,m=0) Fan=OFF(0%) Num=50.0 Sel=0 | stress: 50 temps, 0/20 sw ON, 10/10 lt ON
2026-04-11 08:09:56,073 [INFO] Broadcast 95 telegrams to 1 client(s) | Temp=25.3°C Hum=53.1% Light=OFF Dimmer=OFF(0%) Cover=100% Switch=OFF Climate=ON(22.0°C,m=0) Fan=OFF(0%) Num=50.0 Sel=0 | stress: 50 temps, 0/20 sw ON, 10/10 lt ON
2026-04-11 08:10:06,512 [INFO] Broadcast 95 telegrams to 1 client(s) | Temp=25.1°C Hum=52.7% Light=OFF Dimmer=OFF(0%) Cover=100% Switch=OFF Climate=ON(22.0°C,m=0) Fan=OFF(0%) Num=50.0 Sel=0 | stress: 50 temps, 0/20 sw ON, 10/10 lt ON
2026-04-11 08:10:16,616 [INFO] Broadcast 95 telegrams to 1 client(s) | Temp=25.2°C Hum=53.0% Light=OFF Dimmer=OFF(0%) Cover=100% Switch=OFF Climate=ON(22.0°C,m=0) Fan=OFF(0%) Num=50.0 Sel=0 | stress: 50 temps, 0/20 sw ON, 10/10 lt ON
2026-04-11 08:10:26,697 [INFO] Broadcast 95 telegrams to 1 client(s) | Temp=25.4°C Hum=52.9% Light=OFF Dimmer=OFF(0%) Cover=100% Switch=OFF Climate=ON(22.0°C,m=0) Fan=OFF(0%) Num=50.0 Sel=0 | stress: 50 temps, 0/20 sw ON, 10/10 lt ON
2026-04-11 08:10:36,786 [INFO] Broadcast 95 telegrams to 1 client(s) | Temp=25.2°C Hum=53.1% Light=OFF Dimmer=OFF(0%) Cover=100% Switch=OFF Climate=ON(22.0°C,m=0) Fan=OFF(0%) Num=50.0 Sel=0 | stress: 50 temps, 0/20 sw ON, 10/10 lt ON
2026-04-11 08:10:46,880 [INFO] Broadcast 95 telegrams to 1 client(s) | Temp=25.3°C Hum=53.4% Light=OFF Dimmer=OFF(0%) Cover=100% Switch=OFF Climate=ON(22.0°C,m=0) Fan=OFF(0%) Num=50.0 Sel=0 | stress: 50 temps, 0/20 sw ON, 10/10 lt ON
2026-04-11 08:10:56,961 [INFO] Broadcast 95 telegrams to 1 client(s) | Temp=25.0°C Hum=53.7% Light=OFF Dimmer=OFF(0%) Cover=100% Switch=OFF Climate=ON(22.0°C,m=0) Fan=OFF(0%) Num=50.0 Sel=0 | stress: 50 temps, 0/20 sw ON, 10/10 lt ON
2026-04-11 08:11:07,077 [INFO] Broadcast 95 telegrams to 1 client(s) | Temp=25.3°C Hum=53.4% Light=OFF Dimmer=OFF(0%) Cover=100% Switch=OFF Climate=ON(22.0°C,m=0) Fan=OFF(0%) Num=50.0 Sel=0 | stress: 50 temps, 0/20 sw ON, 10/10 lt ON
2026-04-11 08:11:17,520 [INFO] Broadcast 95 telegrams to 1 client(s) | Temp=25.3°C Hum=53.2% Light=OFF Dimmer=OFF(0%) Cover=100% Switch=OFF Climate=ON(22.0°C,m=0) Fan=OFF(0%) Num=50.0 Sel=0 | stress: 50 temps, 0/20 sw ON, 10/10 lt ON
2026-04-11 08:11:27,633 [INFO] Broadcast 95 telegrams to 1 client(s) | Temp=25.1°C Hum=52.9% Light=OFF Dimmer=OFF(0%) Cover=100% Switch=OFF Climate=ON(22.0°C,m=0) Fan=OFF(0%) Num=50.0 Sel=0 | stress: 50 temps, 0/20 sw ON, 10/10 lt ON
2026-04-11 08:11:37,724 [INFO] Broadcast 95 telegrams to 1 client(s) | Temp=24.8°C Hum=52.8% Light=OFF Dimmer=OFF(0%) Cover=100% Switch=OFF Climate=ON(22.0°C,m=0) Fan=OFF(0%) Num=50.0 Sel=0 | stress: 50 temps, 0/20 sw ON, 10/10 lt ON
2026-04-11 08:11:47,801 [INFO] Broadcast 95 telegrams to 1 client(s) | Temp=24.9°C Hum=52.7% Light=OFF Dimmer=OFF(0%) Cover=100% Switch=OFF Climate=ON(22.0°C,m=0) Fan=OFF(0%) Num=50.0 Sel=0 | stress: 50 temps, 0/20 sw ON, 10/10 lt ON
2026-04-11 08:11:57,883 [INFO] Broadcast 95 telegrams to 1 client(s) | Temp=25.0°C Hum=53.2% Light=OFF Dimmer=OFF(0%) Cover=100% Switch=OFF Climate=ON(22.0°C,m=0) Fan=OFF(0%) Num=50.0 Sel=0 | stress: 50 temps, 0/20 sw ON, 10/10 lt ON
2026-04-11 08:12:07,975 [INFO] Broadcast 95 telegrams to 1 client(s) | Temp=24.8°C Hum=53.1% Light=OFF Dimmer=OFF(0%) Cover=100% Switch=OFF Climate=ON(22.0°C,m=0) Fan=OFF(0%) Num=50.0 Sel=0 | stress: 50 temps, 0/20 sw ON, 10/10 lt ON
2026-04-11 08:12:18,068 [INFO] Broadcast 95 telegrams to 1 client(s) | Temp=24.8°C Hum=53.0% Light=OFF Dimmer=OFF(0%) Cover=100% Switch=OFF Climate=ON(22.0°C,m=0) Fan=OFF(0%) Num=50.0 Sel=0 | stress: 50 temps, 0/20 sw ON, 10/10 lt ON
2026-04-11 08:12:28,530 [INFO] Broadcast 95 telegrams to 1 client(s) | Temp=25.1°C Hum=52.6% Light=OFF Dimmer=OFF(0%) Cover=100% Switch=OFF Climate=ON(22.0°C,m=0) Fan=OFF(0%) Num=50.0 Sel=0 | stress: 50 temps, 0/20 sw ON, 10/10 lt ON
2026-04-11 08:12:38,628 [INFO] Broadcast 95 telegrams to 1 client(s) | Temp=25.3°C Hum=52.9% Light=OFF Dimmer=OFF(0%) Cover=100% Switch=OFF Climate=ON(22.0°C,m=0) Fan=OFF(0%) Num=50.0 Sel=0 | stress: 50 temps, 0/20 sw ON, 10/10 lt ON
2026-04-11 08:12:48,732 [INFO] Broadcast 95 telegrams to 1 client(s) | Temp=25.4°C Hum=52.4% Light=OFF Dimmer=OFF(0%) Cover=100% Switch=OFF Climate=ON(22.0°C,m=0) Fan=OFF(0%) Num=50.0 Sel=0 | stress: 50 temps, 0/20 sw ON, 10/10 lt ON
2026-04-11 08:12:58,817 [INFO] Broadcast 95 telegrams to 1 client(s) | Temp=25.5°C Hum=52.1% Light=OFF Dimmer=OFF(0%) Cover=100% Switch=OFF Climate=ON(22.0°C,m=0) Fan=OFF(0%) Num=50.0 Sel=0 | stress: 50 temps, 0/20 sw ON, 10/10 lt ON
2026-04-11 08:13:08,918 [INFO] Broadcast 95 telegrams to 1 client(s) | Temp=25.2°C Hum=52.0% Light=OFF Dimmer=OFF(0%) Cover=100% Switch=OFF Climate=ON(22.0°C,m=0) Fan=OFF(0%) Num=50.0 Sel=0 | stress: 50 temps, 0/20 sw ON, 10/10 lt ON
2026-04-11 08:13:19,035 [INFO] Broadcast 95 telegrams to 1 client(s) | Temp=25.4°C Hum=51.7% Light=OFF Dimmer=OFF(0%) Cover=100% Switch=OFF Climate=ON(22.0°C,m=0) Fan=OFF(0%) Num=50.0 Sel=0 | stress: 50 temps, 0/20 sw ON, 10/10 lt ON
2026-04-11 08:13:29,119 [INFO] Broadcast 95 telegrams to 1 client(s) | Temp=25.4°C Hum=51.9% Light=OFF Dimmer=OFF(0%) Cover=100% Switch=OFF Climate=ON(22.0°C,m=0) Fan=OFF(0%) Num=50.0 Sel=0 | stress: 50 temps, 0/20 sw ON, 10/10 lt ON
2026-04-11 08:13:39,536 [INFO] Broadcast 95 telegrams to 1 client(s) | Temp=25.5°C Hum=52.2% Light=OFF Dimmer=OFF(0%) Cover=100% Switch=OFF Climate=ON(22.0°C,m=0) Fan=OFF(0%) Num=50.0 Sel=0 | stress: 50 temps, 0/20 sw ON, 10/10 lt ON
2026-04-11 08:13:49,623 [INFO] Broadcast 95 telegrams to 1 client(s) | Temp=25.5°C Hum=52.3% Light=OFF Dimmer=OFF(0%) Cover=100% Switch=OFF Climate=ON(22.0°C,m=0) Fan=OFF(0%) Num=50.0 Sel=0 | stress: 50 temps, 0/20 sw ON, 10/10 lt ON
2026-04-11 08:13:59,703 [INFO] Broadcast 95 telegrams to 1 client(s) | Temp=25.3°C Hum=52.3% Light=OFF Dimmer=OFF(0%) Cover=100% Switch=OFF Climate=ON(22.0°C,m=0) Fan=OFF(0%) Num=50.0 Sel=0 | stress: 50 temps, 0/20 sw ON, 10/10 lt ON
2026-04-11 08:14:09,793 [INFO] Broadcast 95 telegrams to 1 client(s) | Temp=25.6°C Hum=52.6% Light=OFF Dimmer=OFF(0%) Cover=100% Switch=OFF Climate=ON(22.0°C,m=0) Fan=OFF(0%) Num=50.0 Sel=0 | stress: 50 temps, 0/20 sw ON, 10/10 lt ON
2026-04-11 08:14:19,890 [INFO] Broadcast 95 telegrams to 1 client(s) | Temp=25.7°C Hum=52.9% Light=OFF Dimmer=OFF(0%) Cover=100% Switch=OFF Climate=ON(22.0°C,m=0) Fan=OFF(0%) Num=50.0 Sel=0 | stress: 50 temps, 0/20 sw ON, 10/10 lt ON
2026-04-11 08:14:29,987 [INFO] Broadcast 95 telegrams to 1 client(s) | Temp=25.9°C Hum=53.0% Light=OFF Dimmer=OFF(0%) Cover=100% Switch=OFF Climate=ON(22.0°C,m=0) Fan=OFF(0%) Num=50.0 Sel=0 | stress: 50 temps, 0/20 sw ON, 10/10 lt ON
2026-04-11 08:14:40,075 [INFO] Broadcast 95 telegrams to 1 client(s) | Temp=25.7°C Hum=53.4% Light=OFF Dimmer=OFF(0%) Cover=100% Switch=OFF Climate=ON(22.0°C,m=0) Fan=OFF(0%) Num=50.0 Sel=0 | stress: 50 temps, 0/20 sw ON, 10/10 lt ON
2026-04-11 08:14:50,544 [INFO] Broadcast 95 telegrams to 1 client(s) | Temp=25.7°C Hum=53.3% Light=OFF Dimmer=OFF(0%) Cover=100% Switch=OFF Climate=ON(22.0°C,m=0) Fan=OFF(0%) Num=50.0 Sel=0 | stress: 50 temps, 0/20 sw ON, 10/10 lt ON
2026-04-11 08:15:00,665 [INFO] Broadcast 95 telegrams to 1 client(s) | Temp=25.4°C Hum=53.5% Light=OFF Dimmer=OFF(0%) Cover=100% Switch=OFF Climate=ON(22.0°C,m=0) Fan=OFF(0%) Num=50.0 Sel=0 | stress: 50 temps, 0/20 sw ON, 10/10 lt ON
2026-04-11 08:15:10,763 [INFO] Broadcast 95 telegrams to 1 client(s) | Temp=25.6°C Hum=53.9% Light=OFF Dimmer=OFF(0%) Cover=100% Switch=OFF Climate=ON(22.0°C,m=0) Fan=OFF(0%) Num=50.0 Sel=0 | stress: 50 temps, 0/20 sw ON, 10/10 lt ON
2026-04-11 08:15:20,855 [INFO] Broadcast 95 telegrams to 1 client(s) | Temp=25.5°C Hum=53.8% Light=OFF Dimmer=OFF(0%) Cover=100% Switch=OFF Climate=ON(22.0°C,m=0) Fan=OFF(0%) Num=50.0 Sel=0 | stress: 50 temps, 0/20 sw ON, 10/10 lt ON
2026-04-11 08:15:30,968 [INFO] Broadcast 95 telegrams to 1 client(s) | Temp=25.7°C Hum=53.7% Light=OFF Dimmer=OFF(0%) Cover=100% Switch=OFF Climate=ON(22.0°C,m=0) Fan=OFF(0%) Num=50.0 Sel=0 | stress: 50 temps, 0/20 sw ON, 10/10 lt ON
2026-04-11 08:15:41,059 [INFO] Broadcast 95 telegrams to 1 client(s) | Temp=25.4°C Hum=53.4% Light=OFF Dimmer=OFF(0%) Cover=100% Switch=OFF Climate=ON(22.0°C,m=0) Fan=OFF(0%) Num=50.0 Sel=0 | stress: 50 temps, 0/20 sw ON, 10/10 lt ON
2026-04-11 08:15:51,145 [INFO] Broadcast 95 telegrams to 1 client(s) | Temp=25.3°C Hum=53.1% Light=OFF Dimmer=OFF(0%) Cover=100% Switch=OFF Climate=ON(22.0°C,m=0) Fan=OFF(0%) Num=50.0 Sel=0 | stress: 50 temps, 0/20 sw ON, 10/10 lt ON
2026-04-11 08:16:01,549 [INFO] Broadcast 95 telegrams to 1 client(s) | Temp=25.4°C Hum=52.9% Light=OFF Dimmer=OFF(0%) Cover=100% Switch=OFF Climate=ON(22.0°C,m=0) Fan=OFF(0%) Num=50.0 Sel=0 | stress: 50 temps, 0/20 sw ON, 10/10 lt ON
2026-04-11 08:16:11,637 [INFO] Broadcast 95 telegrams to 1 client(s) | Temp=25.6°C Hum=53.2% Light=OFF Dimmer=OFF(0%) Cover=100% Switch=OFF Climate=ON(22.0°C,m=0) Fan=OFF(0%) Num=50.0 Sel=0 | stress: 50 temps, 0/20 sw ON, 10/10 lt ON
2026-04-11 08:16:21,721 [INFO] Broadcast 95 telegrams to 1 client(s) | Temp=25.8°C Hum=53.6% Light=OFF Dimmer=OFF(0%) Cover=100% Switch=OFF Climate=ON(22.0°C,m=0) Fan=OFF(0%) Num=50.0 Sel=0 | stress: 50 temps, 0/20 sw ON, 10/10 lt ON
2026-04-11 08:16:31,827 [INFO] Broadcast 95 telegrams to 1 client(s) | Temp=26.1°C Hum=53.3% Light=OFF Dimmer=OFF(0%) Cover=100% Switch=OFF Climate=ON(22.0°C,m=0) Fan=OFF(0%) Num=50.0 Sel=0 | stress: 50 temps, 0/20 sw ON, 10/10 lt ON
2026-04-11 08:16:41,931 [INFO] Broadcast 95 telegrams to 1 client(s) | Temp=26.3°C Hum=53.1% Light=OFF Dimmer=OFF(0%) Cover=100% Switch=OFF Climate=ON(22.0°C,m=0) Fan=OFF(0%) Num=50.0 Sel=0 | stress: 50 temps, 0/20 sw ON, 10/10 lt ON
2026-04-11 08:16:52,020 [INFO] Broadcast 95 telegrams to 1 client(s) | Temp=26.1°C Hum=53.2% Light=OFF Dimmer=OFF(0%) Cover=100% Switch=OFF Climate=ON(22.0°C,m=0) Fan=OFF(0%) Num=50.0 Sel=0 | stress: 50 temps, 0/20 sw ON, 10/10 lt ON
2026-04-11 08:17:02,108 [INFO] Broadcast 95 telegrams to 1 client(s) | Temp=26.1°C Hum=53.6% Light=OFF Dimmer=OFF(0%) Cover=100% Switch=OFF Climate=ON(22.0°C,m=0) Fan=OFF(0%) Num=50.0 Sel=0 | stress: 50 temps, 0/20 sw ON, 10/10 lt ON
2026-04-11 08:17:12,555 [INFO] Broadcast 95 telegrams to 1 client(s) | Temp=26.1°C Hum=53.2% Light=OFF Dimmer=OFF(0%) Cover=100% Switch=OFF Climate=ON(22.0°C,m=0) Fan=OFF(0%) Num=50.0 Sel=0 | stress: 50 temps, 0/20 sw ON, 10/10 lt ON
2026-04-11 08:17:22,658 [INFO] Broadcast 95 telegrams to 1 client(s) | Temp=26.0°C Hum=53.4% Light=OFF Dimmer=OFF(0%) Cover=100% Switch=OFF Climate=ON(22.0°C,m=0) Fan=OFF(0%) Num=50.0 Sel=0 | stress: 50 temps, 0/20 sw ON, 10/10 lt ON
2026-04-11 08:17:32,735 [INFO] Broadcast 95 telegrams to 1 client(s) | Temp=25.8°C Hum=53.8% Light=OFF Dimmer=OFF(0%) Cover=100% Switch=OFF Climate=ON(22.0°C,m=0) Fan=OFF(0%) Num=50.0 Sel=0 | stress: 50 temps, 0/20 sw ON, 10/10 lt ON
2026-04-11 08:17:42,823 [INFO] Broadcast 95 telegrams to 1 client(s) | Temp=25.6°C Hum=53.6% Light=OFF Dimmer=OFF(0%) Cover=100% Switch=OFF Climate=ON(22.0°C,m=0) Fan=OFF(0%) Num=50.0 Sel=0 | stress: 50 temps, 0/20 sw ON, 10/10 lt ON
2026-04-11 08:17:52,912 [INFO] Broadcast 95 telegrams to 1 client(s) | Temp=25.7°C Hum=53.3% Light=OFF Dimmer=OFF(0%) Cover=100% Switch=OFF Climate=ON(22.0°C,m=0) Fan=OFF(0%) Num=50.0 Sel=0 | stress: 50 temps, 0/20 sw ON, 10/10 lt ON
2026-04-11 08:18:03,010 [INFO] Broadcast 95 telegrams to 1 client(s) | Temp=25.6°C Hum=53.5% Light=OFF Dimmer=OFF(0%) Cover=100% Switch=OFF Climate=ON(22.0°C,m=0) Fan=OFF(0%) Num=50.0 Sel=0 | stress: 50 temps, 0/20 sw ON, 10/10 lt ON
2026-04-11 08:18:13,103 [INFO] Broadcast 95 telegrams to 1 client(s) | Temp=25.7°C Hum=53.4% Light=OFF Dimmer=OFF(0%) Cover=100% Switch=OFF Climate=ON(22.0°C,m=0) Fan=OFF(0%) Num=50.0 Sel=0 | stress: 50 temps, 0/20 sw ON, 10/10 lt ON
2026-04-11 08:18:23,561 [INFO] Broadcast 95 telegrams to 1 client(s) | Temp=25.4°C Hum=52.9% Light=OFF Dimmer=OFF(0%) Cover=100% Switch=OFF Climate=ON(22.0°C,m=0) Fan=OFF(0%) Num=50.0 Sel=0 | stress: 50 temps, 0/20 sw ON, 10/10 lt ON
2026-04-11 08:18:33,674 [INFO] Broadcast 95 telegrams to 1 client(s) | Temp=25.3°C Hum=52.5% Light=OFF Dimmer=OFF(0%) Cover=100% Switch=OFF Climate=ON(22.0°C,m=0) Fan=OFF(0%) Num=50.0 Sel=0 | stress: 50 temps, 0/20 sw ON, 10/10 lt ON
2026-04-11 08:18:43,759 [INFO] Broadcast 95 telegrams to 1 client(s) | Temp=25.0°C Hum=52.1% Light=OFF Dimmer=OFF(0%) Cover=100% Switch=OFF Climate=ON(22.0°C,m=0) Fan=OFF(0%) Num=50.0 Sel=0 | stress: 50 temps, 0/20 sw ON, 10/10 lt ON
2026-04-11 08:18:53,858 [INFO] Broadcast 95 telegrams to 1 client(s) | Temp=25.1°C Hum=51.6% Light=OFF Dimmer=OFF(0%) Cover=100% Switch=OFF Climate=ON(22.0°C,m=0) Fan=OFF(0%) Num=50.0 Sel=0 | stress: 50 temps, 0/20 sw ON, 10/10 lt ON
2026-04-11 08:19:03,967 [INFO] Broadcast 95 telegrams to 1 client(s) | Temp=25.4°C Hum=51.8% Light=OFF Dimmer=OFF(0%) Cover=100% Switch=OFF Climate=ON(22.0°C,m=0) Fan=OFF(0%) Num=50.0 Sel=0 | stress: 50 temps, 0/20 sw ON, 10/10 lt ON
2026-04-11 08:19:14,051 [INFO] Broadcast 95 telegrams to 1 client(s) | Temp=25.2°C Hum=51.7% Light=OFF Dimmer=OFF(0%) Cover=100% Switch=OFF Climate=ON(22.0°C,m=0) Fan=OFF(0%) Num=50.0 Sel=0 | stress: 50 temps, 0/20 sw ON, 10/10 lt ON
2026-04-11 08:19:24,558 [INFO] Broadcast 95 telegrams to 1 client(s) | Temp=25.2°C Hum=52.1% Light=OFF Dimmer=OFF(0%) Cover=100% Switch=OFF Climate=ON(22.0°C,m=0) Fan=OFF(0%) Num=50.0 Sel=0 | stress: 50 temps, 0/20 sw ON, 10/10 lt ON
2026-04-11 08:19:34,647 [INFO] Broadcast 95 telegrams to 1 client(s) | Temp=25.4°C Hum=51.7% Light=OFF Dimmer=OFF(0%) Cover=100% Switch=OFF Climate=ON(22.0°C,m=0) Fan=OFF(0%) Num=50.0 Sel=0 | stress: 50 temps, 0/20 sw ON, 10/10 lt ON
2026-04-11 08:19:44,732 [INFO] Broadcast 95 telegrams to 1 client(s) | Temp=25.4°C Hum=51.3% Light=OFF Dimmer=OFF(0%) Cover=100% Switch=OFF Climate=ON(22.0°C,m=0) Fan=OFF(0%) Num=50.0 Sel=0 | stress: 50 temps, 0/20 sw ON, 10/10 lt ON
2026-04-11 08:19:54,815 [INFO] Broadcast 95 telegrams to 1 client(s) | Temp=25.2°C Hum=51.4% Light=OFF Dimmer=OFF(0%) Cover=100% Switch=OFF Climate=ON(22.0°C,m=0) Fan=OFF(0%) Num=50.0 Sel=0 | stress: 50 temps, 0/20 sw ON, 10/10 lt ON
2026-04-11 08:20:04,924 [INFO] Broadcast 95 telegrams to 1 client(s) | Temp=25.4°C Hum=51.0% Light=OFF Dimmer=OFF(0%) Cover=100% Switch=OFF Climate=ON(22.0°C,m=0) Fan=OFF(0%) Num=50.0 Sel=0 | stress: 50 temps, 0/20 sw ON, 10/10 lt ON
2026-04-11 08:20:15,020 [INFO] Broadcast 95 telegrams to 1 client(s) | Temp=25.6°C Hum=50.8% Light=OFF Dimmer=OFF(0%) Cover=100% Switch=OFF Climate=ON(22.0°C,m=0) Fan=OFF(0%) Num=50.0 Sel=0 | stress: 50 temps, 0/20 sw ON, 10/10 lt ON
2026-04-11 08:20:25,113 [INFO] Broadcast 95 telegrams to 1 client(s) | Temp=25.8°C Hum=51.1% Light=OFF Dimmer=OFF(0%) Cover=100% Switch=OFF Climate=ON(22.0°C,m=0) Fan=OFF(0%) Num=50.0 Sel=0 | stress: 50 temps, 0/20 sw ON, 10/10 lt ON
2026-04-11 08:20:35,571 [INFO] Broadcast 95 telegrams to 1 client(s) | Temp=25.5°C Hum=51.0% Light=OFF Dimmer=OFF(0%) Cover=100% Switch=OFF Climate=ON(22.0°C,m=0) Fan=OFF(0%) Num=50.0 Sel=0 | stress: 50 temps, 0/20 sw ON, 10/10 lt ON
2026-04-11 08:20:45,655 [INFO] Broadcast 95 telegrams to 1 client(s) | Temp=25.4°C Hum=51.0% Light=OFF Dimmer=OFF(0%) Cover=100% Switch=OFF Climate=ON(22.0°C,m=0) Fan=OFF(0%) Num=50.0 Sel=0 | stress: 50 temps, 0/20 sw ON, 10/10 lt ON
2026-04-11 08:20:55,733 [INFO] Broadcast 95 telegrams to 1 client(s) | Temp=25.5°C Hum=50.7% Light=OFF Dimmer=OFF(0%) Cover=100% Switch=OFF Climate=ON(22.0°C,m=0) Fan=OFF(0%) Num=50.0 Sel=0 | stress: 50 temps, 0/20 sw ON, 10/10 lt ON
2026-04-11 08:21:05,828 [INFO] Broadcast 95 telegrams to 1 client(s) | Temp=25.6°C Hum=51.2% Light=OFF Dimmer=OFF(0%) Cover=100% Switch=OFF Climate=ON(22.0°C,m=0) Fan=OFF(0%) Num=50.0 Sel=0 | stress: 50 temps, 0/20 sw ON, 10/10 lt ON
2026-04-11 08:21:15,941 [INFO] Broadcast 95 telegrams to 1 client(s) | Temp=25.4°C Hum=51.6% Light=OFF Dimmer=OFF(0%) Cover=100% Switch=OFF Climate=ON(22.0°C,m=0) Fan=OFF(0%) Num=50.0 Sel=0 | stress: 50 temps, 0/20 sw ON, 10/10 lt ON
2026-04-11 08:21:26,031 [INFO] Broadcast 95 telegrams to 1 client(s) | Temp=25.4°C Hum=51.3% Light=OFF Dimmer=OFF(0%) Cover=100% Switch=OFF Climate=ON(22.0°C,m=0) Fan=OFF(0%) Num=50.0 Sel=0 | stress: 50 temps, 0/20 sw ON, 10/10 lt ON
2026-04-11 08:21:36,118 [INFO] Broadcast 95 telegrams to 1 client(s) | Temp=25.6°C Hum=51.6% Light=OFF Dimmer=OFF(0%) Cover=100% Switch=OFF Climate=ON(22.0°C,m=0) Fan=OFF(0%) Num=50.0 Sel=0 | stress: 50 temps, 0/20 sw ON, 10/10 lt ON
2026-04-11 08:21:46,579 [INFO] Broadcast 95 telegrams to 1 client(s) | Temp=25.3°C Hum=51.8% Light=OFF Dimmer=OFF(0%) Cover=100% Switch=OFF Climate=ON(22.0°C,m=0) Fan=OFF(0%) Num=50.0 Sel=0 | stress: 50 temps, 0/20 sw ON, 10/10 lt ON
2026-04-11 08:21:56,673 [INFO] Broadcast 95 telegrams to 1 client(s) | Temp=25.4°C Hum=51.5% Light=OFF Dimmer=OFF(0%) Cover=100% Switch=OFF Climate=ON(22.0°C,m=0) Fan=OFF(0%) Num=50.0 Sel=0 | stress: 50 temps, 0/20 sw ON, 10/10 lt ON
2026-04-11 08:22:06,763 [INFO] Broadcast 95 telegrams to 1 client(s) | Temp=25.5°C Hum=51.5% Light=OFF Dimmer=OFF(0%) Cover=100% Switch=OFF Climate=ON(22.0°C,m=0) Fan=OFF(0%) Num=50.0 Sel=0 | stress: 50 temps, 0/20 sw ON, 10/10 lt ON
2026-04-11 08:22:16,858 [INFO] Broadcast 95 telegrams to 1 client(s) | Temp=25.2°C Hum=51.7% Light=OFF Dimmer=OFF(0%) Cover=100% Switch=OFF Climate=ON(22.0°C,m=0) Fan=OFF(0%) Num=50.0 Sel=0 | stress: 50 temps, 0/20 sw ON, 10/10 lt ON
2026-04-11 08:22:26,950 [INFO] Broadcast 95 telegrams to 1 client(s) | Temp=25.5°C Hum=51.7% Light=OFF Dimmer=OFF(0%) Cover=100% Switch=OFF Climate=ON(22.0°C,m=0) Fan=OFF(0%) Num=50.0 Sel=0 | stress: 50 temps, 0/20 sw ON, 10/10 lt ON
2026-04-11 08:22:37,064 [INFO] Broadcast 95 telegrams to 1 client(s) | Temp=25.2°C Hum=51.6% Light=OFF Dimmer=OFF(0%) Cover=100% Switch=OFF Climate=ON(22.0°C,m=0) Fan=OFF(0%) Num=50.0 Sel=0 | stress: 50 temps, 0/20 sw ON, 10/10 lt ON
2026-04-11 08:22:47,159 [INFO] Broadcast 95 telegrams to 1 client(s) | Temp=25.2°C Hum=52.0% Light=OFF Dimmer=OFF(0%) Cover=100% Switch=OFF Climate=ON(22.0°C,m=0) Fan=OFF(0%) Num=50.0 Sel=0 | stress: 50 temps, 0/20 sw ON, 10/10 lt ON
2026-04-11 08:22:57,590 [INFO] Broadcast 95 telegrams to 1 client(s) | Temp=25.0°C Hum=52.1% Light=OFF Dimmer=OFF(0%) Cover=100% Switch=OFF Climate=ON(22.0°C,m=0) Fan=OFF(0%) Num=50.0 Sel=0 | stress: 50 temps, 0/20 sw ON, 10/10 lt ON
2026-04-11 08:23:07,687 [INFO] Broadcast 95 telegrams to 1 client(s) | Temp=25.3°C Hum=52.2% Light=OFF Dimmer=OFF(0%) Cover=100% Switch=OFF Climate=ON(22.0°C,m=0) Fan=OFF(0%) Num=50.0 Sel=0 | stress: 50 temps, 0/20 sw ON, 10/10 lt ON
2026-04-11 08:23:17,789 [INFO] Broadcast 95 telegrams to 1 client(s) | Temp=25.1°C Hum=51.7% Light=OFF Dimmer=OFF(0%) Cover=100% Switch=OFF Climate=ON(22.0°C,m=0) Fan=OFF(0%) Num=50.0 Sel=0 | stress: 50 temps, 0/20 sw ON, 10/10 lt ON
2026-04-11 08:23:27,896 [INFO] Broadcast 95 telegrams to 1 client(s) | Temp=24.8°C Hum=52.1% Light=OFF Dimmer=OFF(0%) Cover=100% Switch=OFF Climate=ON(22.0°C,m=0) Fan=OFF(0%) Num=50.0 Sel=0 | stress: 50 temps, 0/20 sw ON, 10/10 lt ON
2026-04-11 08:23:37,991 [INFO] Broadcast 95 telegrams to 1 client(s) | Temp=24.7°C Hum=52.3% Light=OFF Dimmer=OFF(0%) Cover=100% Switch=OFF Climate=ON(22.0°C,m=0) Fan=OFF(0%) Num=50.0 Sel=0 | stress: 50 temps, 0/20 sw ON, 10/10 lt ON
2026-04-11 08:23:48,092 [INFO] Broadcast 95 telegrams to 1 client(s) | Temp=24.4°C Hum=51.9% Light=OFF Dimmer=OFF(0%) Cover=100% Switch=OFF Climate=ON(22.0°C,m=0) Fan=OFF(0%) Num=50.0 Sel=0 | stress: 50 temps, 0/20 sw ON, 10/10 lt ON
2026-04-11 08:23:58,194 [INFO] Broadcast 95 telegrams to 1 client(s) | Temp=24.2°C Hum=52.0% Light=OFF Dimmer=OFF(0%) Cover=100% Switch=OFF Climate=ON(22.0°C,m=0) Fan=OFF(0%) Num=50.0 Sel=0 | stress: 50 temps, 0/20 sw ON, 10/10 lt ON
2026-04-11 08:24:08,599 [INFO] Broadcast 95 telegrams to 1 client(s) | Temp=24.2°C Hum=52.0% Light=OFF Dimmer=OFF(0%) Cover=100% Switch=OFF Climate=ON(22.0°C,m=0) Fan=OFF(0%) Num=50.0 Sel=0 | stress: 50 temps, 0/20 sw ON, 10/10 lt ON
2026-04-11 08:24:18,704 [INFO] Broadcast 95 telegrams to 1 client(s) | Temp=24.0°C Hum=52.3% Light=OFF Dimmer=OFF(0%) Cover=100% Switch=OFF Climate=ON(22.0°C,m=0) Fan=OFF(0%) Num=50.0 Sel=0 | stress: 50 temps, 0/20 sw ON, 10/10 lt ON
2026-04-11 08:24:28,787 [INFO] Broadcast 95 telegrams to 1 client(s) | Temp=23.9°C Hum=52.1% Light=OFF Dimmer=OFF(0%) Cover=100% Switch=OFF Climate=ON(22.0°C,m=0) Fan=OFF(0%) Num=50.0 Sel=0 | stress: 50 temps, 0/20 sw ON, 10/10 lt ON
2026-04-11 08:24:38,877 [INFO] Broadcast 95 telegrams to 1 client(s) | Temp=24.1°C Hum=52.2% Light=OFF Dimmer=OFF(0%) Cover=100% Switch=OFF Climate=ON(22.0°C,m=0) Fan=OFF(0%) Num=50.0 Sel=0 | stress: 50 temps, 0/20 sw ON, 10/10 lt ON
2026-04-11 08:24:48,975 [INFO] Broadcast 95 telegrams to 1 client(s) | Temp=24.3°C Hum=51.9% Light=OFF Dimmer=OFF(0%) Cover=100% Switch=OFF Climate=ON(22.0°C,m=0) Fan=OFF(0%) Num=50.0 Sel=0 | stress: 50 temps, 0/20 sw ON, 10/10 lt ON
2026-04-11 08:24:59,065 [INFO] Broadcast 95 telegrams to 1 client(s) | Temp=24.0°C Hum=51.8% Light=OFF Dimmer=OFF(0%) Cover=100% Switch=OFF Climate=ON(22.0°C,m=0) Fan=OFF(0%) Num=50.0 Sel=0 | stress: 50 temps, 0/20 sw ON, 10/10 lt ON
2026-04-11 08:25:09,149 [INFO] Broadcast 95 telegrams to 1 client(s) | Temp=24.1°C Hum=51.7% Light=OFF Dimmer=OFF(0%) Cover=100% Switch=OFF Climate=ON(22.0°C,m=0) Fan=OFF(0%) Num=50.0 Sel=0 | stress: 50 temps, 0/20 sw ON, 10/10 lt ON
2026-04-11 08:25:19,606 [INFO] Broadcast 95 telegrams to 1 client(s) | Temp=24.1°C Hum=51.5% Light=OFF Dimmer=OFF(0%) Cover=100% Switch=OFF Climate=ON(22.0°C,m=0) Fan=OFF(0%) Num=50.0 Sel=0 | stress: 50 temps, 0/20 sw ON, 10/10 lt ON
2026-04-11 08:25:29,693 [INFO] Broadcast 95 telegrams to 1 client(s) | Temp=24.2°C Hum=51.0% Light=OFF Dimmer=OFF(0%) Cover=100% Switch=OFF Climate=ON(22.0°C,m=0) Fan=OFF(0%) Num=50.0 Sel=0 | stress: 50 temps, 0/20 sw ON, 10/10 lt ON
2026-04-11 08:25:39,788 [INFO] Broadcast 95 telegrams to 1 client(s) | Temp=24.1°C Hum=51.2% Light=OFF Dimmer=OFF(0%) Cover=100% Switch=OFF Climate=ON(22.0°C,m=0) Fan=OFF(0%) Num=50.0 Sel=0 | stress: 50 temps, 0/20 sw ON, 10/10 lt ON
2026-04-11 08:25:49,889 [INFO] Broadcast 95 telegrams to 1 client(s) | Temp=23.8°C Hum=50.8% Light=OFF Dimmer=OFF(0%) Cover=100% Switch=OFF Climate=ON(22.0°C,m=0) Fan=OFF(0%) Num=50.0 Sel=0 | stress: 50 temps, 0/20 sw ON, 10/10 lt ON
2026-04-11 08:25:59,992 [INFO] Broadcast 95 telegrams to 1 client(s) | Temp=24.1°C Hum=50.9% Light=OFF Dimmer=OFF(0%) Cover=100% Switch=OFF Climate=ON(22.0°C,m=0) Fan=OFF(0%) Num=50.0 Sel=0 | stress: 50 temps, 0/20 sw ON, 10/10 lt ON
2026-04-11 08:26:10,084 [INFO] Broadcast 95 telegrams to 1 client(s) | Temp=23.9°C Hum=50.4% Light=OFF Dimmer=OFF(0%) Cover=100% Switch=OFF Climate=ON(22.0°C,m=0) Fan=OFF(0%) Num=50.0 Sel=0 | stress: 50 temps, 0/20 sw ON, 10/10 lt ON
2026-04-11 08:26:20,174 [INFO] Broadcast 95 telegrams to 1 client(s) | Temp=23.6°C Hum=50.6% Light=OFF Dimmer=OFF(0%) Cover=100% Switch=OFF Climate=ON(22.0°C,m=0) Fan=OFF(0%) Num=50.0 Sel=0 | stress: 50 temps, 0/20 sw ON, 10/10 lt ON
2026-04-11 08:26:30,611 [INFO] Broadcast 95 telegrams to 1 client(s) | Temp=23.5°C Hum=50.3% Light=OFF Dimmer=OFF(0%) Cover=100% Switch=OFF Climate=ON(22.0°C,m=0) Fan=OFF(0%) Num=50.0 Sel=0 | stress: 50 temps, 0/20 sw ON, 10/10 lt ON
2026-04-11 08:26:40,698 [INFO] Broadcast 95 telegrams to 1 client(s) | Temp=23.2°C Hum=50.6% Light=OFF Dimmer=OFF(0%) Cover=100% Switch=OFF Climate=ON(22.0°C,m=0) Fan=OFF(0%) Num=50.0 Sel=0 | stress: 50 temps, 0/20 sw ON, 10/10 lt ON
2026-04-11 08:26:50,789 [INFO] Broadcast 95 telegrams to 1 client(s) | Temp=23.0°C Hum=50.3% Light=OFF Dimmer=OFF(0%) Cover=100% Switch=OFF Climate=ON(22.0°C,m=0) Fan=OFF(0%) Num=50.0 Sel=0 | stress: 50 temps, 0/20 sw ON, 10/10 lt ON
2026-04-11 08:27:00,904 [INFO] Broadcast 95 telegrams to 1 client(s) | Temp=22.9°C Hum=50.3% Light=OFF Dimmer=OFF(0%) Cover=100% Switch=OFF Climate=ON(22.0°C,m=0) Fan=OFF(0%) Num=50.0 Sel=0 | stress: 50 temps, 0/20 sw ON, 10/10 lt ON
2026-04-11 08:27:11,019 [INFO] Broadcast 95 telegrams to 1 client(s) | Temp=22.6°C Hum=50.6% Light=OFF Dimmer=OFF(0%) Cover=100% Switch=OFF Climate=ON(22.0°C,m=0) Fan=OFF(0%) Num=50.0 Sel=0 | stress: 50 temps, 0/20 sw ON, 10/10 lt ON
2026-04-11 08:27:21,129 [INFO] Broadcast 95 telegrams to 1 client(s) | Temp=22.9°C Hum=50.3% Light=OFF Dimmer=OFF(0%) Cover=100% Switch=OFF Climate=ON(22.0°C,m=0) Fan=OFF(0%) Num=50.0 Sel=0 | stress: 50 temps, 0/20 sw ON, 10/10 lt ON
2026-04-11 08:27:31,245 [INFO] Broadcast 95 telegrams to 1 client(s) | Temp=23.2°C Hum=50.6% Light=OFF Dimmer=OFF(0%) Cover=100% Switch=OFF Climate=ON(22.0°C,m=0) Fan=OFF(0%) Num=50.0 Sel=0 | stress: 50 temps, 0/20 sw ON, 10/10 lt ON
2026-04-11 08:27:41,619 [INFO] Broadcast 95 telegrams to 1 client(s) | Temp=23.2°C Hum=50.9% Light=OFF Dimmer=OFF(0%) Cover=100% Switch=OFF Climate=ON(22.0°C,m=0) Fan=OFF(0%) Num=50.0 Sel=0 | stress: 50 temps, 0/20 sw ON, 10/10 lt ON
2026-04-11 08:27:51,733 [INFO] Broadcast 95 telegrams to 1 client(s) | Temp=23.3°C Hum=50.4% Light=OFF Dimmer=OFF(0%) Cover=100% Switch=OFF Climate=ON(22.0°C,m=0) Fan=OFF(0%) Num=50.0 Sel=0 | stress: 50 temps, 0/20 sw ON, 10/10 lt ON
2026-04-11 08:28:01,828 [INFO] Broadcast 95 telegrams to 1 client(s) | Temp=23.0°C Hum=50.4% Light=OFF Dimmer=OFF(0%) Cover=100% Switch=OFF Climate=ON(22.0°C,m=0) Fan=OFF(0%) Num=50.0 Sel=0 | stress: 50 temps, 0/20 sw ON, 10/10 lt ON
2026-04-11 08:28:11,919 [INFO] Broadcast 95 telegrams to 1 client(s) | Temp=22.9°C Hum=50.1% Light=OFF Dimmer=OFF(0%) Cover=100% Switch=OFF Climate=ON(22.0°C,m=0) Fan=OFF(0%) Num=50.0 Sel=0 | stress: 50 temps, 0/20 sw ON, 10/10 lt ON
2026-04-11 08:28:22,011 [INFO] Broadcast 95 telegrams to 1 client(s) | Temp=23.2°C Hum=50.6% Light=OFF Dimmer=OFF(0%) Cover=100% Switch=OFF Climate=ON(22.0°C,m=0) Fan=OFF(0%) Num=50.0 Sel=0 | stress: 50 temps, 0/20 sw ON, 10/10 lt ON
2026-04-11 08:28:32,098 [INFO] Broadcast 95 telegrams to 1 client(s) | Temp=23.5°C Hum=50.9% Light=OFF Dimmer=OFF(0%) Cover=100% Switch=OFF Climate=ON(22.0°C,m=0) Fan=OFF(0%) Num=50.0 Sel=0 | stress: 50 temps, 0/20 sw ON, 10/10 lt ON
2026-04-11 08:28:42,217 [INFO] Broadcast 95 telegrams to 1 client(s) | Temp=23.6°C Hum=50.9% Light=OFF Dimmer=OFF(0%) Cover=100% Switch=OFF Climate=ON(22.0°C,m=0) Fan=OFF(0%) Num=50.0 Sel=0 | stress: 50 temps, 0/20 sw ON, 10/10 lt ON
2026-04-11 08:28:52,623 [INFO] Broadcast 95 telegrams to 1 client(s) | Temp=23.3°C Hum=50.6% Light=OFF Dimmer=OFF(0%) Cover=100% Switch=OFF Climate=ON(22.0°C,m=0) Fan=OFF(0%) Num=50.0 Sel=0 | stress: 50 temps, 0/20 sw ON, 10/10 lt ON
2026-04-11 08:29:02,712 [INFO] Broadcast 95 telegrams to 1 client(s) | Temp=23.3°C Hum=50.8% Light=OFF Dimmer=OFF(0%) Cover=100% Switch=OFF Climate=ON(22.0°C,m=0) Fan=OFF(0%) Num=50.0 Sel=0 | stress: 50 temps, 0/20 sw ON, 10/10 lt ON
2026-04-11 08:29:12,801 [INFO] Broadcast 95 telegrams to 1 client(s) | Temp=23.6°C Hum=50.8% Light=OFF Dimmer=OFF(0%) Cover=100% Switch=OFF Climate=ON(22.0°C,m=0) Fan=OFF(0%) Num=50.0 Sel=0 | stress: 50 temps, 0/20 sw ON, 10/10 lt ON
2026-04-11 08:29:22,887 [INFO] Broadcast 95 telegrams to 1 client(s) | Temp=23.3°C Hum=51.0% Light=OFF Dimmer=OFF(0%) Cover=100% Switch=OFF Climate=ON(22.0°C,m=0) Fan=OFF(0%) Num=50.0 Sel=0 | stress: 50 temps, 0/20 sw ON, 10/10 lt ON
2026-04-11 08:29:32,991 [INFO] Broadcast 95 telegrams to 1 client(s) | Temp=23.3°C Hum=51.1% Light=OFF Dimmer=OFF(0%) Cover=100% Switch=OFF Climate=ON(22.0°C,m=0) Fan=OFF(0%) Num=50.0 Sel=0 | stress: 50 temps, 0/20 sw ON, 10/10 lt ON
2026-04-11 08:29:43,083 [INFO] Broadcast 95 telegrams to 1 client(s) | Temp=23.1°C Hum=51.2% Light=OFF Dimmer=OFF(0%) Cover=100% Switch=OFF Climate=ON(22.0°C,m=0) Fan=OFF(0%) Num=50.0 Sel=0 | stress: 50 temps, 0/20 sw ON, 10/10 lt ON
2026-04-11 08:29:53,180 [INFO] Broadcast 95 telegrams to 1 client(s) | Temp=23.1°C Hum=51.2% Light=OFF Dimmer=OFF(0%) Cover=100% Switch=OFF Climate=ON(22.0°C,m=0) Fan=OFF(0%) Num=50.0 Sel=0 | stress: 50 temps, 0/20 sw ON, 10/10 lt ON
2026-04-11 08:30:03,627 [INFO] Broadcast 95 telegrams to 1 client(s) | Temp=23.4°C Hum=51.6% Light=OFF Dimmer=OFF(0%) Cover=100% Switch=OFF Climate=ON(22.0°C,m=0) Fan=OFF(0%) Num=50.0 Sel=0 | stress: 50 temps, 0/20 sw ON, 10/10 lt ON
2026-04-11 08:30:13,716 [INFO] Broadcast 95 telegrams to 1 client(s) | Temp=23.2°C Hum=51.5% Light=OFF Dimmer=OFF(0%) Cover=100% Switch=OFF Climate=ON(22.0°C,m=0) Fan=OFF(0%) Num=50.0 Sel=0 | stress: 50 temps, 0/20 sw ON, 10/10 lt ON
2026-04-11 08:30:23,811 [INFO] Broadcast 95 telegrams to 1 client(s) | Temp=23.4°C Hum=51.0% Light=OFF Dimmer=OFF(0%) Cover=100% Switch=OFF Climate=ON(22.0°C,m=0) Fan=OFF(0%) Num=50.0 Sel=0 | stress: 50 temps, 0/20 sw ON, 10/10 lt ON
2026-04-11 08:30:33,918 [INFO] Broadcast 95 telegrams to 1 client(s) | Temp=23.2°C Hum=50.7% Light=OFF Dimmer=OFF(0%) Cover=100% Switch=OFF Climate=ON(22.0°C,m=0) Fan=OFF(0%) Num=50.0 Sel=0 | stress: 50 temps, 0/20 sw ON, 10/10 lt ON
2026-04-11 08:30:44,013 [INFO] Broadcast 95 telegrams to 1 client(s) | Temp=23.4°C Hum=50.4% Light=OFF Dimmer=OFF(0%) Cover=100% Switch=OFF Climate=ON(22.0°C,m=0) Fan=OFF(0%) Num=50.0 Sel=0 | stress: 50 temps, 0/20 sw ON, 10/10 lt ON
2026-04-11 08:30:54,112 [INFO] Broadcast 95 telegrams to 1 client(s) | Temp=23.2°C Hum=50.1% Light=OFF Dimmer=OFF(0%) Cover=100% Switch=OFF Climate=ON(22.0°C,m=0) Fan=OFF(0%) Num=50.0 Sel=0 | stress: 50 temps, 0/20 sw ON, 10/10 lt ON
2026-04-11 08:31:04,626 [INFO] Broadcast 95 telegrams to 1 client(s) | Temp=23.0°C Hum=49.7% Light=OFF Dimmer=OFF(0%) Cover=100% Switch=OFF Climate=ON(22.0°C,m=0) Fan=OFF(0%) Num=50.0 Sel=0 | stress: 50 temps, 0/20 sw ON, 10/10 lt ON
2026-04-11 08:31:14,720 [INFO] Broadcast 95 telegrams to 1 client(s) | Temp=23.0°C Hum=50.0% Light=OFF Dimmer=OFF(0%) Cover=100% Switch=OFF Climate=ON(22.0°C,m=0) Fan=OFF(0%) Num=50.0 Sel=0 | stress: 50 temps, 0/20 sw ON, 10/10 lt ON
2026-04-11 08:31:24,809 [INFO] Broadcast 95 telegrams to 1 client(s) | Temp=23.2°C Hum=50.3% Light=OFF Dimmer=OFF(0%) Cover=100% Switch=OFF Climate=ON(22.0°C,m=0) Fan=OFF(0%) Num=50.0 Sel=0 | stress: 50 temps, 0/20 sw ON, 10/10 lt ON
2026-04-11 08:31:34,899 [INFO] Broadcast 95 telegrams to 1 client(s) | Temp=23.0°C Hum=50.0% Light=OFF Dimmer=OFF(0%) Cover=100% Switch=OFF Climate=ON(22.0°C,m=0) Fan=OFF(0%) Num=50.0 Sel=0 | stress: 50 temps, 0/20 sw ON, 10/10 lt ON
2026-04-11 08:31:44,995 [INFO] Broadcast 95 telegrams to 1 client(s) | Temp=23.0°C Hum=50.1% Light=OFF Dimmer=OFF(0%) Cover=100% Switch=OFF Climate=ON(22.0°C,m=0) Fan=OFF(0%) Num=50.0 Sel=0 | stress: 50 temps, 0/20 sw ON, 10/10 lt ON
2026-04-11 08:31:55,111 [INFO] Broadcast 95 telegrams to 1 client(s) | Temp=23.1°C Hum=50.2% Light=OFF Dimmer=OFF(0%) Cover=100% Switch=OFF Climate=ON(22.0°C,m=0) Fan=OFF(0%) Num=50.0 Sel=0 | stress: 50 temps, 0/20 sw ON, 10/10 lt ON
2026-04-11 08:32:05,206 [INFO] Broadcast 95 telegrams to 1 client(s) | Temp=23.3°C Hum=49.8% Light=OFF Dimmer=OFF(0%) Cover=100% Switch=OFF Climate=ON(22.0°C,m=0) Fan=OFF(0%) Num=50.0 Sel=0 | stress: 50 temps, 0/20 sw ON, 10/10 lt ON
2026-04-11 08:32:15,640 [INFO] Broadcast 95 telegrams to 1 client(s) | Temp=23.1°C Hum=50.2% Light=OFF Dimmer=OFF(0%) Cover=100% Switch=OFF Climate=ON(22.0°C,m=0) Fan=OFF(0%) Num=50.0 Sel=0 | stress: 50 temps, 0/20 sw ON, 10/10 lt ON
2026-04-11 08:32:25,732 [INFO] Broadcast 95 telegrams to 1 client(s) | Temp=23.3°C Hum=49.7% Light=OFF Dimmer=OFF(0%) Cover=100% Switch=OFF Climate=ON(22.0°C,m=0) Fan=OFF(0%) Num=50.0 Sel=0 | stress: 50 temps, 0/20 sw ON, 10/10 lt ON
2026-04-11 08:32:35,817 [INFO] Broadcast 95 telegrams to 1 client(s) | Temp=23.0°C Hum=49.7% Light=OFF Dimmer=OFF(0%) Cover=100% Switch=OFF Climate=ON(22.0°C,m=0) Fan=OFF(0%) Num=50.0 Sel=0 | stress: 50 temps, 0/20 sw ON, 10/10 lt ON
2026-04-11 08:32:45,934 [INFO] Broadcast 95 telegrams to 1 client(s) | Temp=23.2°C Hum=49.9% Light=OFF Dimmer=OFF(0%) Cover=100% Switch=OFF Climate=ON(22.0°C,m=0) Fan=OFF(0%) Num=50.0 Sel=0 | stress: 50 temps, 0/20 sw ON, 10/10 lt ON
2026-04-11 08:32:56,020 [INFO] Broadcast 95 telegrams to 1 client(s) | Temp=23.4°C Hum=50.1% Light=OFF Dimmer=OFF(0%) Cover=100% Switch=OFF Climate=ON(22.0°C,m=0) Fan=OFF(0%) Num=50.0 Sel=0 | stress: 50 temps, 0/20 sw ON, 10/10 lt ON
2026-04-11 08:33:06,099 [INFO] Broadcast 95 telegrams to 1 client(s) | Temp=23.6°C Hum=50.4% Light=OFF Dimmer=OFF(0%) Cover=100% Switch=OFF Climate=ON(22.0°C,m=0) Fan=OFF(0%) Num=50.0 Sel=0 | stress: 50 temps, 0/20 sw ON, 10/10 lt ON
2026-04-11 08:33:16,202 [INFO] Broadcast 95 telegrams to 1 client(s) | Temp=23.9°C Hum=50.4% Light=OFF Dimmer=OFF(0%) Cover=100% Switch=OFF Climate=ON(22.0°C,m=0) Fan=OFF(0%) Num=50.0 Sel=0 | stress: 50 temps, 0/20 sw ON, 10/10 lt ON
2026-04-11 08:33:26,651 [INFO] Broadcast 95 telegrams to 1 client(s) | Temp=24.1°C Hum=50.5% Light=OFF Dimmer=OFF(0%) Cover=100% Switch=OFF Climate=ON(22.0°C,m=0) Fan=OFF(0%) Num=50.0 Sel=0 | stress: 50 temps, 0/20 sw ON, 10/10 lt ON
2026-04-11 08:33:36,747 [INFO] Broadcast 95 telegrams to 1 client(s) | Temp=24.2°C Hum=50.4% Light=OFF Dimmer=OFF(0%) Cover=100% Switch=OFF Climate=ON(22.0°C,m=0) Fan=OFF(0%) Num=50.0 Sel=0 | stress: 50 temps, 0/20 sw ON, 10/10 lt ON
2026-04-11 08:33:46,854 [INFO] Broadcast 95 telegrams to 1 client(s) | Temp=24.0°C Hum=50.4% Light=OFF Dimmer=OFF(0%) Cover=100% Switch=OFF Climate=ON(22.0°C,m=0) Fan=OFF(0%) Num=50.0 Sel=0 | stress: 50 temps, 0/20 sw ON, 10/10 lt ON
2026-04-11 08:33:56,947 [INFO] Broadcast 95 telegrams to 1 client(s) | Temp=23.8°C Hum=50.0% Light=OFF Dimmer=OFF(0%) Cover=100% Switch=OFF Climate=ON(22.0°C,m=0) Fan=OFF(0%) Num=50.0 Sel=0 | stress: 50 temps, 0/20 sw ON, 10/10 lt ON
2026-04-11 08:34:07,027 [INFO] Broadcast 95 telegrams to 1 client(s) | Temp=24.1°C Hum=50.3% Light=OFF Dimmer=OFF(0%) Cover=100% Switch=OFF Climate=ON(22.0°C,m=0) Fan=OFF(0%) Num=50.0 Sel=0 | stress: 50 temps, 0/20 sw ON, 10/10 lt ON
2026-04-11 08:34:17,139 [INFO] Broadcast 95 telegrams to 1 client(s) | Temp=24.2°C Hum=50.5% Light=OFF Dimmer=OFF(0%) Cover=100% Switch=OFF Climate=ON(22.0°C,m=0) Fan=OFF(0%) Num=50.0 Sel=0 | stress: 50 temps, 0/20 sw ON, 10/10 lt ON
2026-04-11 08:34:27,236 [INFO] Broadcast 95 telegrams to 1 client(s) | Temp=24.4°C Hum=50.4% Light=OFF Dimmer=OFF(0%) Cover=100% Switch=OFF Climate=ON(22.0°C,m=0) Fan=OFF(0%) Num=50.0 Sel=0 | stress: 50 temps, 0/20 sw ON, 10/10 lt ON
2026-04-11 08:34:37,659 [INFO] Broadcast 95 telegrams to 1 client(s) | Temp=24.7°C Hum=50.1% Light=OFF Dimmer=OFF(0%) Cover=100% Switch=OFF Climate=ON(22.0°C,m=0) Fan=OFF(0%) Num=50.0 Sel=0 | stress: 50 temps, 0/20 sw ON, 10/10 lt ON
2026-04-11 08:34:47,751 [INFO] Broadcast 95 telegrams to 1 client(s) | Temp=24.5°C Hum=49.7% Light=OFF Dimmer=OFF(0%) Cover=100% Switch=OFF Climate=ON(22.0°C,m=0) Fan=OFF(0%) Num=50.0 Sel=0 | stress: 50 temps, 0/20 sw ON, 10/10 lt ON
2026-04-11 08:34:57,847 [INFO] Broadcast 95 telegrams to 1 client(s) | Temp=24.5°C Hum=49.5% Light=OFF Dimmer=OFF(0%) Cover=100% Switch=OFF Climate=ON(22.0°C,m=0) Fan=OFF(0%) Num=50.0 Sel=0 | stress: 50 temps, 0/20 sw ON, 10/10 lt ON
2026-04-11 08:35:07,927 [INFO] Broadcast 95 telegrams to 1 client(s) | Temp=24.6°C Hum=49.1% Light=OFF Dimmer=OFF(0%) Cover=100% Switch=OFF Climate=ON(22.0°C,m=0) Fan=OFF(0%) Num=50.0 Sel=0 | stress: 50 temps, 0/20 sw ON, 10/10 lt ON
2026-04-11 08:35:18,016 [INFO] Broadcast 95 telegrams to 1 client(s) | Temp=24.8°C Hum=49.0% Light=OFF Dimmer=OFF(0%) Cover=100% Switch=OFF Climate=ON(22.0°C,m=0) Fan=OFF(0%) Num=50.0 Sel=0 | stress: 50 temps, 0/20 sw ON, 10/10 lt ON
2026-04-11 08:35:28,101 [INFO] Broadcast 95 telegrams to 1 client(s) | Temp=24.9°C Hum=49.3% Light=OFF Dimmer=OFF(0%) Cover=100% Switch=OFF Climate=ON(22.0°C,m=0) Fan=OFF(0%) Num=50.0 Sel=0 | stress: 50 temps, 0/20 sw ON, 10/10 lt ON
2026-04-11 08:35:38,189 [INFO] Broadcast 95 telegrams to 1 client(s) | Temp=25.1°C Hum=49.4% Light=OFF Dimmer=OFF(0%) Cover=100% Switch=OFF Climate=ON(22.0°C,m=0) Fan=OFF(0%) Num=50.0 Sel=0 | stress: 50 temps, 0/20 sw ON, 10/10 lt ON
2026-04-11 08:35:48,667 [INFO] Broadcast 95 telegrams to 1 client(s) | Temp=24.9°C Hum=49.4% Light=OFF Dimmer=OFF(0%) Cover=100% Switch=OFF Climate=ON(22.0°C,m=0) Fan=OFF(0%) Num=50.0 Sel=0 | stress: 50 temps, 0/20 sw ON, 10/10 lt ON
2026-04-11 08:35:58,750 [INFO] Broadcast 95 telegrams to 1 client(s) | Temp=24.9°C Hum=49.0% Light=OFF Dimmer=OFF(0%) Cover=100% Switch=OFF Climate=ON(22.0°C,m=0) Fan=OFF(0%) Num=50.0 Sel=0 | stress: 50 temps, 0/20 sw ON, 10/10 lt ON
2026-04-11 08:36:08,847 [INFO] Broadcast 95 telegrams to 1 client(s) | Temp=25.0°C Hum=48.5% Light=OFF Dimmer=OFF(0%) Cover=100% Switch=OFF Climate=ON(22.0°C,m=0) Fan=OFF(0%) Num=50.0 Sel=0 | stress: 50 temps, 0/20 sw ON, 10/10 lt ON
2026-04-11 08:36:18,943 [INFO] Broadcast 95 telegrams to 1 client(s) | Temp=25.1°C Hum=48.9% Light=OFF Dimmer=OFF(0%) Cover=100% Switch=OFF Climate=ON(22.0°C,m=0) Fan=OFF(0%) Num=50.0 Sel=0 | stress: 50 temps, 0/20 sw ON, 10/10 lt ON
2026-04-11 08:36:29,035 [INFO] Broadcast 95 telegrams to 1 client(s) | Temp=25.2°C Hum=48.6% Light=OFF Dimmer=OFF(0%) Cover=100% Switch=OFF Climate=ON(22.0°C,m=0) Fan=OFF(0%) Num=50.0 Sel=0 | stress: 50 temps, 0/20 sw ON, 10/10 lt ON
2026-04-11 08:36:39,113 [INFO] Broadcast 95 telegrams to 1 client(s) | Temp=25.0°C Hum=48.1% Light=OFF Dimmer=OFF(0%) Cover=100% Switch=OFF Climate=ON(22.0°C,m=0) Fan=OFF(0%) Num=50.0 Sel=0 | stress: 50 temps, 0/20 sw ON, 10/10 lt ON
2026-04-11 08:36:49,220 [INFO] Broadcast 95 telegrams to 1 client(s) | Temp=24.9°C Hum=48.4% Light=OFF Dimmer=OFF(0%) Cover=100% Switch=OFF Climate=ON(22.0°C,m=0) Fan=OFF(0%) Num=50.0 Sel=0 | stress: 50 temps, 0/20 sw ON, 10/10 lt ON
2026-04-11 08:36:59,676 [INFO] Broadcast 95 telegrams to 1 client(s) | Temp=24.8°C Hum=48.3% Light=OFF Dimmer=OFF(0%) Cover=100% Switch=OFF Climate=ON(22.0°C,m=0) Fan=OFF(0%) Num=50.0 Sel=0 | stress: 50 temps, 0/20 sw ON, 10/10 lt ON
2026-04-11 08:37:09,753 [INFO] Broadcast 95 telegrams to 1 client(s) | Temp=24.6°C Hum=47.8% Light=OFF Dimmer=OFF(0%) Cover=100% Switch=OFF Climate=ON(22.0°C,m=0) Fan=OFF(0%) Num=50.0 Sel=0 | stress: 50 temps, 0/20 sw ON, 10/10 lt ON
2026-04-11 08:37:19,837 [INFO] Broadcast 95 telegrams to 1 client(s) | Temp=24.7°C Hum=48.0% Light=OFF Dimmer=OFF(0%) Cover=100% Switch=OFF Climate=ON(22.0°C,m=0) Fan=OFF(0%) Num=50.0 Sel=0 | stress: 50 temps, 0/20 sw ON, 10/10 lt ON
2026-04-11 08:37:29,932 [INFO] Broadcast 95 telegrams to 1 client(s) | Temp=24.9°C Hum=47.6% Light=OFF Dimmer=OFF(0%) Cover=100% Switch=OFF Climate=ON(22.0°C,m=0) Fan=OFF(0%) Num=50.0 Sel=0 | stress: 50 temps, 0/20 sw ON, 10/10 lt ON
2026-04-11 08:37:40,031 [INFO] Broadcast 95 telegrams to 1 client(s) | Temp=25.2°C Hum=47.5% Light=OFF Dimmer=OFF(0%) Cover=100% Switch=OFF Climate=ON(22.0°C,m=0) Fan=OFF(0%) Num=50.0 Sel=0 | stress: 50 temps, 0/20 sw ON, 10/10 lt ON
2026-04-11 08:37:50,127 [INFO] Broadcast 95 telegrams to 1 client(s) | Temp=25.3°C Hum=47.8% Light=OFF Dimmer=OFF(0%) Cover=100% Switch=OFF Climate=ON(22.0°C,m=0) Fan=OFF(0%) Num=50.0 Sel=0 | stress: 50 temps, 0/20 sw ON, 10/10 lt ON
2026-04-11 08:38:00,241 [INFO] Broadcast 95 telegrams to 1 client(s) | Temp=25.5°C Hum=48.2% Light=OFF Dimmer=OFF(0%) Cover=100% Switch=OFF Climate=ON(22.0°C,m=0) Fan=OFF(0%) Num=50.0 Sel=0 | stress: 50 temps, 0/20 sw ON, 10/10 lt ON
2026-04-11 08:38:10,681 [INFO] Broadcast 95 telegrams to 1 client(s) | Temp=25.5°C Hum=48.3% Light=OFF Dimmer=OFF(0%) Cover=100% Switch=OFF Climate=ON(22.0°C,m=0) Fan=OFF(0%) Num=50.0 Sel=0 | stress: 50 temps, 0/20 sw ON, 10/10 lt ON
2026-04-11 08:38:20,769 [INFO] Broadcast 95 telegrams to 1 client(s) | Temp=25.4°C Hum=48.8% Light=OFF Dimmer=OFF(0%) Cover=100% Switch=OFF Climate=ON(22.0°C,m=0) Fan=OFF(0%) Num=50.0 Sel=0 | stress: 50 temps, 0/20 sw ON, 10/10 lt ON
2026-04-11 08:38:30,873 [INFO] Broadcast 95 telegrams to 1 client(s) | Temp=25.5°C Hum=49.2% Light=OFF Dimmer=OFF(0%) Cover=100% Switch=OFF Climate=ON(22.0°C,m=0) Fan=OFF(0%) Num=50.0 Sel=0 | stress: 50 temps, 0/20 sw ON, 10/10 lt ON
2026-04-11 08:38:40,960 [INFO] Broadcast 95 telegrams to 1 client(s) | Temp=25.4°C Hum=49.0% Light=OFF Dimmer=OFF(0%) Cover=100% Switch=OFF Climate=ON(22.0°C,m=0) Fan=OFF(0%) Num=50.0 Sel=0 | stress: 50 temps, 0/20 sw ON, 10/10 lt ON
2026-04-11 08:38:51,050 [INFO] Broadcast 95 telegrams to 1 client(s) | Temp=25.7°C Hum=49.5% Light=OFF Dimmer=OFF(0%) Cover=100% Switch=OFF Climate=ON(22.0°C,m=0) Fan=OFF(0%) Num=50.0 Sel=0 | stress: 50 temps, 0/20 sw ON, 10/10 lt ON
2026-04-11 08:39:01,173 [INFO] Broadcast 95 telegrams to 1 client(s) | Temp=25.5°C Hum=49.5% Light=OFF Dimmer=OFF(0%) Cover=100% Switch=OFF Climate=ON(22.0°C,m=0) Fan=OFF(0%) Num=50.0 Sel=0 | stress: 50 temps, 0/20 sw ON, 10/10 lt ON
2026-04-11 08:39:11,261 [INFO] Broadcast 95 telegrams to 1 client(s) | Temp=25.3°C Hum=49.6% Light=OFF Dimmer=OFF(0%) Cover=100% Switch=OFF Climate=ON(22.0°C,m=0) Fan=OFF(0%) Num=50.0 Sel=0 | stress: 50 temps, 0/20 sw ON, 10/10 lt ON
2026-04-11 08:39:21,686 [INFO] Broadcast 95 telegrams to 1 client(s) | Temp=25.2°C Hum=49.4% Light=OFF Dimmer=OFF(0%) Cover=100% Switch=OFF Climate=ON(22.0°C,m=0) Fan=OFF(0%) Num=50.0 Sel=0 | stress: 50 temps, 0/20 sw ON, 10/10 lt ON
2026-04-11 08:39:31,771 [INFO] Broadcast 95 telegrams to 1 client(s) | Temp=25.3°C Hum=49.8% Light=OFF Dimmer=OFF(0%) Cover=100% Switch=OFF Climate=ON(22.0°C,m=0) Fan=OFF(0%) Num=50.0 Sel=0 | stress: 50 temps, 0/20 sw ON, 10/10 lt ON
2026-04-11 08:39:41,876 [INFO] Broadcast 95 telegrams to 1 client(s) | Temp=25.6°C Hum=49.7% Light=OFF Dimmer=OFF(0%) Cover=100% Switch=OFF Climate=ON(22.0°C,m=0) Fan=OFF(0%) Num=50.0 Sel=0 | stress: 50 temps, 0/20 sw ON, 10/10 lt ON
2026-04-11 08:39:51,994 [INFO] Broadcast 95 telegrams to 1 client(s) | Temp=25.9°C Hum=50.1% Light=OFF Dimmer=OFF(0%) Cover=100% Switch=OFF Climate=ON(22.0°C,m=0) Fan=OFF(0%) Num=50.0 Sel=0 | stress: 50 temps, 0/20 sw ON, 10/10 lt ON
2026-04-11 08:40:02,106 [INFO] Broadcast 95 telegrams to 1 client(s) | Temp=26.1°C Hum=50.6% Light=OFF Dimmer=OFF(0%) Cover=100% Switch=OFF Climate=ON(22.0°C,m=0) Fan=OFF(0%) Num=50.0 Sel=0 | stress: 50 temps, 0/20 sw ON, 10/10 lt ON
2026-04-11 08:40:12,199 [INFO] Broadcast 95 telegrams to 1 client(s) | Temp=26.3°C Hum=50.7% Light=OFF Dimmer=OFF(0%) Cover=100% Switch=OFF Climate=ON(22.0°C,m=0) Fan=OFF(0%) Num=50.0 Sel=0 | stress: 50 temps, 0/20 sw ON, 10/10 lt ON
2026-04-11 08:40:22,308 [INFO] Broadcast 95 telegrams to 1 client(s) | Temp=26.5°C Hum=50.4% Light=OFF Dimmer=OFF(0%) Cover=100% Switch=OFF Climate=ON(22.0°C,m=0) Fan=OFF(0%) Num=50.0 Sel=0 | stress: 50 temps, 0/20 sw ON, 10/10 lt ON
2026-04-11 08:40:32,692 [INFO] Broadcast 95 telegrams to 1 client(s) | Temp=26.6°C Hum=50.6% Light=OFF Dimmer=OFF(0%) Cover=100% Switch=OFF Climate=ON(22.0°C,m=0) Fan=OFF(0%) Num=50.0 Sel=0 | stress: 50 temps, 0/20 sw ON, 10/10 lt ON
2026-04-11 08:40:42,796 [INFO] Broadcast 95 telegrams to 1 client(s) | Temp=26.4°C Hum=50.4% Light=OFF Dimmer=OFF(0%) Cover=100% Switch=OFF Climate=ON(22.0°C,m=0) Fan=OFF(0%) Num=50.0 Sel=0 | stress: 50 temps, 0/20 sw ON, 10/10 lt ON
2026-04-11 08:40:52,892 [INFO] Broadcast 95 telegrams to 1 client(s) | Temp=26.4°C Hum=50.4% Light=OFF Dimmer=OFF(0%) Cover=100% Switch=OFF Climate=ON(22.0°C,m=0) Fan=OFF(0%) Num=50.0 Sel=0 | stress: 50 temps, 0/20 sw ON, 10/10 lt ON
2026-04-11 08:41:02,984 [INFO] Broadcast 95 telegrams to 1 client(s) | Temp=26.1°C Hum=50.0% Light=OFF Dimmer=OFF(0%) Cover=100% Switch=OFF Climate=ON(22.0°C,m=0) Fan=OFF(0%) Num=50.0 Sel=0 | stress: 50 temps, 0/20 sw ON, 10/10 lt ON
2026-04-11 08:41:13,096 [INFO] Broadcast 95 telegrams to 1 client(s) | Temp=26.3°C Hum=49.8% Light=OFF Dimmer=OFF(0%) Cover=100% Switch=OFF Climate=ON(22.0°C,m=0) Fan=OFF(0%) Num=50.0 Sel=0 | stress: 50 temps, 0/20 sw ON, 10/10 lt ON
2026-04-11 08:41:23,187 [INFO] Broadcast 95 telegrams to 1 client(s) | Temp=26.5°C Hum=49.7% Light=OFF Dimmer=OFF(0%) Cover=100% Switch=OFF Climate=ON(22.0°C,m=0) Fan=OFF(0%) Num=50.0 Sel=0 | stress: 50 temps, 0/20 sw ON, 10/10 lt ON
2026-04-11 08:41:33,322 [INFO] Broadcast 95 telegrams to 1 client(s) | Temp=26.2°C Hum=49.8% Light=OFF Dimmer=OFF(0%) Cover=100% Switch=OFF Climate=ON(22.0°C,m=0) Fan=OFF(0%) Num=50.0 Sel=0 | stress: 50 temps, 0/20 sw ON, 10/10 lt ON
2026-04-11 08:41:43,694 [INFO] Broadcast 95 telegrams to 1 client(s) | Temp=26.0°C Hum=50.3% Light=OFF Dimmer=OFF(0%) Cover=100% Switch=OFF Climate=ON(22.0°C,m=0) Fan=OFF(0%) Num=50.0 Sel=0 | stress: 50 temps, 0/20 sw ON, 10/10 lt ON
2026-04-11 08:41:53,786 [INFO] Broadcast 95 telegrams to 1 client(s) | Temp=26.3°C Hum=50.7% Light=OFF Dimmer=OFF(0%) Cover=100% Switch=OFF Climate=ON(22.0°C,m=0) Fan=OFF(0%) Num=50.0 Sel=0 | stress: 50 temps, 0/20 sw ON, 10/10 lt ON
2026-04-11 08:42:03,908 [INFO] Broadcast 95 telegrams to 1 client(s) | Temp=26.4°C Hum=51.1% Light=OFF Dimmer=OFF(0%) Cover=100% Switch=OFF Climate=ON(22.0°C,m=0) Fan=OFF(0%) Num=50.0 Sel=0 | stress: 50 temps, 0/20 sw ON, 10/10 lt ON
2026-04-11 08:42:14,000 [INFO] Broadcast 95 telegrams to 1 client(s) | Temp=26.5°C Hum=50.9% Light=OFF Dimmer=OFF(0%) Cover=100% Switch=OFF Climate=ON(22.0°C,m=0) Fan=OFF(0%) Num=50.0 Sel=0 | stress: 50 temps, 0/20 sw ON, 10/10 lt ON
2026-04-11 08:42:24,091 [INFO] Broadcast 95 telegrams to 1 client(s) | Temp=26.5°C Hum=51.3% Light=OFF Dimmer=OFF(0%) Cover=100% Switch=OFF Climate=ON(22.0°C,m=0) Fan=OFF(0%) Num=50.0 Sel=0 | stress: 50 temps, 0/20 sw ON, 10/10 lt ON
2026-04-11 08:42:34,215 [INFO] Broadcast 95 telegrams to 1 client(s) | Temp=26.7°C Hum=51.0% Light=OFF Dimmer=OFF(0%) Cover=100% Switch=OFF Climate=ON(22.0°C,m=0) Fan=OFF(0%) Num=50.0 Sel=0 | stress: 50 temps, 0/20 sw ON, 10/10 lt ON
2026-04-11 08:42:44,695 [INFO] Broadcast 95 telegrams to 1 client(s) | Temp=26.7°C Hum=50.8% Light=OFF Dimmer=OFF(0%) Cover=100% Switch=OFF Climate=ON(22.0°C,m=0) Fan=OFF(0%) Num=50.0 Sel=0 | stress: 50 temps, 0/20 sw ON, 10/10 lt ON
2026-04-11 08:42:54,817 [INFO] Broadcast 95 telegrams to 1 client(s) | Temp=26.8°C Hum=50.9% Light=OFF Dimmer=OFF(0%) Cover=100% Switch=OFF Climate=ON(22.0°C,m=0) Fan=OFF(0%) Num=50.0 Sel=0 | stress: 50 temps, 0/20 sw ON, 10/10 lt ON
2026-04-11 08:43:04,913 [INFO] Broadcast 95 telegrams to 1 client(s) | Temp=26.9°C Hum=50.7% Light=OFF Dimmer=OFF(0%) Cover=100% Switch=OFF Climate=ON(22.0°C,m=0) Fan=OFF(0%) Num=50.0 Sel=0 | stress: 50 temps, 0/20 sw ON, 10/10 lt ON
2026-04-11 08:43:15,011 [INFO] Broadcast 95 telegrams to 1 client(s) | Temp=26.6°C Hum=50.4% Light=OFF Dimmer=OFF(0%) Cover=100% Switch=OFF Climate=ON(22.0°C,m=0) Fan=OFF(0%) Num=50.0 Sel=0 | stress: 50 temps, 0/20 sw ON, 10/10 lt ON
2026-04-11 08:43:25,124 [INFO] Broadcast 95 telegrams to 1 client(s) | Temp=26.4°C Hum=50.8% Light=OFF Dimmer=OFF(0%) Cover=100% Switch=OFF Climate=ON(22.0°C,m=0) Fan=OFF(0%) Num=50.0 Sel=0 | stress: 50 temps, 0/20 sw ON, 10/10 lt ON
2026-04-11 08:43:35,212 [INFO] Broadcast 95 telegrams to 1 client(s) | Temp=26.4°C Hum=50.6% Light=OFF Dimmer=OFF(0%) Cover=100% Switch=OFF Climate=ON(22.0°C,m=0) Fan=OFF(0%) Num=50.0 Sel=0 | stress: 50 temps, 0/20 sw ON, 10/10 lt ON
2026-04-11 08:43:45,336 [INFO] Broadcast 95 telegrams to 1 client(s) | Temp=26.2°C Hum=50.7% Light=OFF Dimmer=OFF(0%) Cover=100% Switch=OFF Climate=ON(22.0°C,m=0) Fan=OFF(0%) Num=50.0 Sel=0 | stress: 50 temps, 0/20 sw ON, 10/10 lt ON
2026-04-11 08:43:55,706 [INFO] Broadcast 95 telegrams to 1 client(s) | Temp=26.2°C Hum=50.4% Light=OFF Dimmer=OFF(0%) Cover=100% Switch=OFF Climate=ON(22.0°C,m=0) Fan=OFF(0%) Num=50.0 Sel=0 | stress: 50 temps, 0/20 sw ON, 10/10 lt ON
2026-04-11 08:44:05,807 [INFO] Broadcast 95 telegrams to 1 client(s) | Temp=26.4°C Hum=50.4% Light=OFF Dimmer=OFF(0%) Cover=100% Switch=OFF Climate=ON(22.0°C,m=0) Fan=OFF(0%) Num=50.0 Sel=0 | stress: 50 temps, 0/20 sw ON, 10/10 lt ON
2026-04-11 08:44:15,916 [INFO] Broadcast 95 telegrams to 1 client(s) | Temp=26.5°C Hum=50.2% Light=OFF Dimmer=OFF(0%) Cover=100% Switch=OFF Climate=ON(22.0°C,m=0) Fan=OFF(0%) Num=50.0 Sel=0 | stress: 50 temps, 0/20 sw ON, 10/10 lt ON
2026-04-11 08:44:26,006 [INFO] Broadcast 95 telegrams to 1 client(s) | Temp=26.4°C Hum=49.8% Light=OFF Dimmer=OFF(0%) Cover=100% Switch=OFF Climate=ON(22.0°C,m=0) Fan=OFF(0%) Num=50.0 Sel=0 | stress: 50 temps, 0/20 sw ON, 10/10 lt ON
2026-04-11 08:44:36,093 [INFO] Broadcast 95 telegrams to 1 client(s) | Temp=26.5°C Hum=49.8% Light=OFF Dimmer=OFF(0%) Cover=100% Switch=OFF Climate=ON(22.0°C,m=0) Fan=OFF(0%) Num=50.0 Sel=0 | stress: 50 temps, 0/20 sw ON, 10/10 lt ON
2026-04-11 08:44:46,194 [INFO] Broadcast 95 telegrams to 1 client(s) | Temp=26.4°C Hum=49.4% Light=OFF Dimmer=OFF(0%) Cover=100% Switch=OFF Climate=ON(22.0°C,m=0) Fan=OFF(0%) Num=50.0 Sel=0 | stress: 50 temps, 0/20 sw ON, 10/10 lt ON
2026-04-11 08:44:56,288 [INFO] Broadcast 95 telegrams to 1 client(s) | Temp=26.3°C Hum=49.0% Light=OFF Dimmer=OFF(0%) Cover=100% Switch=OFF Climate=ON(22.0°C,m=0) Fan=OFF(0%) Num=50.0 Sel=0 | stress: 50 temps, 0/20 sw ON, 10/10 lt ON
2026-04-11 08:45:06,716 [INFO] Broadcast 95 telegrams to 1 client(s) | Temp=26.2°C Hum=48.8% Light=OFF Dimmer=OFF(0%) Cover=100% Switch=OFF Climate=ON(22.0°C,m=0) Fan=OFF(0%) Num=50.0 Sel=0 | stress: 50 temps, 0/20 sw ON, 10/10 lt ON
2026-04-11 08:45:16,806 [INFO] Broadcast 95 telegrams to 1 client(s) | Temp=26.2°C Hum=48.7% Light=OFF Dimmer=OFF(0%) Cover=100% Switch=OFF Climate=ON(22.0°C,m=0) Fan=OFF(0%) Num=50.0 Sel=0 | stress: 50 temps, 0/20 sw ON, 10/10 lt ON
2026-04-11 08:45:26,910 [INFO] Broadcast 95 telegrams to 1 client(s) | Temp=26.0°C Hum=49.1% Light=OFF Dimmer=OFF(0%) Cover=100% Switch=OFF Climate=ON(22.0°C,m=0) Fan=OFF(0%) Num=50.0 Sel=0 | stress: 50 temps, 0/20 sw ON, 10/10 lt ON
2026-04-11 08:45:37,001 [INFO] Broadcast 95 telegrams to 1 client(s) | Temp=26.2°C Hum=48.9% Light=OFF Dimmer=OFF(0%) Cover=100% Switch=OFF Climate=ON(22.0°C,m=0) Fan=OFF(0%) Num=50.0 Sel=0 | stress: 50 temps, 0/20 sw ON, 10/10 lt ON
2026-04-11 08:45:47,101 [INFO] Broadcast 95 telegrams to 1 client(s) | Temp=26.0°C Hum=48.9% Light=OFF Dimmer=OFF(0%) Cover=100% Switch=OFF Climate=ON(22.0°C,m=0) Fan=OFF(0%) Num=50.0 Sel=0 | stress: 50 temps, 0/20 sw ON, 10/10 lt ON
2026-04-11 08:45:57,192 [INFO] Broadcast 95 telegrams to 1 client(s) | Temp=25.9°C Hum=48.6% Light=OFF Dimmer=OFF(0%) Cover=100% Switch=OFF Climate=ON(22.0°C,m=0) Fan=OFF(0%) Num=50.0 Sel=0 | stress: 50 temps, 0/20 sw ON, 10/10 lt ON
2026-04-11 08:46:07,297 [INFO] Broadcast 95 telegrams to 1 client(s) | Temp=26.1°C Hum=49.0% Light=OFF Dimmer=OFF(0%) Cover=100% Switch=OFF Climate=ON(22.0°C,m=0) Fan=OFF(0%) Num=50.0 Sel=0 | stress: 50 temps, 0/20 sw ON, 10/10 lt ON
2026-04-11 08:46:17,725 [INFO] Broadcast 95 telegrams to 1 client(s) | Temp=25.9°C Hum=48.5% Light=OFF Dimmer=OFF(0%) Cover=100% Switch=OFF Climate=ON(22.0°C,m=0) Fan=OFF(0%) Num=50.0 Sel=0 | stress: 50 temps, 0/20 sw ON, 10/10 lt ON
2026-04-11 08:46:27,834 [INFO] Broadcast 95 telegrams to 1 client(s) | Temp=25.6°C Hum=48.5% Light=OFF Dimmer=OFF(0%) Cover=100% Switch=OFF Climate=ON(22.0°C,m=0) Fan=OFF(0%) Num=50.0 Sel=0 | stress: 50 temps, 0/20 sw ON, 10/10 lt ON
2026-04-11 08:46:37,930 [INFO] Broadcast 95 telegrams to 1 client(s) | Temp=25.7°C Hum=48.7% Light=OFF Dimmer=OFF(0%) Cover=100% Switch=OFF Climate=ON(22.0°C,m=0) Fan=OFF(0%) Num=50.0 Sel=0 | stress: 50 temps, 0/20 sw ON, 10/10 lt ON
2026-04-11 08:46:48,029 [INFO] Broadcast 95 telegrams to 1 client(s) | Temp=25.5°C Hum=48.8% Light=OFF Dimmer=OFF(0%) Cover=100% Switch=OFF Climate=ON(22.0°C,m=0) Fan=OFF(0%) Num=50.0 Sel=0 | stress: 50 temps, 0/20 sw ON, 10/10 lt ON
2026-04-11 08:46:58,117 [INFO] Broadcast 95 telegrams to 1 client(s) | Temp=25.5°C Hum=48.9% Light=OFF Dimmer=OFF(0%) Cover=100% Switch=OFF Climate=ON(22.0°C,m=0) Fan=OFF(0%) Num=50.0 Sel=0 | stress: 50 temps, 0/20 sw ON, 10/10 lt ON
2026-04-11 08:47:08,203 [INFO] Broadcast 95 telegrams to 1 client(s) | Temp=25.6°C Hum=48.5% Light=OFF Dimmer=OFF(0%) Cover=100% Switch=OFF Climate=ON(22.0°C,m=0) Fan=OFF(0%) Num=50.0 Sel=0 | stress: 50 temps, 0/20 sw ON, 10/10 lt ON
2026-04-11 08:47:18,307 [INFO] Broadcast 95 telegrams to 1 client(s) | Temp=25.4°C Hum=48.1% Light=OFF Dimmer=OFF(0%) Cover=100% Switch=OFF Climate=ON(22.0°C,m=0) Fan=OFF(0%) Num=50.0 Sel=0 | stress: 50 temps, 0/20 sw ON, 10/10 lt ON
2026-04-11 08:47:28,734 [INFO] Broadcast 95 telegrams to 1 client(s) | Temp=25.2°C Hum=47.9% Light=OFF Dimmer=OFF(0%) Cover=100% Switch=OFF Climate=ON(22.0°C,m=0) Fan=OFF(0%) Num=50.0 Sel=0 | stress: 50 temps, 0/20 sw ON, 10/10 lt ON
2026-04-11 08:47:38,828 [INFO] Broadcast 95 telegrams to 1 client(s) | Temp=25.0°C Hum=47.6% Light=OFF Dimmer=OFF(0%) Cover=100% Switch=OFF Climate=ON(22.0°C,m=0) Fan=OFF(0%) Num=50.0 Sel=0 | stress: 50 temps, 0/20 sw ON, 10/10 lt ON
2026-04-11 08:47:48,958 [INFO] Broadcast 95 telegrams to 1 client(s) | Temp=24.9°C Hum=47.6% Light=OFF Dimmer=OFF(0%) Cover=100% Switch=OFF Climate=ON(22.0°C,m=0) Fan=OFF(0%) Num=50.0 Sel=0 | stress: 50 temps, 0/20 sw ON, 10/10 lt ON
2026-04-11 08:47:59,038 [INFO] Broadcast 95 telegrams to 1 client(s) | Temp=25.0°C Hum=47.7% Light=OFF Dimmer=OFF(0%) Cover=100% Switch=OFF Climate=ON(22.0°C,m=0) Fan=OFF(0%) Num=50.0 Sel=0 | stress: 50 temps, 0/20 sw ON, 10/10 lt ON
2026-04-11 08:48:09,135 [INFO] Broadcast 95 telegrams to 1 client(s) | Temp=25.1°C Hum=47.5% Light=OFF Dimmer=OFF(0%) Cover=100% Switch=OFF Climate=ON(22.0°C,m=0) Fan=OFF(0%) Num=50.0 Sel=0 | stress: 50 temps, 0/20 sw ON, 10/10 lt ON
2026-04-11 08:48:19,245 [INFO] Broadcast 95 telegrams to 1 client(s) | Temp=25.3°C Hum=47.8% Light=OFF Dimmer=OFF(0%) Cover=100% Switch=OFF Climate=ON(22.0°C,m=0) Fan=OFF(0%) Num=50.0 Sel=0 | stress: 50 temps, 0/20 sw ON, 10/10 lt ON
2026-04-11 08:48:29,328 [INFO] Broadcast 95 telegrams to 1 client(s) | Temp=25.1°C Hum=48.2% Light=OFF Dimmer=OFF(0%) Cover=100% Switch=OFF Climate=ON(22.0°C,m=0) Fan=OFF(0%) Num=50.0 Sel=0 | stress: 50 temps, 0/20 sw ON, 10/10 lt ON
2026-04-11 08:48:39,742 [INFO] Broadcast 95 telegrams to 1 client(s) | Temp=25.4°C Hum=48.1% Light=OFF Dimmer=OFF(0%) Cover=100% Switch=OFF Climate=ON(22.0°C,m=0) Fan=OFF(0%) Num=50.0 Sel=0 | stress: 50 temps, 0/20 sw ON, 10/10 lt ON
2026-04-11 08:48:49,829 [INFO] Broadcast 95 telegrams to 1 client(s) | Temp=25.1°C Hum=48.4% Light=OFF Dimmer=OFF(0%) Cover=100% Switch=OFF Climate=ON(22.0°C,m=0) Fan=OFF(0%) Num=50.0 Sel=0 | stress: 50 temps, 0/20 sw ON, 10/10 lt ON
2026-04-11 08:48:59,918 [INFO] Broadcast 95 telegrams to 1 client(s) | Temp=25.2°C Hum=48.2% Light=OFF Dimmer=OFF(0%) Cover=100% Switch=OFF Climate=ON(22.0°C,m=0) Fan=OFF(0%) Num=50.0 Sel=0 | stress: 50 temps, 0/20 sw ON, 10/10 lt ON
2026-04-11 08:49:10,016 [INFO] Broadcast 95 telegrams to 1 client(s) | Temp=25.1°C Hum=48.7% Light=OFF Dimmer=OFF(0%) Cover=100% Switch=OFF Climate=ON(22.0°C,m=0) Fan=OFF(0%) Num=50.0 Sel=0 | stress: 50 temps, 0/20 sw ON, 10/10 lt ON
2026-04-11 08:49:20,096 [INFO] Broadcast 95 telegrams to 1 client(s) | Temp=25.1°C Hum=48.7% Light=OFF Dimmer=OFF(0%) Cover=100% Switch=OFF Climate=ON(22.0°C,m=0) Fan=OFF(0%) Num=50.0 Sel=0 | stress: 50 temps, 0/20 sw ON, 10/10 lt ON
2026-04-11 08:49:30,179 [INFO] Broadcast 95 telegrams to 1 client(s) | Temp=25.0°C Hum=48.3% Light=OFF Dimmer=OFF(0%) Cover=100% Switch=OFF Climate=ON(22.0°C,m=0) Fan=OFF(0%) Num=50.0 Sel=0 | stress: 50 temps, 0/20 sw ON, 10/10 lt ON
2026-04-11 08:49:40,268 [INFO] Broadcast 95 telegrams to 1 client(s) | Temp=25.2°C Hum=48.1% Light=OFF Dimmer=OFF(0%) Cover=100% Switch=OFF Climate=ON(22.0°C,m=0) Fan=OFF(0%) Num=50.0 Sel=0 | stress: 50 temps, 0/20 sw ON, 10/10 lt ON
2026-04-11 08:49:50,750 [INFO] Broadcast 95 telegrams to 1 client(s) | Temp=25.5°C Hum=48.5% Light=OFF Dimmer=OFF(0%) Cover=100% Switch=OFF Climate=ON(22.0°C,m=0) Fan=OFF(0%) Num=50.0 Sel=0 | stress: 50 temps, 0/20 sw ON, 10/10 lt ON
2026-04-11 08:50:00,869 [INFO] Broadcast 95 telegrams to 1 client(s) | Temp=25.4°C Hum=48.0% Light=OFF Dimmer=OFF(0%) Cover=100% Switch=OFF Climate=ON(22.0°C,m=0) Fan=OFF(0%) Num=50.0 Sel=0 | stress: 50 temps, 0/20 sw ON, 10/10 lt ON
2026-04-11 08:50:10,970 [INFO] Broadcast 95 telegrams to 1 client(s) | Temp=25.3°C Hum=48.1% Light=OFF Dimmer=OFF(0%) Cover=100% Switch=OFF Climate=ON(22.0°C,m=0) Fan=OFF(0%) Num=50.0 Sel=0 | stress: 50 temps, 0/20 sw ON, 10/10 lt ON
2026-04-11 08:50:21,093 [INFO] Broadcast 95 telegrams to 1 client(s) | Temp=25.2°C Hum=47.8% Light=OFF Dimmer=OFF(0%) Cover=100% Switch=OFF Climate=ON(22.0°C,m=0) Fan=OFF(0%) Num=50.0 Sel=0 | stress: 50 temps, 0/20 sw ON, 10/10 lt ON
2026-04-11 08:50:31,209 [INFO] Broadcast 95 telegrams to 1 client(s) | Temp=25.4°C Hum=47.5% Light=OFF Dimmer=OFF(0%) Cover=100% Switch=OFF Climate=ON(22.0°C,m=0) Fan=OFF(0%) Num=50.0 Sel=0 | stress: 50 temps, 0/20 sw ON, 10/10 lt ON
2026-04-11 08:50:41,311 [INFO] Broadcast 95 telegrams to 1 client(s) | Temp=25.2°C Hum=47.1% Light=OFF Dimmer=OFF(0%) Cover=100% Switch=OFF Climate=ON(22.0°C,m=0) Fan=OFF(0%) Num=50.0 Sel=0 | stress: 50 temps, 0/20 sw ON, 10/10 lt ON
2026-04-11 08:50:51,412 [INFO] Broadcast 95 telegrams to 1 client(s) | Temp=25.3°C Hum=47.2% Light=OFF Dimmer=OFF(0%) Cover=100% Switch=OFF Climate=ON(22.0°C,m=0) Fan=OFF(0%) Num=50.0 Sel=0 | stress: 50 temps, 0/20 sw ON, 10/10 lt ON
2026-04-11 08:51:01,753 [INFO] Broadcast 95 telegrams to 1 client(s) | Temp=25.4°C Hum=47.1% Light=OFF Dimmer=OFF(0%) Cover=100% Switch=OFF Climate=ON(22.0°C,m=0) Fan=OFF(0%) Num=50.0 Sel=0 | stress: 50 temps, 0/20 sw ON, 10/10 lt ON
2026-04-11 08:51:11,844 [INFO] Broadcast 95 telegrams to 1 client(s) | Temp=25.3°C Hum=46.7% Light=OFF Dimmer=OFF(0%) Cover=100% Switch=OFF Climate=ON(22.0°C,m=0) Fan=OFF(0%) Num=50.0 Sel=0 | stress: 50 temps, 0/20 sw ON, 10/10 lt ON
2026-04-11 08:51:21,958 [INFO] Broadcast 95 telegrams to 1 client(s) | Temp=25.4°C Hum=46.5% Light=OFF Dimmer=OFF(0%) Cover=100% Switch=OFF Climate=ON(22.0°C,m=0) Fan=OFF(0%) Num=50.0 Sel=0 | stress: 50 temps, 0/20 sw ON, 10/10 lt ON
2026-04-11 08:51:32,063 [INFO] Broadcast 95 telegrams to 1 client(s) | Temp=25.3°C Hum=46.5% Light=OFF Dimmer=OFF(0%) Cover=100% Switch=OFF Climate=ON(22.0°C,m=0) Fan=OFF(0%) Num=50.0 Sel=0 | stress: 50 temps, 0/20 sw ON, 10/10 lt ON
2026-04-11 08:51:42,146 [INFO] Broadcast 95 telegrams to 1 client(s) | Temp=25.3°C Hum=46.8% Light=OFF Dimmer=OFF(0%) Cover=100% Switch=OFF Climate=ON(22.0°C,m=0) Fan=OFF(0%) Num=50.0 Sel=0 | stress: 50 temps, 0/20 sw ON, 10/10 lt ON
2026-04-11 08:51:52,275 [INFO] Broadcast 95 telegrams to 1 client(s) | Temp=25.4°C Hum=46.7% Light=OFF Dimmer=OFF(0%) Cover=100% Switch=OFF Climate=ON(22.0°C,m=0) Fan=OFF(0%) Num=50.0 Sel=0 | stress: 50 temps, 0/20 sw ON, 10/10 lt ON
2026-04-11 08:52:02,376 [INFO] Broadcast 95 telegrams to 1 client(s) | Temp=25.3°C Hum=47.0% Light=OFF Dimmer=OFF(0%) Cover=100% Switch=OFF Climate=ON(22.0°C,m=0) Fan=OFF(0%) Num=50.0 Sel=0 | stress: 50 temps, 0/20 sw ON, 10/10 lt ON
2026-04-11 08:52:12,758 [INFO] Broadcast 95 telegrams to 1 client(s) | Temp=25.5°C Hum=47.4% Light=OFF Dimmer=OFF(0%) Cover=100% Switch=OFF Climate=ON(22.0°C,m=0) Fan=OFF(0%) Num=50.0 Sel=0 | stress: 50 temps, 0/20 sw ON, 10/10 lt ON
2026-04-11 08:52:22,841 [INFO] Broadcast 95 telegrams to 1 client(s) | Temp=25.4°C Hum=47.0% Light=OFF Dimmer=OFF(0%) Cover=100% Switch=OFF Climate=ON(22.0°C,m=0) Fan=OFF(0%) Num=50.0 Sel=0 | stress: 50 temps, 0/20 sw ON, 10/10 lt ON
2026-04-11 08:52:32,944 [INFO] Broadcast 95 telegrams to 1 client(s) | Temp=25.3°C Hum=47.1% Light=OFF Dimmer=OFF(0%) Cover=100% Switch=OFF Climate=ON(22.0°C,m=0) Fan=OFF(0%) Num=50.0 Sel=0 | stress: 50 temps, 0/20 sw ON, 10/10 lt ON
2026-04-11 08:52:43,079 [INFO] Broadcast 95 telegrams to 1 client(s) | Temp=25.2°C Hum=47.4% Light=OFF Dimmer=OFF(0%) Cover=100% Switch=OFF Climate=ON(22.0°C,m=0) Fan=OFF(0%) Num=50.0 Sel=0 | stress: 50 temps, 0/20 sw ON, 10/10 lt ON
2026-04-11 08:52:53,168 [INFO] Broadcast 95 telegrams to 1 client(s) | Temp=25.1°C Hum=47.0% Light=OFF Dimmer=OFF(0%) Cover=100% Switch=OFF Climate=ON(22.0°C,m=0) Fan=OFF(0%) Num=50.0 Sel=0 | stress: 50 temps, 0/20 sw ON, 10/10 lt ON
2026-04-11 08:53:03,286 [INFO] Broadcast 95 telegrams to 1 client(s) | Temp=25.0°C Hum=47.3% Light=OFF Dimmer=OFF(0%) Cover=100% Switch=OFF Climate=ON(22.0°C,m=0) Fan=OFF(0%) Num=50.0 Sel=0 | stress: 50 temps, 0/20 sw ON, 10/10 lt ON
2026-04-11 08:53:13,374 [INFO] Broadcast 95 telegrams to 1 client(s) | Temp=25.1°C Hum=47.1% Light=OFF Dimmer=OFF(0%) Cover=100% Switch=OFF Climate=ON(22.0°C,m=0) Fan=OFF(0%) Num=50.0 Sel=0 | stress: 50 temps, 0/20 sw ON, 10/10 lt ON
2026-04-11 08:53:23,760 [INFO] Broadcast 95 telegrams to 1 client(s) | Temp=25.0°C Hum=47.5% Light=OFF Dimmer=OFF(0%) Cover=100% Switch=OFF Climate=ON(22.0°C,m=0) Fan=OFF(0%) Num=50.0 Sel=0 | stress: 50 temps, 0/20 sw ON, 10/10 lt ON
2026-04-11 08:53:33,886 [INFO] Broadcast 95 telegrams to 1 client(s) | Temp=25.1°C Hum=47.5% Light=OFF Dimmer=OFF(0%) Cover=100% Switch=OFF Climate=ON(22.0°C,m=0) Fan=OFF(0%) Num=50.0 Sel=0 | stress: 50 temps, 0/20 sw ON, 10/10 lt ON
2026-04-11 08:53:43,982 [INFO] Broadcast 95 telegrams to 1 client(s) | Temp=25.1°C Hum=47.4% Light=OFF Dimmer=OFF(0%) Cover=100% Switch=OFF Climate=ON(22.0°C,m=0) Fan=OFF(0%) Num=50.0 Sel=0 | stress: 50 temps, 0/20 sw ON, 10/10 lt ON
2026-04-11 08:53:54,064 [INFO] Broadcast 95 telegrams to 1 client(s) | Temp=24.9°C Hum=47.7% Light=OFF Dimmer=OFF(0%) Cover=100% Switch=OFF Climate=ON(22.0°C,m=0) Fan=OFF(0%) Num=50.0 Sel=0 | stress: 50 temps, 0/20 sw ON, 10/10 lt ON
2026-04-11 08:54:04,183 [INFO] Broadcast 95 telegrams to 1 client(s) | Temp=25.1°C Hum=47.9% Light=OFF Dimmer=OFF(0%) Cover=100% Switch=OFF Climate=ON(22.0°C,m=0) Fan=OFF(0%) Num=50.0 Sel=0 | stress: 50 temps, 0/20 sw ON, 10/10 lt ON
2026-04-11 08:54:14,277 [INFO] Broadcast 95 telegrams to 1 client(s) | Temp=25.3°C Hum=48.0% Light=OFF Dimmer=OFF(0%) Cover=100% Switch=OFF Climate=ON(22.0°C,m=0) Fan=OFF(0%) Num=50.0 Sel=0 | stress: 50 temps, 0/20 sw ON, 10/10 lt ON
2026-04-11 08:54:24,760 [INFO] Broadcast 95 telegrams to 1 client(s) | Temp=25.5°C Hum=48.4% Light=OFF Dimmer=OFF(0%) Cover=100% Switch=OFF Climate=ON(22.0°C,m=0) Fan=OFF(0%) Num=50.0 Sel=0 | stress: 50 temps, 0/20 sw ON, 10/10 lt ON
2026-04-11 08:54:34,839 [INFO] Broadcast 95 telegrams to 1 client(s) | Temp=25.6°C Hum=48.6% Light=OFF Dimmer=OFF(0%) Cover=100% Switch=OFF Climate=ON(22.0°C,m=0) Fan=OFF(0%) Num=50.0 Sel=0 | stress: 50 temps, 0/20 sw ON, 10/10 lt ON
2026-04-11 08:54:44,922 [INFO] Broadcast 95 telegrams to 1 client(s) | Temp=25.3°C Hum=48.6% Light=OFF Dimmer=OFF(0%) Cover=100% Switch=OFF Climate=ON(22.0°C,m=0) Fan=OFF(0%) Num=50.0 Sel=0 | stress: 50 temps, 0/20 sw ON, 10/10 lt ON
2026-04-11 08:54:55,017 [INFO] Broadcast 95 telegrams to 1 client(s) | Temp=25.2°C Hum=48.7% Light=OFF Dimmer=OFF(0%) Cover=100% Switch=OFF Climate=ON(22.0°C,m=0) Fan=OFF(0%) Num=50.0 Sel=0 | stress: 50 temps, 0/20 sw ON, 10/10 lt ON
2026-04-11 08:55:05,109 [INFO] Broadcast 95 telegrams to 1 client(s) | Temp=25.1°C Hum=48.8% Light=OFF Dimmer=OFF(0%) Cover=100% Switch=OFF Climate=ON(22.0°C,m=0) Fan=OFF(0%) Num=50.0 Sel=0 | stress: 50 temps, 0/20 sw ON, 10/10 lt ON
2026-04-11 08:55:15,189 [INFO] Broadcast 95 telegrams to 1 client(s) | Temp=24.8°C Hum=49.1% Light=OFF Dimmer=OFF(0%) Cover=100% Switch=OFF Climate=ON(22.0°C,m=0) Fan=OFF(0%) Num=50.0 Sel=0 | stress: 50 temps, 0/20 sw ON, 10/10 lt ON
2026-04-11 08:55:25,287 [INFO] Broadcast 95 telegrams to 1 client(s) | Temp=24.8°C Hum=49.3% Light=OFF Dimmer=OFF(0%) Cover=100% Switch=OFF Climate=ON(22.0°C,m=0) Fan=OFF(0%) Num=50.0 Sel=0 | stress: 50 temps, 0/20 sw ON, 10/10 lt ON
2026-04-11 08:55:35,773 [INFO] Broadcast 95 telegrams to 1 client(s) | Temp=25.0°C Hum=49.1% Light=OFF Dimmer=OFF(0%) Cover=100% Switch=OFF Climate=ON(22.0°C,m=0) Fan=OFF(0%) Num=50.0 Sel=0 | stress: 50 temps, 0/20 sw ON, 10/10 lt ON
2026-04-11 08:55:45,875 [INFO] Broadcast 95 telegrams to 1 client(s) | Temp=24.9°C Hum=48.8% Light=OFF Dimmer=OFF(0%) Cover=100% Switch=OFF Climate=ON(22.0°C,m=0) Fan=OFF(0%) Num=50.0 Sel=0 | stress: 50 temps, 0/20 sw ON, 10/10 lt ON
2026-04-11 08:55:55,969 [INFO] Broadcast 95 telegrams to 1 client(s) | Temp=24.8°C Hum=48.8% Light=OFF Dimmer=OFF(0%) Cover=100% Switch=OFF Climate=ON(22.0°C,m=0) Fan=OFF(0%) Num=50.0 Sel=0 | stress: 50 temps, 0/20 sw ON, 10/10 lt ON
2026-04-11 08:56:06,058 [INFO] Broadcast 95 telegrams to 1 client(s) | Temp=24.6°C Hum=48.7% Light=OFF Dimmer=OFF(0%) Cover=100% Switch=OFF Climate=ON(22.0°C,m=0) Fan=OFF(0%) Num=50.0 Sel=0 | stress: 50 temps, 0/20 sw ON, 10/10 lt ON
2026-04-11 08:56:16,150 [INFO] Broadcast 95 telegrams to 1 client(s) | Temp=24.7°C Hum=48.4% Light=OFF Dimmer=OFF(0%) Cover=100% Switch=OFF Climate=ON(22.0°C,m=0) Fan=OFF(0%) Num=50.0 Sel=0 | stress: 50 temps, 0/20 sw ON, 10/10 lt ON
2026-04-11 08:56:26,243 [INFO] Broadcast 95 telegrams to 1 client(s) | Temp=25.0°C Hum=48.1% Light=OFF Dimmer=OFF(0%) Cover=100% Switch=OFF Climate=ON(22.0°C,m=0) Fan=OFF(0%) Num=50.0 Sel=0 | stress: 50 temps, 0/20 sw ON, 10/10 lt ON
2026-04-11 08:56:36,343 [INFO] Broadcast 95 telegrams to 1 client(s) | Temp=24.9°C Hum=48.5% Light=OFF Dimmer=OFF(0%) Cover=100% Switch=OFF Climate=ON(22.0°C,m=0) Fan=OFF(0%) Num=50.0 Sel=0 | stress: 50 temps, 0/20 sw ON, 10/10 lt ON
2026-04-11 08:56:46,783 [INFO] Broadcast 95 telegrams to 1 client(s) | Temp=25.1°C Hum=48.3% Light=OFF Dimmer=OFF(0%) Cover=100% Switch=OFF Climate=ON(22.0°C,m=0) Fan=OFF(0%) Num=50.0 Sel=0 | stress: 50 temps, 0/20 sw ON, 10/10 lt ON
2026-04-11 08:56:56,875 [INFO] Broadcast 95 telegrams to 1 client(s) | Temp=25.3°C Hum=48.2% Light=OFF Dimmer=OFF(0%) Cover=100% Switch=OFF Climate=ON(22.0°C,m=0) Fan=OFF(0%) Num=50.0 Sel=0 | stress: 50 temps, 0/20 sw ON, 10/10 lt ON
2026-04-11 08:57:06,991 [INFO] Broadcast 95 telegrams to 1 client(s) | Temp=25.2°C Hum=48.5% Light=OFF Dimmer=OFF(0%) Cover=100% Switch=OFF Climate=ON(22.0°C,m=0) Fan=OFF(0%) Num=50.0 Sel=0 | stress: 50 temps, 0/20 sw ON, 10/10 lt ON
2026-04-11 08:57:17,097 [INFO] Broadcast 95 telegrams to 1 client(s) | Temp=24.9°C Hum=48.6% Light=OFF Dimmer=OFF(0%) Cover=100% Switch=OFF Climate=ON(22.0°C,m=0) Fan=OFF(0%) Num=50.0 Sel=0 | stress: 50 temps, 0/20 sw ON, 10/10 lt ON
2026-04-11 08:57:27,181 [INFO] Broadcast 95 telegrams to 1 client(s) | Temp=25.1°C Hum=48.7% Light=OFF Dimmer=OFF(0%) Cover=100% Switch=OFF Climate=ON(22.0°C,m=0) Fan=OFF(0%) Num=50.0 Sel=0 | stress: 50 temps, 0/20 sw ON, 10/10 lt ON
2026-04-11 08:57:37,266 [INFO] Broadcast 95 telegrams to 1 client(s) | Temp=25.0°C Hum=48.8% Light=OFF Dimmer=OFF(0%) Cover=100% Switch=OFF Climate=ON(22.0°C,m=0) Fan=OFF(0%) Num=50.0 Sel=0 | stress: 50 temps, 0/20 sw ON, 10/10 lt ON
2026-04-11 08:57:47,354 [INFO] Broadcast 95 telegrams to 1 client(s) | Temp=25.2°C Hum=48.9% Light=OFF Dimmer=OFF(0%) Cover=100% Switch=OFF Climate=ON(22.0°C,m=0) Fan=OFF(0%) Num=50.0 Sel=0 | stress: 50 temps, 0/20 sw ON, 10/10 lt ON
2026-04-11 08:57:57,792 [INFO] Broadcast 95 telegrams to 1 client(s) | Temp=25.0°C Hum=48.9% Light=OFF Dimmer=OFF(0%) Cover=100% Switch=OFF Climate=ON(22.0°C,m=0) Fan=OFF(0%) Num=50.0 Sel=0 | stress: 50 temps, 0/20 sw ON, 10/10 lt ON
2026-04-11 08:58:07,894 [INFO] Broadcast 95 telegrams to 1 client(s) | Temp=24.8°C Hum=48.4% Light=OFF Dimmer=OFF(0%) Cover=100% Switch=OFF Climate=ON(22.0°C,m=0) Fan=OFF(0%) Num=50.0 Sel=0 | stress: 50 temps, 0/20 sw ON, 10/10 lt ON
2026-04-11 08:58:18,006 [INFO] Broadcast 95 telegrams to 1 client(s) | Temp=24.9°C Hum=48.6% Light=OFF Dimmer=OFF(0%) Cover=100% Switch=OFF Climate=ON(22.0°C,m=0) Fan=OFF(0%) Num=50.0 Sel=0 | stress: 50 temps, 0/20 sw ON, 10/10 lt ON
2026-04-11 08:58:28,097 [INFO] Broadcast 95 telegrams to 1 client(s) | Temp=24.7°C Hum=48.2% Light=OFF Dimmer=OFF(0%) Cover=100% Switch=OFF Climate=ON(22.0°C,m=0) Fan=OFF(0%) Num=50.0 Sel=0 | stress: 50 temps, 0/20 sw ON, 10/10 lt ON
2026-04-11 08:58:38,192 [INFO] Broadcast 95 telegrams to 1 client(s) | Temp=24.9°C Hum=47.9% Light=OFF Dimmer=OFF(0%) Cover=100% Switch=OFF Climate=ON(22.0°C,m=0) Fan=OFF(0%) Num=50.0 Sel=0 | stress: 50 temps, 0/20 sw ON, 10/10 lt ON
2026-04-11 08:58:48,311 [INFO] Broadcast 95 telegrams to 1 client(s) | Temp=24.9°C Hum=48.0% Light=OFF Dimmer=OFF(0%) Cover=100% Switch=OFF Climate=ON(22.0°C,m=0) Fan=OFF(0%) Num=50.0 Sel=0 | stress: 50 temps, 0/20 sw ON, 10/10 lt ON
2026-04-11 08:58:58,399 [INFO] Broadcast 95 telegrams to 1 client(s) | Temp=25.0°C Hum=48.1% Light=OFF Dimmer=OFF(0%) Cover=100% Switch=OFF Climate=ON(22.0°C,m=0) Fan=OFF(0%) Num=50.0 Sel=0 | stress: 50 temps, 0/20 sw ON, 10/10 lt ON
2026-04-11 08:59:08,802 [INFO] Broadcast 95 telegrams to 1 client(s) | Temp=25.1°C Hum=47.7% Light=OFF Dimmer=OFF(0%) Cover=100% Switch=OFF Climate=ON(22.0°C,m=0) Fan=OFF(0%) Num=50.0 Sel=0 | stress: 50 temps, 0/20 sw ON, 10/10 lt ON
2026-04-11 08:59:18,913 [INFO] Broadcast 95 telegrams to 1 client(s) | Temp=24.9°C Hum=47.5% Light=OFF Dimmer=OFF(0%) Cover=100% Switch=OFF Climate=ON(22.0°C,m=0) Fan=OFF(0%) Num=50.0 Sel=0 | stress: 50 temps, 0/20 sw ON, 10/10 lt ON
2026-04-11 08:59:29,001 [INFO] Broadcast 95 telegrams to 1 client(s) | Temp=25.0°C Hum=48.0% Light=OFF Dimmer=OFF(0%) Cover=100% Switch=OFF Climate=ON(22.0°C,m=0) Fan=OFF(0%) Num=50.0 Sel=0 | stress: 50 temps, 0/20 sw ON, 10/10 lt ON
2026-04-11 08:59:39,096 [INFO] Broadcast 95 telegrams to 1 client(s) | Temp=25.1°C Hum=48.1% Light=OFF Dimmer=OFF(0%) Cover=100% Switch=OFF Climate=ON(22.0°C,m=0) Fan=OFF(0%) Num=50.0 Sel=0 | stress: 50 temps, 0/20 sw ON, 10/10 lt ON
2026-04-11 08:59:49,195 [INFO] Broadcast 95 telegrams to 1 client(s) | Temp=25.1°C Hum=47.7% Light=OFF Dimmer=OFF(0%) Cover=100% Switch=OFF Climate=ON(22.0°C,m=0) Fan=OFF(0%) Num=50.0 Sel=0 | stress: 50 temps, 0/20 sw ON, 10/10 lt ON
2026-04-11 08:59:59,289 [INFO] Broadcast 95 telegrams to 1 client(s) | Temp=25.3°C Hum=47.6% Light=OFF Dimmer=OFF(0%) Cover=100% Switch=OFF Climate=ON(22.0°C,m=0) Fan=OFF(0%) Num=50.0 Sel=0 | stress: 50 temps, 0/20 sw ON, 10/10 lt ON
2026-04-11 09:00:09,393 [INFO] Broadcast 95 telegrams to 1 client(s) | Temp=25.3°C Hum=47.7% Light=OFF Dimmer=OFF(0%) Cover=100% Switch=OFF Climate=ON(22.0°C,m=0) Fan=OFF(0%) Num=50.0 Sel=0 | stress: 50 temps, 0/20 sw ON, 10/10 lt ON
2026-04-11 09:00:19,808 [INFO] Broadcast 95 telegrams to 1 client(s) | Temp=25.5°C Hum=48.1% Light=OFF Dimmer=OFF(0%) Cover=100% Switch=OFF Climate=ON(22.0°C,m=0) Fan=OFF(0%) Num=50.0 Sel=0 | stress: 50 temps, 0/20 sw ON, 10/10 lt ON
2026-04-11 09:00:29,903 [INFO] Broadcast 95 telegrams to 1 client(s) | Temp=25.4°C Hum=48.0% Light=OFF Dimmer=OFF(0%) Cover=100% Switch=OFF Climate=ON(22.0°C,m=0) Fan=OFF(0%) Num=50.0 Sel=0 | stress: 50 temps, 0/20 sw ON, 10/10 lt ON
2026-04-11 09:00:40,003 [INFO] Broadcast 95 telegrams to 1 client(s) | Temp=25.2°C Hum=48.2% Light=OFF Dimmer=OFF(0%) Cover=100% Switch=OFF Climate=ON(22.0°C,m=0) Fan=OFF(0%) Num=50.0 Sel=0 | stress: 50 temps, 0/20 sw ON, 10/10 lt ON
2026-04-11 09:00:50,091 [INFO] Broadcast 95 telegrams to 1 client(s) | Temp=25.5°C Hum=47.8% Light=OFF Dimmer=OFF(0%) Cover=100% Switch=OFF Climate=ON(22.0°C,m=0) Fan=OFF(0%) Num=50.0 Sel=0 | stress: 50 temps, 0/20 sw ON, 10/10 lt ON
2026-04-11 09:01:00,187 [INFO] Broadcast 95 telegrams to 1 client(s) | Temp=25.7°C Hum=47.5% Light=OFF Dimmer=OFF(0%) Cover=100% Switch=OFF Climate=ON(22.0°C,m=0) Fan=OFF(0%) Num=50.0 Sel=0 | stress: 50 temps, 0/20 sw ON, 10/10 lt ON
2026-04-11 09:01:10,305 [INFO] Broadcast 95 telegrams to 1 client(s) | Temp=25.9°C Hum=47.7% Light=OFF Dimmer=OFF(0%) Cover=100% Switch=OFF Climate=ON(22.0°C,m=0) Fan=OFF(0%) Num=50.0 Sel=0 | stress: 50 temps, 0/20 sw ON, 10/10 lt ON
2026-04-11 09:01:20,383 [INFO] Broadcast 95 telegrams to 1 client(s) | Temp=25.6°C Hum=47.8% Light=OFF Dimmer=OFF(0%) Cover=100% Switch=OFF Climate=ON(22.0°C,m=0) Fan=OFF(0%) Num=50.0 Sel=0 | stress: 50 temps, 0/20 sw ON, 10/10 lt ON
2026-04-11 09:01:30,815 [INFO] Broadcast 95 telegrams to 1 client(s) | Temp=25.5°C Hum=47.7% Light=OFF Dimmer=OFF(0%) Cover=100% Switch=OFF Climate=ON(22.0°C,m=0) Fan=OFF(0%) Num=50.0 Sel=0 | stress: 50 temps, 0/20 sw ON, 10/10 lt ON
2026-04-11 09:01:40,913 [INFO] Broadcast 95 telegrams to 1 client(s) | Temp=25.5°C Hum=47.3% Light=OFF Dimmer=OFF(0%) Cover=100% Switch=OFF Climate=ON(22.0°C,m=0) Fan=OFF(0%) Num=50.0 Sel=0 | stress: 50 temps, 0/20 sw ON, 10/10 lt ON
2026-04-11 09:01:51,007 [INFO] Broadcast 95 telegrams to 1 client(s) | Temp=25.6°C Hum=47.1% Light=OFF Dimmer=OFF(0%) Cover=100% Switch=OFF Climate=ON(22.0°C,m=0) Fan=OFF(0%) Num=50.0 Sel=0 | stress: 50 temps, 0/20 sw ON, 10/10 lt ON
2026-04-11 09:02:01,105 [INFO] Broadcast 95 telegrams to 1 client(s) | Temp=25.3°C Hum=47.2% Light=OFF Dimmer=OFF(0%) Cover=100% Switch=OFF Climate=ON(22.0°C,m=0) Fan=OFF(0%) Num=50.0 Sel=0 | stress: 50 temps, 0/20 sw ON, 10/10 lt ON
2026-04-11 09:02:11,194 [INFO] Broadcast 95 telegrams to 1 client(s) | Temp=25.2°C Hum=46.8% Light=OFF Dimmer=OFF(0%) Cover=100% Switch=OFF Climate=ON(22.0°C,m=0) Fan=OFF(0%) Num=50.0 Sel=0 | stress: 50 temps, 0/20 sw ON, 10/10 lt ON
2026-04-11 09:02:21,301 [INFO] Broadcast 95 telegrams to 1 client(s) | Temp=25.4°C Hum=46.4% Light=OFF Dimmer=OFF(0%) Cover=100% Switch=OFF Climate=ON(22.0°C,m=0) Fan=OFF(0%) Num=50.0 Sel=0 | stress: 50 temps, 0/20 sw ON, 10/10 lt ON
2026-04-11 09:02:31,384 [INFO] Broadcast 95 telegrams to 1 client(s) | Temp=25.6°C Hum=46.5% Light=OFF Dimmer=OFF(0%) Cover=100% Switch=OFF Climate=ON(22.0°C,m=0) Fan=OFF(0%) Num=50.0 Sel=0 | stress: 50 temps, 0/20 sw ON, 10/10 lt ON
2026-04-11 09:02:41,820 [INFO] Broadcast 95 telegrams to 1 client(s) | Temp=25.8°C Hum=46.1% Light=OFF Dimmer=OFF(0%) Cover=100% Switch=OFF Climate=ON(22.0°C,m=0) Fan=OFF(0%) Num=50.0 Sel=0 | stress: 50 temps, 0/20 sw ON, 10/10 lt ON
2026-04-11 09:02:51,953 [INFO] Broadcast 95 telegrams to 1 client(s) | Temp=26.0°C Hum=46.0% Light=OFF Dimmer=OFF(0%) Cover=100% Switch=OFF Climate=ON(22.0°C,m=0) Fan=OFF(0%) Num=50.0 Sel=0 | stress: 50 temps, 0/20 sw ON, 10/10 lt ON
2026-04-11 09:03:02,049 [INFO] Broadcast 95 telegrams to 1 client(s) | Temp=26.1°C Hum=46.0% Light=OFF Dimmer=OFF(0%) Cover=100% Switch=OFF Climate=ON(22.0°C,m=0) Fan=OFF(0%) Num=50.0 Sel=0 | stress: 50 temps, 0/20 sw ON, 10/10 lt ON
2026-04-11 09:03:12,148 [INFO] Broadcast 95 telegrams to 1 client(s) | Temp=26.0°C Hum=46.0% Light=OFF Dimmer=OFF(0%) Cover=100% Switch=OFF Climate=ON(22.0°C,m=0) Fan=OFF(0%) Num=50.0 Sel=0 | stress: 50 temps, 0/20 sw ON, 10/10 lt ON
2026-04-11 09:03:22,260 [INFO] Broadcast 95 telegrams to 1 client(s) | Temp=26.1°C Hum=46.2% Light=OFF Dimmer=OFF(0%) Cover=100% Switch=OFF Climate=ON(22.0°C,m=0) Fan=OFF(0%) Num=50.0 Sel=0 | stress: 50 temps, 0/20 sw ON, 10/10 lt ON
2026-04-11 09:03:32,348 [INFO] Broadcast 95 telegrams to 1 client(s) | Temp=25.8°C Hum=46.4% Light=OFF Dimmer=OFF(0%) Cover=100% Switch=OFF Climate=ON(22.0°C,m=0) Fan=OFF(0%) Num=50.0 Sel=0 | stress: 50 temps, 0/20 sw ON, 10/10 lt ON
2026-04-11 09:03:42,450 [INFO] Broadcast 95 telegrams to 1 client(s) | Temp=25.9°C Hum=46.3% Light=OFF Dimmer=OFF(0%) Cover=100% Switch=OFF Climate=ON(22.0°C,m=0) Fan=OFF(0%) Num=50.0 Sel=0 | stress: 50 temps, 0/20 sw ON, 10/10 lt ON
2026-04-11 09:03:52,825 [INFO] Broadcast 95 telegrams to 1 client(s) | Temp=25.9°C Hum=46.4% Light=OFF Dimmer=OFF(0%) Cover=100% Switch=OFF Climate=ON(22.0°C,m=0) Fan=OFF(0%) Num=50.0 Sel=0 | stress: 50 temps, 0/20 sw ON, 10/10 lt ON
2026-04-11 09:04:02,907 [INFO] Broadcast 95 telegrams to 1 client(s) | Temp=25.7°C Hum=46.5% Light=OFF Dimmer=OFF(0%) Cover=100% Switch=OFF Climate=ON(22.0°C,m=0) Fan=OFF(0%) Num=50.0 Sel=0 | stress: 50 temps, 0/20 sw ON, 10/10 lt ON
2026-04-11 09:04:12,985 [INFO] Broadcast 95 telegrams to 1 client(s) | Temp=25.6°C Hum=46.2% Light=OFF Dimmer=OFF(0%) Cover=100% Switch=OFF Climate=ON(22.0°C,m=0) Fan=OFF(0%) Num=50.0 Sel=0 | stress: 50 temps, 0/20 sw ON, 10/10 lt ON
2026-04-11 09:04:23,092 [INFO] Broadcast 95 telegrams to 1 client(s) | Temp=25.7°C Hum=46.2% Light=OFF Dimmer=OFF(0%) Cover=100% Switch=OFF Climate=ON(22.0°C,m=0) Fan=OFF(0%) Num=50.0 Sel=0 | stress: 50 temps, 0/20 sw ON, 10/10 lt ON
2026-04-11 09:04:33,202 [INFO] Broadcast 95 telegrams to 1 client(s) | Temp=26.0°C Hum=45.7% Light=OFF Dimmer=OFF(0%) Cover=100% Switch=OFF Climate=ON(22.0°C,m=0) Fan=OFF(0%) Num=50.0 Sel=0 | stress: 50 temps, 0/20 sw ON, 10/10 lt ON
2026-04-11 09:04:43,314 [INFO] Broadcast 95 telegrams to 1 client(s) | Temp=25.8°C Hum=45.3% Light=OFF Dimmer=OFF(0%) Cover=100% Switch=OFF Climate=ON(22.0°C,m=0) Fan=OFF(0%) Num=50.0 Sel=0 | stress: 50 temps, 0/20 sw ON, 10/10 lt ON
2026-04-11 09:04:53,473 [INFO] Broadcast 95 telegrams to 1 client(s) | Temp=25.9°C Hum=45.2% Light=OFF Dimmer=OFF(0%) Cover=100% Switch=OFF Climate=ON(22.0°C,m=0) Fan=OFF(0%) Num=50.0 Sel=0 | stress: 50 temps, 0/20 sw ON, 10/10 lt ON
2026-04-11 09:05:03,829 [INFO] Broadcast 95 telegrams to 1 client(s) | Temp=25.8°C Hum=45.6% Light=OFF Dimmer=OFF(0%) Cover=100% Switch=OFF Climate=ON(22.0°C,m=0) Fan=OFF(0%) Num=50.0 Sel=0 | stress: 50 temps, 0/20 sw ON, 10/10 lt ON
2026-04-11 09:05:13,924 [INFO] Broadcast 95 telegrams to 1 client(s) | Temp=26.1°C Hum=45.4% Light=OFF Dimmer=OFF(0%) Cover=100% Switch=OFF Climate=ON(22.0°C,m=0) Fan=OFF(0%) Num=50.0 Sel=0 | stress: 50 temps, 0/20 sw ON, 10/10 lt ON
2026-04-11 09:05:24,021 [INFO] Broadcast 95 telegrams to 1 client(s) | Temp=26.1°C Hum=45.3% Light=OFF Dimmer=OFF(0%) Cover=100% Switch=OFF Climate=ON(22.0°C,m=0) Fan=OFF(0%) Num=50.0 Sel=0 | stress: 50 temps, 0/20 sw ON, 10/10 lt ON
2026-04-11 09:05:34,121 [INFO] Broadcast 95 telegrams to 1 client(s) | Temp=26.2°C Hum=45.2% Light=OFF Dimmer=OFF(0%) Cover=100% Switch=OFF Climate=ON(22.0°C,m=0) Fan=OFF(0%) Num=50.0 Sel=0 | stress: 50 temps, 0/20 sw ON, 10/10 lt ON
2026-04-11 09:05:44,204 [INFO] Broadcast 95 telegrams to 1 client(s) | Temp=26.0°C Hum=45.0% Light=OFF Dimmer=OFF(0%) Cover=100% Switch=OFF Climate=ON(22.0°C,m=0) Fan=OFF(0%) Num=50.0 Sel=0 | stress: 50 temps, 0/20 sw ON, 10/10 lt ON
2026-04-11 09:05:54,310 [INFO] Broadcast 95 telegrams to 1 client(s) | Temp=25.8°C Hum=45.0% Light=OFF Dimmer=OFF(0%) Cover=100% Switch=OFF Climate=ON(22.0°C,m=0) Fan=OFF(0%) Num=50.0 Sel=0 | stress: 50 temps, 0/20 sw ON, 10/10 lt ON
2026-04-11 09:06:04,825 [INFO] Broadcast 95 telegrams to 1 client(s) | Temp=25.7°C Hum=44.8% Light=OFF Dimmer=OFF(0%) Cover=100% Switch=OFF Climate=ON(22.0°C,m=0) Fan=OFF(0%) Num=50.0 Sel=0 | stress: 50 temps, 0/20 sw ON, 10/10 lt ON
2026-04-11 09:06:14,950 [INFO] Broadcast 95 telegrams to 1 client(s) | Temp=25.5°C Hum=44.7% Light=OFF Dimmer=OFF(0%) Cover=100% Switch=OFF Climate=ON(22.0°C,m=0) Fan=OFF(0%) Num=50.0 Sel=0 | stress: 50 temps, 0/20 sw ON, 10/10 lt ON
2026-04-11 09:06:25,055 [INFO] Broadcast 95 telegrams to 1 client(s) | Temp=25.6°C Hum=44.8% Light=OFF Dimmer=OFF(0%) Cover=100% Switch=OFF Climate=ON(22.0°C,m=0) Fan=OFF(0%) Num=50.0 Sel=0 | stress: 50 temps, 0/20 sw ON, 10/10 lt ON
2026-04-11 09:06:35,145 [INFO] Broadcast 95 telegrams to 1 client(s) | Temp=25.8°C Hum=45.2% Light=OFF Dimmer=OFF(0%) Cover=100% Switch=OFF Climate=ON(22.0°C,m=0) Fan=OFF(0%) Num=50.0 Sel=0 | stress: 50 temps, 0/20 sw ON, 10/10 lt ON
2026-04-11 09:06:45,251 [INFO] Broadcast 95 telegrams to 1 client(s) | Temp=25.7°C Hum=45.0% Light=OFF Dimmer=OFF(0%) Cover=100% Switch=OFF Climate=ON(22.0°C,m=0) Fan=OFF(0%) Num=50.0 Sel=0 | stress: 50 temps, 0/20 sw ON, 10/10 lt ON
2026-04-11 09:06:55,365 [INFO] Broadcast 95 telegrams to 1 client(s) | Temp=25.7°C Hum=44.8% Light=OFF Dimmer=OFF(0%) Cover=100% Switch=OFF Climate=ON(22.0°C,m=0) Fan=OFF(0%) Num=50.0 Sel=0 | stress: 50 temps, 0/20 sw ON, 10/10 lt ON
2026-04-11 09:07:05,439 [INFO] Broadcast 95 telegrams to 1 client(s) | Temp=25.9°C Hum=44.5% Light=OFF Dimmer=OFF(0%) Cover=100% Switch=OFF Climate=ON(22.0°C,m=0) Fan=OFF(0%) Num=50.0 Sel=0 | stress: 50 temps, 0/20 sw ON, 10/10 lt ON
2026-04-11 09:07:15,837 [INFO] Broadcast 95 telegrams to 1 client(s) | Temp=26.0°C Hum=44.8% Light=OFF Dimmer=OFF(0%) Cover=100% Switch=OFF Climate=ON(22.0°C,m=0) Fan=OFF(0%) Num=50.0 Sel=0 | stress: 50 temps, 0/20 sw ON, 10/10 lt ON
2026-04-11 09:07:25,916 [INFO] Broadcast 95 telegrams to 1 client(s) | Temp=26.3°C Hum=44.7% Light=OFF Dimmer=OFF(0%) Cover=100% Switch=OFF Climate=ON(22.0°C,m=0) Fan=OFF(0%) Num=50.0 Sel=0 | stress: 50 temps, 0/20 sw ON, 10/10 lt ON
2026-04-11 09:07:36,016 [INFO] Broadcast 95 telegrams to 1 client(s) | Temp=26.2°C Hum=45.0% Light=OFF Dimmer=OFF(0%) Cover=100% Switch=OFF Climate=ON(22.0°C,m=0) Fan=OFF(0%) Num=50.0 Sel=0 | stress: 50 temps, 0/20 sw ON, 10/10 lt ON
2026-04-11 09:07:46,107 [INFO] Broadcast 95 telegrams to 1 client(s) | Temp=26.3°C Hum=44.7% Light=OFF Dimmer=OFF(0%) Cover=100% Switch=OFF Climate=ON(22.0°C,m=0) Fan=OFF(0%) Num=50.0 Sel=0 | stress: 50 temps, 0/20 sw ON, 10/10 lt ON
2026-04-11 09:07:56,199 [INFO] Broadcast 95 telegrams to 1 client(s) | Temp=26.1°C Hum=45.2% Light=OFF Dimmer=OFF(0%) Cover=100% Switch=OFF Climate=ON(22.0°C,m=0) Fan=OFF(0%) Num=50.0 Sel=0 | stress: 50 temps, 0/20 sw ON, 10/10 lt ON
2026-04-11 09:08:06,292 [INFO] Broadcast 95 telegrams to 1 client(s) | Temp=26.2°C Hum=44.9% Light=OFF Dimmer=OFF(0%) Cover=100% Switch=OFF Climate=ON(22.0°C,m=0) Fan=OFF(0%) Num=50.0 Sel=0 | stress: 50 temps, 0/20 sw ON, 10/10 lt ON
2026-04-11 09:08:16,376 [INFO] Broadcast 95 telegrams to 1 client(s) | Temp=26.3°C Hum=44.9% Light=OFF Dimmer=OFF(0%) Cover=100% Switch=OFF Climate=ON(22.0°C,m=0) Fan=OFF(0%) Num=50.0 Sel=0 | stress: 50 temps, 0/20 sw ON, 10/10 lt ON
2026-04-11 09:08:26,850 [INFO] Broadcast 95 telegrams to 1 client(s) | Temp=26.2°C Hum=45.1% Light=OFF Dimmer=OFF(0%) Cover=100% Switch=OFF Climate=ON(22.0°C,m=0) Fan=OFF(0%) Num=50.0 Sel=0 | stress: 50 temps, 0/20 sw ON, 10/10 lt ON
2026-04-11 09:08:36,949 [INFO] Broadcast 95 telegrams to 1 client(s) | Temp=26.3°C Hum=45.0% Light=OFF Dimmer=OFF(0%) Cover=100% Switch=OFF Climate=ON(22.0°C,m=0) Fan=OFF(0%) Num=50.0 Sel=0 | stress: 50 temps, 0/20 sw ON, 10/10 lt ON
2026-04-11 09:08:47,032 [INFO] Broadcast 95 telegrams to 1 client(s) | Temp=26.1°C Hum=44.9% Light=OFF Dimmer=OFF(0%) Cover=100% Switch=OFF Climate=ON(22.0°C,m=0) Fan=OFF(0%) Num=50.0 Sel=0 | stress: 50 temps, 0/20 sw ON, 10/10 lt ON
2026-04-11 09:08:57,166 [INFO] Broadcast 95 telegrams to 1 client(s) | Temp=25.9°C Hum=44.7% Light=OFF Dimmer=OFF(0%) Cover=100% Switch=OFF Climate=ON(22.0°C,m=0) Fan=OFF(0%) Num=50.0 Sel=0 | stress: 50 temps, 0/20 sw ON, 10/10 lt ON
2026-04-11 09:09:07,285 [INFO] Broadcast 95 telegrams to 1 client(s) | Temp=25.7°C Hum=44.9% Light=OFF Dimmer=OFF(0%) Cover=100% Switch=OFF Climate=ON(22.0°C,m=0) Fan=OFF(0%) Num=50.0 Sel=0 | stress: 50 temps, 0/20 sw ON, 10/10 lt ON
2026-04-11 09:09:17,399 [INFO] Broadcast 95 telegrams to 1 client(s) | Temp=25.9°C Hum=45.3% Light=OFF Dimmer=OFF(0%) Cover=100% Switch=OFF Climate=ON(22.0°C,m=0) Fan=OFF(0%) Num=50.0 Sel=0 | stress: 50 temps, 0/20 sw ON, 10/10 lt ON
2026-04-11 09:09:27,489 [INFO] Broadcast 95 telegrams to 1 client(s) | Temp=25.6°C Hum=44.9% Light=OFF Dimmer=OFF(0%) Cover=100% Switch=OFF Climate=ON(22.0°C,m=0) Fan=OFF(0%) Num=50.0 Sel=0 | stress: 50 temps, 0/20 sw ON, 10/10 lt ON
2026-04-11 09:09:37,861 [INFO] Broadcast 95 telegrams to 1 client(s) | Temp=25.7°C Hum=45.4% Light=OFF Dimmer=OFF(0%) Cover=100% Switch=OFF Climate=ON(22.0°C,m=0) Fan=OFF(0%) Num=50.0 Sel=0 | stress: 50 temps, 0/20 sw ON, 10/10 lt ON
2026-04-11 09:09:47,969 [INFO] Broadcast 95 telegrams to 1 client(s) | Temp=25.8°C Hum=44.9% Light=OFF Dimmer=OFF(0%) Cover=100% Switch=OFF Climate=ON(22.0°C,m=0) Fan=OFF(0%) Num=50.0 Sel=0 | stress: 50 temps, 0/20 sw ON, 10/10 lt ON
2026-04-11 09:09:58,069 [INFO] Broadcast 95 telegrams to 1 client(s) | Temp=25.7°C Hum=44.6% Light=OFF Dimmer=OFF(0%) Cover=100% Switch=OFF Climate=ON(22.0°C,m=0) Fan=OFF(0%) Num=50.0 Sel=0 | stress: 50 temps, 0/20 sw ON, 10/10 lt ON
2026-04-11 09:10:08,175 [INFO] Broadcast 95 telegrams to 1 client(s) | Temp=25.6°C Hum=44.3% Light=OFF Dimmer=OFF(0%) Cover=100% Switch=OFF Climate=ON(22.0°C,m=0) Fan=OFF(0%) Num=50.0 Sel=0 | stress: 50 temps, 0/20 sw ON, 10/10 lt ON
2026-04-11 09:10:18,298 [INFO] Broadcast 95 telegrams to 1 client(s) | Temp=25.5°C Hum=44.5% Light=OFF Dimmer=OFF(0%) Cover=100% Switch=OFF Climate=ON(22.0°C,m=0) Fan=OFF(0%) Num=50.0 Sel=0 | stress: 50 temps, 0/20 sw ON, 10/10 lt ON
2026-04-11 09:10:28,400 [INFO] Broadcast 95 telegrams to 1 client(s) | Temp=25.6°C Hum=44.5% Light=OFF Dimmer=OFF(0%) Cover=100% Switch=OFF Climate=ON(22.0°C,m=0) Fan=OFF(0%) Num=50.0 Sel=0 | stress: 50 temps, 0/20 sw ON, 10/10 lt ON
2026-04-11 09:10:38,509 [INFO] Broadcast 95 telegrams to 1 client(s) | Temp=25.8°C Hum=44.5% Light=OFF Dimmer=OFF(0%) Cover=100% Switch=OFF Climate=ON(22.0°C,m=0) Fan=OFF(0%) Num=50.0 Sel=0 | stress: 50 temps, 0/20 sw ON, 10/10 lt ON
2026-04-11 09:10:48,867 [INFO] Broadcast 95 telegrams to 1 client(s) | Temp=26.0°C Hum=44.5% Light=OFF Dimmer=OFF(0%) Cover=100% Switch=OFF Climate=ON(22.0°C,m=0) Fan=OFF(0%) Num=50.0 Sel=0 | stress: 50 temps, 0/20 sw ON, 10/10 lt ON
2026-04-11 09:10:58,957 [INFO] Broadcast 95 telegrams to 1 client(s) | Temp=26.0°C Hum=44.7% Light=OFF Dimmer=OFF(0%) Cover=100% Switch=OFF Climate=ON(22.0°C,m=0) Fan=OFF(0%) Num=50.0 Sel=0 | stress: 50 temps, 0/20 sw ON, 10/10 lt ON
2026-04-11 09:11:09,044 [INFO] Broadcast 95 telegrams to 1 client(s) | Temp=26.2°C Hum=45.1% Light=OFF Dimmer=OFF(0%) Cover=100% Switch=OFF Climate=ON(22.0°C,m=0) Fan=OFF(0%) Num=50.0 Sel=0 | stress: 50 temps, 0/20 sw ON, 10/10 lt ON
2026-04-11 09:11:19,142 [INFO] Broadcast 95 telegrams to 1 client(s) | Temp=26.4°C Hum=44.6% Light=OFF Dimmer=OFF(0%) Cover=100% Switch=OFF Climate=ON(22.0°C,m=0) Fan=OFF(0%) Num=50.0 Sel=0 | stress: 50 temps, 0/20 sw ON, 10/10 lt ON
2026-04-11 09:11:29,250 [INFO] Broadcast 95 telegrams to 1 client(s) | Temp=26.4°C Hum=44.2% Light=OFF Dimmer=OFF(0%) Cover=100% Switch=OFF Climate=ON(22.0°C,m=0) Fan=OFF(0%) Num=50.0 Sel=0 | stress: 50 temps, 0/20 sw ON, 10/10 lt ON
2026-04-11 09:11:39,327 [INFO] Broadcast 95 telegrams to 1 client(s) | Temp=26.2°C Hum=43.8% Light=OFF Dimmer=OFF(0%) Cover=100% Switch=OFF Climate=ON(22.0°C,m=0) Fan=OFF(0%) Num=50.0 Sel=0 | stress: 50 temps, 0/20 sw ON, 10/10 lt ON
2026-04-11 09:11:49,406 [INFO] Broadcast 95 telegrams to 1 client(s) | Temp=26.4°C Hum=43.5% Light=OFF Dimmer=OFF(0%) Cover=100% Switch=OFF Climate=ON(22.0°C,m=0) Fan=OFF(0%) Num=50.0 Sel=0 | stress: 50 temps, 0/20 sw ON, 10/10 lt ON
2026-04-11 09:11:59,877 [INFO] Broadcast 95 telegrams to 1 client(s) | Temp=26.7°C Hum=43.6% Light=OFF Dimmer=OFF(0%) Cover=100% Switch=OFF Climate=ON(22.0°C,m=0) Fan=OFF(0%) Num=50.0 Sel=0 | stress: 50 temps, 0/20 sw ON, 10/10 lt ON
2026-04-11 09:12:09,970 [INFO] Broadcast 95 telegrams to 1 client(s) | Temp=26.6°C Hum=43.5% Light=OFF Dimmer=OFF(0%) Cover=100% Switch=OFF Climate=ON(22.0°C,m=0) Fan=OFF(0%) Num=50.0 Sel=0 | stress: 50 temps, 0/20 sw ON, 10/10 lt ON
2026-04-11 09:12:20,062 [INFO] Broadcast 95 telegrams to 1 client(s) | Temp=26.5°C Hum=43.0% Light=OFF Dimmer=OFF(0%) Cover=100% Switch=OFF Climate=ON(22.0°C,m=0) Fan=OFF(0%) Num=50.0 Sel=0 | stress: 50 temps, 0/20 sw ON, 10/10 lt ON
2026-04-11 09:12:30,152 [INFO] Broadcast 95 telegrams to 1 client(s) | Temp=26.5°C Hum=42.9% Light=OFF Dimmer=OFF(0%) Cover=100% Switch=OFF Climate=ON(22.0°C,m=0) Fan=OFF(0%) Num=50.0 Sel=0 | stress: 50 temps, 0/20 sw ON, 10/10 lt ON
2026-04-11 09:12:40,242 [INFO] Broadcast 95 telegrams to 1 client(s) | Temp=26.5°C Hum=43.3% Light=OFF Dimmer=OFF(0%) Cover=100% Switch=OFF Climate=ON(22.0°C,m=0) Fan=OFF(0%) Num=50.0 Sel=0 | stress: 50 temps, 0/20 sw ON, 10/10 lt ON
2026-04-11 09:12:50,352 [INFO] Broadcast 95 telegrams to 1 client(s) | Temp=26.7°C Hum=43.5% Light=OFF Dimmer=OFF(0%) Cover=100% Switch=OFF Climate=ON(22.0°C,m=0) Fan=OFF(0%) Num=50.0 Sel=0 | stress: 50 temps, 0/20 sw ON, 10/10 lt ON
2026-04-11 09:13:00,434 [INFO] Broadcast 95 telegrams to 1 client(s) | Temp=26.9°C Hum=43.7% Light=OFF Dimmer=OFF(0%) Cover=100% Switch=OFF Climate=ON(22.0°C,m=0) Fan=OFF(0%) Num=50.0 Sel=0 | stress: 50 temps, 0/20 sw ON, 10/10 lt ON
2026-04-11 09:13:10,885 [INFO] Broadcast 95 telegrams to 1 client(s) | Temp=26.6°C Hum=43.6% Light=OFF Dimmer=OFF(0%) Cover=100% Switch=OFF Climate=ON(22.0°C,m=0) Fan=OFF(0%) Num=50.0 Sel=0 | stress: 50 temps, 0/20 sw ON, 10/10 lt ON
2026-04-11 09:13:20,982 [INFO] Broadcast 95 telegrams to 1 client(s) | Temp=26.8°C Hum=43.2% Light=OFF Dimmer=OFF(0%) Cover=100% Switch=OFF Climate=ON(22.0°C,m=0) Fan=OFF(0%) Num=50.0 Sel=0 | stress: 50 temps, 0/20 sw ON, 10/10 lt ON
2026-04-11 09:13:31,065 [INFO] Broadcast 95 telegrams to 1 client(s) | Temp=26.8°C Hum=43.7% Light=OFF Dimmer=OFF(0%) Cover=100% Switch=OFF Climate=ON(22.0°C,m=0) Fan=OFF(0%) Num=50.0 Sel=0 | stress: 50 temps, 0/20 sw ON, 10/10 lt ON
2026-04-11 09:13:41,158 [INFO] Broadcast 95 telegrams to 1 client(s) | Temp=26.9°C Hum=43.6% Light=OFF Dimmer=OFF(0%) Cover=100% Switch=OFF Climate=ON(22.0°C,m=0) Fan=OFF(0%) Num=50.0 Sel=0 | stress: 50 temps, 0/20 sw ON, 10/10 lt ON
2026-04-11 09:13:51,264 [INFO] Broadcast 95 telegrams to 1 client(s) | Temp=26.7°C Hum=43.9% Light=OFF Dimmer=OFF(0%) Cover=100% Switch=OFF Climate=ON(22.0°C,m=0) Fan=OFF(0%) Num=50.0 Sel=0 | stress: 50 temps, 0/20 sw ON, 10/10 lt ON
2026-04-11 09:14:01,349 [INFO] Broadcast 95 telegrams to 1 client(s) | Temp=26.9°C Hum=43.6% Light=OFF Dimmer=OFF(0%) Cover=100% Switch=OFF Climate=ON(22.0°C,m=0) Fan=OFF(0%) Num=50.0 Sel=0 | stress: 50 temps, 0/20 sw ON, 10/10 lt ON
2026-04-11 09:14:11,446 [INFO] Broadcast 95 telegrams to 1 client(s) | Temp=26.7°C Hum=43.6% Light=OFF Dimmer=OFF(0%) Cover=100% Switch=OFF Climate=ON(22.0°C,m=0) Fan=OFF(0%) Num=50.0 Sel=0 | stress: 50 temps, 0/20 sw ON, 10/10 lt ON
2026-04-11 09:14:21,889 [INFO] Broadcast 95 telegrams to 1 client(s) | Temp=26.5°C Hum=43.7% Light=OFF Dimmer=OFF(0%) Cover=100% Switch=OFF Climate=ON(22.0°C,m=0) Fan=OFF(0%) Num=50.0 Sel=0 | stress: 50 temps, 0/20 sw ON, 10/10 lt ON
2026-04-11 09:14:31,980 [INFO] Broadcast 95 telegrams to 1 client(s) | Temp=26.4°C Hum=43.3% Light=OFF Dimmer=OFF(0%) Cover=100% Switch=OFF Climate=ON(22.0°C,m=0) Fan=OFF(0%) Num=50.0 Sel=0 | stress: 50 temps, 0/20 sw ON, 10/10 lt ON
2026-04-11 09:14:42,078 [INFO] Broadcast 95 telegrams to 1 client(s) | Temp=26.4°C Hum=43.6% Light=OFF Dimmer=OFF(0%) Cover=100% Switch=OFF Climate=ON(22.0°C,m=0) Fan=OFF(0%) Num=50.0 Sel=0 | stress: 50 temps, 0/20 sw ON, 10/10 lt ON
2026-04-11 09:14:52,175 [INFO] Broadcast 95 telegrams to 1 client(s) | Temp=26.2°C Hum=43.1% Light=OFF Dimmer=OFF(0%) Cover=100% Switch=OFF Climate=ON(22.0°C,m=0) Fan=OFF(0%) Num=50.0 Sel=0 | stress: 50 temps, 0/20 sw ON, 10/10 lt ON
2026-04-11 09:15:02,286 [INFO] Broadcast 95 telegrams to 1 client(s) | Temp=26.2°C Hum=42.7% Light=OFF Dimmer=OFF(0%) Cover=100% Switch=OFF Climate=ON(22.0°C,m=0) Fan=OFF(0%) Num=50.0 Sel=0 | stress: 50 temps, 0/20 sw ON, 10/10 lt ON
2026-04-11 09:15:12,378 [INFO] Broadcast 95 telegrams to 1 client(s) | Temp=26.3°C Hum=43.0% Light=OFF Dimmer=OFF(0%) Cover=100% Switch=OFF Climate=ON(22.0°C,m=0) Fan=OFF(0%) Num=50.0 Sel=0 | stress: 50 temps, 0/20 sw ON, 10/10 lt ON
2026-04-11 09:15:22,464 [INFO] Broadcast 95 telegrams to 1 client(s) | Temp=26.5°C Hum=42.7% Light=OFF Dimmer=OFF(0%) Cover=100% Switch=OFF Climate=ON(22.0°C,m=0) Fan=OFF(0%) Num=50.0 Sel=0 | stress: 50 temps, 0/20 sw ON, 10/10 lt ON
2026-04-11 09:15:32,892 [INFO] Broadcast 95 telegrams to 1 client(s) | Temp=26.5°C Hum=43.0% Light=OFF Dimmer=OFF(0%) Cover=100% Switch=OFF Climate=ON(22.0°C,m=0) Fan=OFF(0%) Num=50.0 Sel=0 | stress: 50 temps, 0/20 sw ON, 10/10 lt ON
2026-04-11 09:15:42,984 [INFO] Broadcast 95 telegrams to 1 client(s) | Temp=26.8°C Hum=43.3% Light=OFF Dimmer=OFF(0%) Cover=100% Switch=OFF Climate=ON(22.0°C,m=0) Fan=OFF(0%) Num=50.0 Sel=0 | stress: 50 temps, 0/20 sw ON, 10/10 lt ON
2026-04-11 09:15:53,080 [INFO] Broadcast 95 telegrams to 1 client(s) | Temp=26.7°C Hum=43.5% Light=OFF Dimmer=OFF(0%) Cover=100% Switch=OFF Climate=ON(22.0°C,m=0) Fan=OFF(0%) Num=50.0 Sel=0 | stress: 50 temps, 0/20 sw ON, 10/10 lt ON
2026-04-11 09:16:03,197 [INFO] Broadcast 95 telegrams to 1 client(s) | Temp=26.6°C Hum=43.5% Light=OFF Dimmer=OFF(0%) Cover=100% Switch=OFF Climate=ON(22.0°C,m=0) Fan=OFF(0%) Num=50.0 Sel=0 | stress: 50 temps, 0/20 sw ON, 10/10 lt ON
2026-04-11 09:16:13,283 [INFO] Broadcast 95 telegrams to 1 client(s) | Temp=26.5°C Hum=43.0% Light=OFF Dimmer=OFF(0%) Cover=100% Switch=OFF Climate=ON(22.0°C,m=0) Fan=OFF(0%) Num=50.0 Sel=0 | stress: 50 temps, 0/20 sw ON, 10/10 lt ON
2026-04-11 09:16:23,412 [INFO] Broadcast 95 telegrams to 1 client(s) | Temp=26.8°C Hum=42.9% Light=OFF Dimmer=OFF(0%) Cover=100% Switch=OFF Climate=ON(22.0°C,m=0) Fan=OFF(0%) Num=50.0 Sel=0 | stress: 50 temps, 0/20 sw ON, 10/10 lt ON
2026-04-11 09:16:33,506 [INFO] Broadcast 95 telegrams to 1 client(s) | Temp=26.7°C Hum=42.7% Light=OFF Dimmer=OFF(0%) Cover=100% Switch=OFF Climate=ON(22.0°C,m=0) Fan=OFF(0%) Num=50.0 Sel=0 | stress: 50 temps, 0/20 sw ON, 10/10 lt ON
2026-04-11 09:16:43,897 [INFO] Broadcast 95 telegrams to 1 client(s) | Temp=27.0°C Hum=42.7% Light=OFF Dimmer=OFF(0%) Cover=100% Switch=OFF Climate=ON(22.0°C,m=0) Fan=OFF(0%) Num=50.0 Sel=0 | stress: 50 temps, 0/20 sw ON, 10/10 lt ON
2026-04-11 09:16:54,023 [INFO] Broadcast 95 telegrams to 1 client(s) | Temp=26.9°C Hum=43.2% Light=OFF Dimmer=OFF(0%) Cover=100% Switch=OFF Climate=ON(22.0°C,m=0) Fan=OFF(0%) Num=50.0 Sel=0 | stress: 50 temps, 0/20 sw ON, 10/10 lt ON
2026-04-11 09:17:04,117 [INFO] Broadcast 95 telegrams to 1 client(s) | Temp=27.1°C Hum=43.7% Light=OFF Dimmer=OFF(0%) Cover=100% Switch=OFF Climate=ON(22.0°C,m=0) Fan=OFF(0%) Num=50.0 Sel=0 | stress: 50 temps, 0/20 sw ON, 10/10 lt ON
2026-04-11 09:17:14,211 [INFO] Broadcast 95 telegrams to 1 client(s) | Temp=27.3°C Hum=43.4% Light=OFF Dimmer=OFF(0%) Cover=100% Switch=OFF Climate=ON(22.0°C,m=0) Fan=OFF(0%) Num=50.0 Sel=0 | stress: 50 temps, 0/20 sw ON, 10/10 lt ON
2026-04-11 09:17:24,299 [INFO] Broadcast 95 telegrams to 1 client(s) | Temp=27.4°C Hum=43.7% Light=OFF Dimmer=OFF(0%) Cover=100% Switch=OFF Climate=ON(22.0°C,m=0) Fan=OFF(0%) Num=50.0 Sel=0 | stress: 50 temps, 0/20 sw ON, 10/10 lt ON
2026-04-11 09:17:34,390 [INFO] Broadcast 95 telegrams to 1 client(s) | Temp=27.2°C Hum=43.5% Light=OFF Dimmer=OFF(0%) Cover=100% Switch=OFF Climate=ON(22.0°C,m=0) Fan=OFF(0%) Num=50.0 Sel=0 | stress: 50 temps, 0/20 sw ON, 10/10 lt ON
2026-04-11 09:17:44,895 [INFO] Broadcast 95 telegrams to 1 client(s) | Temp=27.2°C Hum=43.2% Light=OFF Dimmer=OFF(0%) Cover=100% Switch=OFF Climate=ON(22.0°C,m=0) Fan=OFF(0%) Num=50.0 Sel=0 | stress: 50 temps, 0/20 sw ON, 10/10 lt ON
2026-04-11 09:17:54,992 [INFO] Broadcast 95 telegrams to 1 client(s) | Temp=27.1°C Hum=43.6% Light=OFF Dimmer=OFF(0%) Cover=100% Switch=OFF Climate=ON(22.0°C,m=0) Fan=OFF(0%) Num=50.0 Sel=0 | stress: 50 temps, 0/20 sw ON, 10/10 lt ON
2026-04-11 09:18:05,094 [INFO] Broadcast 95 telegrams to 1 client(s) | Temp=27.1°C Hum=43.5% Light=OFF Dimmer=OFF(0%) Cover=100% Switch=OFF Climate=ON(22.0°C,m=0) Fan=OFF(0%) Num=50.0 Sel=0 | stress: 50 temps, 0/20 sw ON, 10/10 lt ON
2026-04-11 09:18:15,222 [INFO] Broadcast 95 telegrams to 1 client(s) | Temp=27.3°C Hum=43.1% Light=OFF Dimmer=OFF(0%) Cover=100% Switch=OFF Climate=ON(22.0°C,m=0) Fan=OFF(0%) Num=50.0 Sel=0 | stress: 50 temps, 0/20 sw ON, 10/10 lt ON
2026-04-11 09:18:25,312 [INFO] Broadcast 95 telegrams to 1 client(s) | Temp=27.4°C Hum=43.0% Light=OFF Dimmer=OFF(0%) Cover=100% Switch=OFF Climate=ON(22.0°C,m=0) Fan=OFF(0%) Num=50.0 Sel=0 | stress: 50 temps, 0/20 sw ON, 10/10 lt ON
2026-04-11 09:18:35,401 [INFO] Broadcast 95 telegrams to 1 client(s) | Temp=27.4°C Hum=43.0% Light=OFF Dimmer=OFF(0%) Cover=100% Switch=OFF Climate=ON(22.0°C,m=0) Fan=OFF(0%) Num=50.0 Sel=0 | stress: 50 temps, 0/20 sw ON, 10/10 lt ON
2026-04-11 09:18:45,491 [INFO] Broadcast 95 telegrams to 1 client(s) | Temp=27.3°C Hum=43.1% Light=OFF Dimmer=OFF(0%) Cover=100% Switch=OFF Climate=ON(22.0°C,m=0) Fan=OFF(0%) Num=50.0 Sel=0 | stress: 50 temps, 0/20 sw ON, 10/10 lt ON
2026-04-11 09:18:55,905 [INFO] Broadcast 95 telegrams to 1 client(s) | Temp=27.2°C Hum=42.9% Light=OFF Dimmer=OFF(0%) Cover=100% Switch=OFF Climate=ON(22.0°C,m=0) Fan=OFF(0%) Num=50.0 Sel=0 | stress: 50 temps, 0/20 sw ON, 10/10 lt ON
2026-04-11 09:19:05,995 [INFO] Broadcast 95 telegrams to 1 client(s) | Temp=27.0°C Hum=43.3% Light=OFF Dimmer=OFF(0%) Cover=100% Switch=OFF Climate=ON(22.0°C,m=0) Fan=OFF(0%) Num=50.0 Sel=0 | stress: 50 temps, 0/20 sw ON, 10/10 lt ON
2026-04-11 09:19:16,082 [INFO] Broadcast 95 telegrams to 1 client(s) | Temp=27.1°C Hum=43.2% Light=OFF Dimmer=OFF(0%) Cover=100% Switch=OFF Climate=ON(22.0°C,m=0) Fan=OFF(0%) Num=50.0 Sel=0 | stress: 50 temps, 0/20 sw ON, 10/10 lt ON
2026-04-11 09:19:26,184 [INFO] Broadcast 95 telegrams to 1 client(s) | Temp=27.0°C Hum=42.8% Light=OFF Dimmer=OFF(0%) Cover=100% Switch=OFF Climate=ON(22.0°C,m=0) Fan=OFF(0%) Num=50.0 Sel=0 | stress: 50 temps, 0/20 sw ON, 10/10 lt ON
2026-04-11 09:19:36,281 [INFO] Broadcast 95 telegrams to 1 client(s) | Temp=27.1°C Hum=43.0% Light=OFF Dimmer=OFF(0%) Cover=100% Switch=OFF Climate=ON(22.0°C,m=0) Fan=OFF(0%) Num=50.0 Sel=0 | stress: 50 temps, 0/20 sw ON, 10/10 lt ON
2026-04-11 09:19:46,372 [INFO] Broadcast 95 telegrams to 1 client(s) | Temp=27.3°C Hum=43.2% Light=OFF Dimmer=OFF(0%) Cover=100% Switch=OFF Climate=ON(22.0°C,m=0) Fan=OFF(0%) Num=50.0 Sel=0 | stress: 50 temps, 0/20 sw ON, 10/10 lt ON
2026-04-11 09:19:56,479 [INFO] Broadcast 95 telegrams to 1 client(s) | Temp=27.5°C Hum=43.4% Light=OFF Dimmer=OFF(0%) Cover=100% Switch=OFF Climate=ON(22.0°C,m=0) Fan=OFF(0%) Num=50.0 Sel=0 | stress: 50 temps, 0/20 sw ON, 10/10 lt ON
2026-04-11 09:20:06,916 [INFO] Broadcast 95 telegrams to 1 client(s) | Temp=27.3°C Hum=43.4% Light=OFF Dimmer=OFF(0%) Cover=100% Switch=OFF Climate=ON(22.0°C,m=0) Fan=OFF(0%) Num=50.0 Sel=0 | stress: 50 temps, 0/20 sw ON, 10/10 lt ON
2026-04-11 09:20:17,024 [INFO] Broadcast 95 telegrams to 1 client(s) | Temp=27.6°C Hum=43.2% Light=OFF Dimmer=OFF(0%) Cover=100% Switch=OFF Climate=ON(22.0°C,m=0) Fan=OFF(0%) Num=50.0 Sel=0 | stress: 50 temps, 0/20 sw ON, 10/10 lt ON
2026-04-11 09:20:27,156 [INFO] Broadcast 95 telegrams to 1 client(s) | Temp=27.6°C Hum=43.2% Light=OFF Dimmer=OFF(0%) Cover=100% Switch=OFF Climate=ON(22.0°C,m=0) Fan=OFF(0%) Num=50.0 Sel=0 | stress: 50 temps, 0/20 sw ON, 10/10 lt ON
2026-04-11 09:20:37,240 [INFO] Broadcast 95 telegrams to 1 client(s) | Temp=27.6°C Hum=42.8% Light=OFF Dimmer=OFF(0%) Cover=100% Switch=OFF Climate=ON(22.0°C,m=0) Fan=OFF(0%) Num=50.0 Sel=0 | stress: 50 temps, 0/20 sw ON, 10/10 lt ON
2026-04-11 09:20:47,346 [INFO] Broadcast 95 telegrams to 1 client(s) | Temp=27.5°C Hum=42.6% Light=OFF Dimmer=OFF(0%) Cover=100% Switch=OFF Climate=ON(22.0°C,m=0) Fan=OFF(0%) Num=50.0 Sel=0 | stress: 50 temps, 0/20 sw ON, 10/10 lt ON
2026-04-11 09:20:57,420 [INFO] Broadcast 95 telegrams to 1 client(s) | Temp=27.3°C Hum=42.5% Light=OFF Dimmer=OFF(0%) Cover=100% Switch=OFF Climate=ON(22.0°C,m=0) Fan=OFF(0%) Num=50.0 Sel=0 | stress: 50 temps, 0/20 sw ON, 10/10 lt ON
2026-04-11 09:21:07,504 [INFO] Broadcast 95 telegrams to 1 client(s) | Temp=27.0°C Hum=42.7% Light=OFF Dimmer=OFF(0%) Cover=100% Switch=OFF Climate=ON(22.0°C,m=0) Fan=OFF(0%) Num=50.0 Sel=0 | stress: 50 temps, 0/20 sw ON, 10/10 lt ON
2026-04-11 09:21:17,924 [INFO] Broadcast 95 telegrams to 1 client(s) | Temp=26.8°C Hum=42.5% Light=OFF Dimmer=OFF(0%) Cover=100% Switch=OFF Climate=ON(22.0°C,m=0) Fan=OFF(0%) Num=50.0 Sel=0 | stress: 50 temps, 0/20 sw ON, 10/10 lt ON
2026-04-11 09:21:28,009 [INFO] Broadcast 95 telegrams to 1 client(s) | Temp=26.6°C Hum=43.0% Light=OFF Dimmer=OFF(0%) Cover=100% Switch=OFF Climate=ON(22.0°C,m=0) Fan=OFF(0%) Num=50.0 Sel=0 | stress: 50 temps, 0/20 sw ON, 10/10 lt ON
2026-04-11 09:21:38,104 [INFO] Broadcast 95 telegrams to 1 client(s) | Temp=26.9°C Hum=42.5% Light=OFF Dimmer=OFF(0%) Cover=100% Switch=OFF Climate=ON(22.0°C,m=0) Fan=OFF(0%) Num=50.0 Sel=0 | stress: 50 temps, 0/20 sw ON, 10/10 lt ON
2026-04-11 09:21:48,206 [INFO] Broadcast 95 telegrams to 1 client(s) | Temp=26.7°C Hum=42.7% Light=OFF Dimmer=OFF(0%) Cover=100% Switch=OFF Climate=ON(22.0°C,m=0) Fan=OFF(0%) Num=50.0 Sel=0 | stress: 50 temps, 0/20 sw ON, 10/10 lt ON
2026-04-11 09:21:58,287 [INFO] Broadcast 95 telegrams to 1 client(s) | Temp=26.8°C Hum=42.3% Light=OFF Dimmer=OFF(0%) Cover=100% Switch=OFF Climate=ON(22.0°C,m=0) Fan=OFF(0%) Num=50.0 Sel=0 | stress: 50 temps, 0/20 sw ON, 10/10 lt ON
2026-04-11 09:22:08,379 [INFO] Broadcast 95 telegrams to 1 client(s) | Temp=26.6°C Hum=42.5% Light=OFF Dimmer=OFF(0%) Cover=100% Switch=OFF Climate=ON(22.0°C,m=0) Fan=OFF(0%) Num=50.0 Sel=0 | stress: 50 temps, 0/20 sw ON, 10/10 lt ON
2026-04-11 09:22:18,475 [INFO] Broadcast 95 telegrams to 1 client(s) | Temp=26.4°C Hum=42.3% Light=OFF Dimmer=OFF(0%) Cover=100% Switch=OFF Climate=ON(22.0°C,m=0) Fan=OFF(0%) Num=50.0 Sel=0 | stress: 50 temps, 0/20 sw ON, 10/10 lt ON
2026-04-11 09:22:28,932 [INFO] Broadcast 95 telegrams to 1 client(s) | Temp=26.5°C Hum=42.1% Light=OFF Dimmer=OFF(0%) Cover=100% Switch=OFF Climate=ON(22.0°C,m=0) Fan=OFF(0%) Num=50.0 Sel=0 | stress: 50 temps, 0/20 sw ON, 10/10 lt ON
2026-04-11 09:22:39,017 [INFO] Broadcast 95 telegrams to 1 client(s) | Temp=26.5°C Hum=41.7% Light=OFF Dimmer=OFF(0%) Cover=100% Switch=OFF Climate=ON(22.0°C,m=0) Fan=OFF(0%) Num=50.0 Sel=0 | stress: 50 temps, 0/20 sw ON, 10/10 lt ON
2026-04-11 09:22:49,101 [INFO] Broadcast 95 telegrams to 1 client(s) | Temp=26.6°C Hum=42.2% Light=OFF Dimmer=OFF(0%) Cover=100% Switch=OFF Climate=ON(22.0°C,m=0) Fan=OFF(0%) Num=50.0 Sel=0 | stress: 50 temps, 0/20 sw ON, 10/10 lt ON
2026-04-11 09:22:59,190 [INFO] Broadcast 95 telegrams to 1 client(s) | Temp=26.9°C Hum=41.7% Light=OFF Dimmer=OFF(0%) Cover=100% Switch=OFF Climate=ON(22.0°C,m=0) Fan=OFF(0%) Num=50.0 Sel=0 | stress: 50 temps, 0/20 sw ON, 10/10 lt ON
2026-04-11 09:23:09,291 [INFO] Broadcast 95 telegrams to 1 client(s) | Temp=27.1°C Hum=41.8% Light=OFF Dimmer=OFF(0%) Cover=100% Switch=OFF Climate=ON(22.0°C,m=0) Fan=OFF(0%) Num=50.0 Sel=0 | stress: 50 temps, 0/20 sw ON, 10/10 lt ON
2026-04-11 09:23:19,386 [INFO] Broadcast 95 telegrams to 1 client(s) | Temp=26.8°C Hum=41.3% Light=OFF Dimmer=OFF(0%) Cover=100% Switch=OFF Climate=ON(22.0°C,m=0) Fan=OFF(0%) Num=50.0 Sel=0 | stress: 50 temps, 0/20 sw ON, 10/10 lt ON
2026-04-11 09:23:29,488 [INFO] Broadcast 95 telegrams to 1 client(s) | Temp=26.8°C Hum=41.7% Light=OFF Dimmer=OFF(0%) Cover=100% Switch=OFF Climate=ON(22.0°C,m=0) Fan=OFF(0%) Num=50.0 Sel=0 | stress: 50 temps, 0/20 sw ON, 10/10 lt ON
2026-04-11 09:23:39,939 [INFO] Broadcast 95 telegrams to 1 client(s) | Temp=27.0°C Hum=41.6% Light=OFF Dimmer=OFF(0%) Cover=100% Switch=OFF Climate=ON(22.0°C,m=0) Fan=OFF(0%) Num=50.0 Sel=0 | stress: 50 temps, 0/20 sw ON, 10/10 lt ON
2026-04-11 09:23:50,016 [INFO] Broadcast 95 telegrams to 1 client(s) | Temp=27.2°C Hum=41.8% Light=OFF Dimmer=OFF(0%) Cover=100% Switch=OFF Climate=ON(22.0°C,m=0) Fan=OFF(0%) Num=50.0 Sel=0 | stress: 50 temps, 0/20 sw ON, 10/10 lt ON
2026-04-11 09:24:00,114 [INFO] Broadcast 95 telegrams to 1 client(s) | Temp=27.3°C Hum=41.9% Light=OFF Dimmer=OFF(0%) Cover=100% Switch=OFF Climate=ON(22.0°C,m=0) Fan=OFF(0%) Num=50.0 Sel=0 | stress: 50 temps, 0/20 sw ON, 10/10 lt ON
2026-04-11 09:24:10,203 [INFO] Broadcast 95 telegrams to 1 client(s) | Temp=27.4°C Hum=42.1% Light=OFF Dimmer=OFF(0%) Cover=100% Switch=OFF Climate=ON(22.0°C,m=0) Fan=OFF(0%) Num=50.0 Sel=0 | stress: 50 temps, 0/20 sw ON, 10/10 lt ON
2026-04-11 09:24:20,319 [INFO] Broadcast 95 telegrams to 1 client(s) | Temp=27.7°C Hum=41.9% Light=OFF Dimmer=OFF(0%) Cover=100% Switch=OFF Climate=ON(22.0°C,m=0) Fan=OFF(0%) Num=50.0 Sel=0 | stress: 50 temps, 0/20 sw ON, 10/10 lt ON
2026-04-11 09:24:30,409 [INFO] Broadcast 95 telegrams to 1 client(s) | Temp=27.5°C Hum=42.0% Light=OFF Dimmer=OFF(0%) Cover=100% Switch=OFF Climate=ON(22.0°C,m=0) Fan=OFF(0%) Num=50.0 Sel=0 | stress: 50 temps, 0/20 sw ON, 10/10 lt ON
2026-04-11 09:24:40,507 [INFO] Broadcast 95 telegrams to 1 client(s) | Temp=27.5°C Hum=41.8% Light=OFF Dimmer=OFF(0%) Cover=100% Switch=OFF Climate=ON(22.0°C,m=0) Fan=OFF(0%) Num=50.0 Sel=0 | stress: 50 temps, 0/20 sw ON, 10/10 lt ON
2026-04-11 09:24:50,948 [INFO] Broadcast 95 telegrams to 1 client(s) | Temp=27.5°C Hum=41.9% Light=OFF Dimmer=OFF(0%) Cover=100% Switch=OFF Climate=ON(22.0°C,m=0) Fan=OFF(0%) Num=50.0 Sel=0 | stress: 50 temps, 0/20 sw ON, 10/10 lt ON
2026-04-11 09:25:01,038 [INFO] Broadcast 95 telegrams to 1 client(s) | Temp=27.8°C Hum=41.7% Light=OFF Dimmer=OFF(0%) Cover=100% Switch=OFF Climate=ON(22.0°C,m=0) Fan=OFF(0%) Num=50.0 Sel=0 | stress: 50 temps, 0/20 sw ON, 10/10 lt ON
2026-04-11 09:25:11,171 [INFO] Broadcast 95 telegrams to 1 client(s) | Temp=28.1°C Hum=42.2% Light=OFF Dimmer=OFF(0%) Cover=100% Switch=OFF Climate=ON(22.0°C,m=0) Fan=OFF(0%) Num=50.0 Sel=0 | stress: 50 temps, 0/20 sw ON, 10/10 lt ON
2026-04-11 09:25:21,267 [INFO] Broadcast 95 telegrams to 1 client(s) | Temp=27.8°C Hum=42.3% Light=OFF Dimmer=OFF(0%) Cover=100% Switch=OFF Climate=ON(22.0°C,m=0) Fan=OFF(0%) Num=50.0 Sel=0 | stress: 50 temps, 0/20 sw ON, 10/10 lt ON
2026-04-11 09:25:31,355 [INFO] Broadcast 95 telegrams to 1 client(s) | Temp=27.6°C Hum=41.8% Light=OFF Dimmer=OFF(0%) Cover=100% Switch=OFF Climate=ON(22.0°C,m=0) Fan=OFF(0%) Num=50.0 Sel=0 | stress: 50 temps, 0/20 sw ON, 10/10 lt ON
2026-04-11 09:25:41,462 [INFO] Broadcast 95 telegrams to 1 client(s) | Temp=27.4°C Hum=41.9% Light=OFF Dimmer=OFF(0%) Cover=100% Switch=OFF Climate=ON(22.0°C,m=0) Fan=OFF(0%) Num=50.0 Sel=0 | stress: 50 temps, 0/20 sw ON, 10/10 lt ON
2026-04-11 09:25:51,546 [INFO] Broadcast 95 telegrams to 1 client(s) | Temp=27.5°C Hum=41.9% Light=OFF Dimmer=OFF(0%) Cover=100% Switch=OFF Climate=ON(22.0°C,m=0) Fan=OFF(0%) Num=50.0 Sel=0 | stress: 50 temps, 0/20 sw ON, 10/10 lt ON
2026-04-11 09:26:01,951 [INFO] Broadcast 95 telegrams to 1 client(s) | Temp=27.7°C Hum=42.0% Light=OFF Dimmer=OFF(0%) Cover=100% Switch=OFF Climate=ON(22.0°C,m=0) Fan=OFF(0%) Num=50.0 Sel=0 | stress: 50 temps, 0/20 sw ON, 10/10 lt ON
2026-04-11 09:26:12,053 [INFO] Broadcast 95 telegrams to 1 client(s) | Temp=27.5°C Hum=42.0% Light=OFF Dimmer=OFF(0%) Cover=100% Switch=OFF Climate=ON(22.0°C,m=0) Fan=OFF(0%) Num=50.0 Sel=0 | stress: 50 temps, 0/20 sw ON, 10/10 lt ON
2026-04-11 09:26:22,158 [INFO] Broadcast 95 telegrams to 1 client(s) | Temp=27.7°C Hum=41.8% Light=OFF Dimmer=OFF(0%) Cover=100% Switch=OFF Climate=ON(22.0°C,m=0) Fan=OFF(0%) Num=50.0 Sel=0 | stress: 50 temps, 0/20 sw ON, 10/10 lt ON
2026-04-11 09:26:32,262 [INFO] Broadcast 95 telegrams to 1 client(s) | Temp=28.0°C Hum=42.2% Light=OFF Dimmer=OFF(0%) Cover=100% Switch=OFF Climate=ON(22.0°C,m=0) Fan=OFF(0%) Num=50.0 Sel=0 | stress: 50 temps, 0/20 sw ON, 10/10 lt ON
2026-04-11 09:26:42,340 [INFO] Broadcast 95 telegrams to 1 client(s) | Temp=28.2°C Hum=42.4% Light=OFF Dimmer=OFF(0%) Cover=100% Switch=OFF Climate=ON(22.0°C,m=0) Fan=OFF(0%) Num=50.0 Sel=0 | stress: 50 temps, 0/20 sw ON, 10/10 lt ON
2026-04-11 09:26:52,434 [INFO] Broadcast 95 telegrams to 1 client(s) | Temp=28.0°C Hum=42.1% Light=OFF Dimmer=OFF(0%) Cover=100% Switch=OFF Climate=ON(22.0°C,m=0) Fan=OFF(0%) Num=50.0 Sel=0 | stress: 50 temps, 0/20 sw ON, 10/10 lt ON
2026-04-11 09:27:02,531 [INFO] Broadcast 95 telegrams to 1 client(s) | Temp=27.8°C Hum=41.7% Light=OFF Dimmer=OFF(0%) Cover=100% Switch=OFF Climate=ON(22.0°C,m=0) Fan=OFF(0%) Num=50.0 Sel=0 | stress: 50 temps, 0/20 sw ON, 10/10 lt ON
2026-04-11 09:27:12,955 [INFO] Broadcast 95 telegrams to 1 client(s) | Temp=27.5°C Hum=41.7% Light=OFF Dimmer=OFF(0%) Cover=100% Switch=OFF Climate=ON(22.0°C,m=0) Fan=OFF(0%) Num=50.0 Sel=0 | stress: 50 temps, 0/20 sw ON, 10/10 lt ON
2026-04-11 09:27:23,045 [INFO] Broadcast 95 telegrams to 1 client(s) | Temp=27.3°C Hum=41.5% Light=OFF Dimmer=OFF(0%) Cover=100% Switch=OFF Climate=ON(22.0°C,m=0) Fan=OFF(0%) Num=50.0 Sel=0 | stress: 50 temps, 0/20 sw ON, 10/10 lt ON
2026-04-11 09:27:33,138 [INFO] Broadcast 95 telegrams to 1 client(s) | Temp=27.2°C Hum=41.3% Light=OFF Dimmer=OFF(0%) Cover=100% Switch=OFF Climate=ON(22.0°C,m=0) Fan=OFF(0%) Num=50.0 Sel=0 | stress: 50 temps, 0/20 sw ON, 10/10 lt ON
2026-04-11 09:27:43,224 [INFO] Broadcast 95 telegrams to 1 client(s) | Temp=27.2°C Hum=41.4% Light=OFF Dimmer=OFF(0%) Cover=100% Switch=OFF Climate=ON(22.0°C,m=0) Fan=OFF(0%) Num=50.0 Sel=0 | stress: 50 temps, 0/20 sw ON, 10/10 lt ON
2026-04-11 09:27:53,332 [INFO] Broadcast 95 telegrams to 1 client(s) | Temp=27.2°C Hum=41.2% Light=OFF Dimmer=OFF(0%) Cover=100% Switch=OFF Climate=ON(22.0°C,m=0) Fan=OFF(0%) Num=50.0 Sel=0 | stress: 50 temps, 0/20 sw ON, 10/10 lt ON
2026-04-11 09:28:03,441 [INFO] Broadcast 95 telegrams to 1 client(s) | Temp=27.0°C Hum=40.8% Light=OFF Dimmer=OFF(0%) Cover=100% Switch=OFF Climate=ON(22.0°C,m=0) Fan=OFF(0%) Num=50.0 Sel=0 | stress: 50 temps, 0/20 sw ON, 10/10 lt ON
2026-04-11 09:28:13,537 [INFO] Broadcast 95 telegrams to 1 client(s) | Temp=26.7°C Hum=41.3% Light=OFF Dimmer=OFF(0%) Cover=100% Switch=OFF Climate=ON(22.0°C,m=0) Fan=OFF(0%) Num=50.0 Sel=0 | stress: 50 temps, 0/20 sw ON, 10/10 lt ON
2026-04-11 09:28:23,957 [INFO] Broadcast 95 telegrams to 1 client(s) | Temp=27.0°C Hum=41.5% Light=OFF Dimmer=OFF(0%) Cover=100% Switch=OFF Climate=ON(22.0°C,m=0) Fan=OFF(0%) Num=50.0 Sel=0 | stress: 50 temps, 0/20 sw ON, 10/10 lt ON
2026-04-11 09:28:34,062 [INFO] Broadcast 95 telegrams to 1 client(s) | Temp=27.0°C Hum=41.1% Light=OFF Dimmer=OFF(0%) Cover=100% Switch=OFF Climate=ON(22.0°C,m=0) Fan=OFF(0%) Num=50.0 Sel=0 | stress: 50 temps, 0/20 sw ON, 10/10 lt ON
2026-04-11 09:28:44,170 [INFO] Broadcast 95 telegrams to 1 client(s) | Temp=27.2°C Hum=41.3% Light=OFF Dimmer=OFF(0%) Cover=100% Switch=OFF Climate=ON(22.0°C,m=0) Fan=OFF(0%) Num=50.0 Sel=0 | stress: 50 temps, 0/20 sw ON, 10/10 lt ON
2026-04-11 09:28:54,266 [INFO] Broadcast 95 telegrams to 1 client(s) | Temp=27.1°C Hum=40.9% Light=OFF Dimmer=OFF(0%) Cover=100% Switch=OFF Climate=ON(22.0°C,m=0) Fan=OFF(0%) Num=50.0 Sel=0 | stress: 50 temps, 0/20 sw ON, 10/10 lt ON
2026-04-11 09:29:04,357 [INFO] Broadcast 95 telegrams to 1 client(s) | Temp=27.3°C Hum=41.2% Light=OFF Dimmer=OFF(0%) Cover=100% Switch=OFF Climate=ON(22.0°C,m=0) Fan=OFF(0%) Num=50.0 Sel=0 | stress: 50 temps, 0/20 sw ON, 10/10 lt ON
2026-04-11 09:29:14,450 [INFO] Broadcast 95 telegrams to 1 client(s) | Temp=27.2°C Hum=41.5% Light=OFF Dimmer=OFF(0%) Cover=100% Switch=OFF Climate=ON(22.0°C,m=0) Fan=OFF(0%) Num=50.0 Sel=0 | stress: 50 temps, 0/20 sw ON, 10/10 lt ON
2026-04-11 09:29:24,959 [INFO] Broadcast 95 telegrams to 1 client(s) | Temp=27.1°C Hum=41.4% Light=OFF Dimmer=OFF(0%) Cover=100% Switch=OFF Climate=ON(22.0°C,m=0) Fan=OFF(0%) Num=50.0 Sel=0 | stress: 50 temps, 0/20 sw ON, 10/10 lt ON
2026-04-11 09:29:35,049 [INFO] Broadcast 95 telegrams to 1 client(s) | Temp=27.3°C Hum=41.5% Light=OFF Dimmer=OFF(0%) Cover=100% Switch=OFF Climate=ON(22.0°C,m=0) Fan=OFF(0%) Num=50.0 Sel=0 | stress: 50 temps, 0/20 sw ON, 10/10 lt ON
2026-04-11 09:29:45,153 [INFO] Broadcast 95 telegrams to 1 client(s) | Temp=27.3°C Hum=41.2% Light=OFF Dimmer=OFF(0%) Cover=100% Switch=OFF Climate=ON(22.0°C,m=0) Fan=OFF(0%) Num=50.0 Sel=0 | stress: 50 temps, 0/20 sw ON, 10/10 lt ON
2026-04-11 09:29:55,260 [INFO] Broadcast 95 telegrams to 1 client(s) | Temp=27.5°C Hum=40.9% Light=OFF Dimmer=OFF(0%) Cover=100% Switch=OFF Climate=ON(22.0°C,m=0) Fan=OFF(0%) Num=50.0 Sel=0 | stress: 50 temps, 0/20 sw ON, 10/10 lt ON
2026-04-11 09:30:05,372 [INFO] Broadcast 95 telegrams to 1 client(s) | Temp=27.4°C Hum=41.0% Light=OFF Dimmer=OFF(0%) Cover=100% Switch=OFF Climate=ON(22.0°C,m=0) Fan=OFF(0%) Num=50.0 Sel=0 | stress: 50 temps, 0/20 sw ON, 10/10 lt ON
2026-04-11 09:30:15,456 [INFO] Broadcast 95 telegrams to 1 client(s) | Temp=27.7°C Hum=41.1% Light=OFF Dimmer=OFF(0%) Cover=100% Switch=OFF Climate=ON(22.0°C,m=0) Fan=OFF(0%) Num=50.0 Sel=0 | stress: 50 temps, 0/20 sw ON, 10/10 lt ON
2026-04-11 09:30:25,554 [INFO] Broadcast 95 telegrams to 1 client(s) | Temp=27.6°C Hum=41.1% Light=OFF Dimmer=OFF(0%) Cover=100% Switch=OFF Climate=ON(22.0°C,m=0) Fan=OFF(0%) Num=50.0 Sel=0 | stress: 50 temps, 0/20 sw ON, 10/10 lt ON
2026-04-11 09:30:35,971 [INFO] Broadcast 95 telegrams to 1 client(s) | Temp=27.6°C Hum=41.5% Light=OFF Dimmer=OFF(0%) Cover=100% Switch=OFF Climate=ON(22.0°C,m=0) Fan=OFF(0%) Num=50.0 Sel=0 | stress: 50 temps, 0/20 sw ON, 10/10 lt ON
2026-04-11 09:30:46,060 [INFO] Broadcast 95 telegrams to 1 client(s) | Temp=27.6°C Hum=41.4% Light=OFF Dimmer=OFF(0%) Cover=100% Switch=OFF Climate=ON(22.0°C,m=0) Fan=OFF(0%) Num=50.0 Sel=0 | stress: 50 temps, 0/20 sw ON, 10/10 lt ON
2026-04-11 09:30:56,156 [INFO] Broadcast 95 telegrams to 1 client(s) | Temp=27.4°C Hum=41.9% Light=OFF Dimmer=OFF(0%) Cover=100% Switch=OFF Climate=ON(22.0°C,m=0) Fan=OFF(0%) Num=50.0 Sel=0 | stress: 50 temps, 0/20 sw ON, 10/10 lt ON
2026-04-11 09:31:06,281 [INFO] Broadcast 95 telegrams to 1 client(s) | Temp=27.2°C Hum=41.7% Light=OFF Dimmer=OFF(0%) Cover=100% Switch=OFF Climate=ON(22.0°C,m=0) Fan=OFF(0%) Num=50.0 Sel=0 | stress: 50 temps, 0/20 sw ON, 10/10 lt ON
2026-04-11 09:31:16,372 [INFO] Broadcast 95 telegrams to 1 client(s) | Temp=27.2°C Hum=41.3% Light=OFF Dimmer=OFF(0%) Cover=100% Switch=OFF Climate=ON(22.0°C,m=0) Fan=OFF(0%) Num=50.0 Sel=0 | stress: 50 temps, 0/20 sw ON, 10/10 lt ON
2026-04-11 09:31:26,482 [INFO] Broadcast 95 telegrams to 1 client(s) | Temp=27.4°C Hum=40.8% Light=OFF Dimmer=OFF(0%) Cover=100% Switch=OFF Climate=ON(22.0°C,m=0) Fan=OFF(0%) Num=50.0 Sel=0 | stress: 50 temps, 0/20 sw ON, 10/10 lt ON
2026-04-11 09:31:36,571 [INFO] Broadcast 95 telegrams to 1 client(s) | Temp=27.3°C Hum=40.5% Light=OFF Dimmer=OFF(0%) Cover=100% Switch=OFF Climate=ON(22.0°C,m=0) Fan=OFF(0%) Num=50.0 Sel=0 | stress: 50 temps, 0/20 sw ON, 10/10 lt ON
2026-04-11 09:31:46,980 [INFO] Broadcast 95 telegrams to 1 client(s) | Temp=27.5°C Hum=40.4% Light=OFF Dimmer=OFF(0%) Cover=100% Switch=OFF Climate=ON(22.0°C,m=0) Fan=OFF(0%) Num=50.0 Sel=0 | stress: 50 temps, 0/20 sw ON, 10/10 lt ON
2026-04-11 09:31:57,082 [INFO] Broadcast 95 telegrams to 1 client(s) | Temp=27.4°C Hum=40.2% Light=OFF Dimmer=OFF(0%) Cover=100% Switch=OFF Climate=ON(22.0°C,m=0) Fan=OFF(0%) Num=50.0 Sel=0 | stress: 50 temps, 0/20 sw ON, 10/10 lt ON
2026-04-11 09:32:07,166 [INFO] Broadcast 95 telegrams to 1 client(s) | Temp=27.1°C Hum=40.5% Light=OFF Dimmer=OFF(0%) Cover=100% Switch=OFF Climate=ON(22.0°C,m=0) Fan=OFF(0%) Num=50.0 Sel=0 | stress: 50 temps, 0/20 sw ON, 10/10 lt ON
2026-04-11 09:32:17,273 [INFO] Broadcast 95 telegrams to 1 client(s) | Temp=27.2°C Hum=40.8% Light=OFF Dimmer=OFF(0%) Cover=100% Switch=OFF Climate=ON(22.0°C,m=0) Fan=OFF(0%) Num=50.0 Sel=0 | stress: 50 temps, 0/20 sw ON, 10/10 lt ON
2026-04-11 09:32:27,358 [INFO] Broadcast 95 telegrams to 1 client(s) | Temp=27.3°C Hum=40.8% Light=OFF Dimmer=OFF(0%) Cover=100% Switch=OFF Climate=ON(22.0°C,m=0) Fan=OFF(0%) Num=50.0 Sel=0 | stress: 50 temps, 0/20 sw ON, 10/10 lt ON
2026-04-11 09:32:37,449 [INFO] Broadcast 95 telegrams to 1 client(s) | Temp=27.5°C Hum=41.3% Light=OFF Dimmer=OFF(0%) Cover=100% Switch=OFF Climate=ON(22.0°C,m=0) Fan=OFF(0%) Num=50.0 Sel=0 | stress: 50 temps, 0/20 sw ON, 10/10 lt ON
2026-04-11 09:32:47,549 [INFO] Broadcast 95 telegrams to 1 client(s) | Temp=27.4°C Hum=41.1% Light=OFF Dimmer=OFF(0%) Cover=100% Switch=OFF Climate=ON(22.0°C,m=0) Fan=OFF(0%) Num=50.0 Sel=0 | stress: 50 temps, 0/20 sw ON, 10/10 lt ON
2026-04-11 09:32:57,993 [INFO] Broadcast 95 telegrams to 1 client(s) | Temp=27.6°C Hum=41.6% Light=OFF Dimmer=OFF(0%) Cover=100% Switch=OFF Climate=ON(22.0°C,m=0) Fan=OFF(0%) Num=50.0 Sel=0 | stress: 50 temps, 0/20 sw ON, 10/10 lt ON
2026-04-11 09:33:08,087 [INFO] Broadcast 95 telegrams to 1 client(s) | Temp=27.3°C Hum=41.2% Light=OFF Dimmer=OFF(0%) Cover=100% Switch=OFF Climate=ON(22.0°C,m=0) Fan=OFF(0%) Num=50.0 Sel=0 | stress: 50 temps, 0/20 sw ON, 10/10 lt ON
2026-04-11 09:33:18,184 [INFO] Broadcast 95 telegrams to 1 client(s) | Temp=27.5°C Hum=41.0% Light=OFF Dimmer=OFF(0%) Cover=100% Switch=OFF Climate=ON(22.0°C,m=0) Fan=OFF(0%) Num=50.0 Sel=0 | stress: 50 temps, 0/20 sw ON, 10/10 lt ON
2026-04-11 09:33:28,276 [INFO] Broadcast 95 telegrams to 1 client(s) | Temp=27.3°C Hum=40.9% Light=OFF Dimmer=OFF(0%) Cover=100% Switch=OFF Climate=ON(22.0°C,m=0) Fan=OFF(0%) Num=50.0 Sel=0 | stress: 50 temps, 0/20 sw ON, 10/10 lt ON
2026-04-11 09:33:38,383 [INFO] Broadcast 95 telegrams to 1 client(s) | Temp=27.3°C Hum=40.6% Light=OFF Dimmer=OFF(0%) Cover=100% Switch=OFF Climate=ON(22.0°C,m=0) Fan=OFF(0%) Num=50.0 Sel=0 | stress: 50 temps, 0/20 sw ON, 10/10 lt ON
2026-04-11 09:33:48,468 [INFO] Broadcast 95 telegrams to 1 client(s) | Temp=27.6°C Hum=40.7% Light=OFF Dimmer=OFF(0%) Cover=100% Switch=OFF Climate=ON(22.0°C,m=0) Fan=OFF(0%) Num=50.0 Sel=0 | stress: 50 temps, 0/20 sw ON, 10/10 lt ON
2026-04-11 09:33:58,561 [INFO] Broadcast 95 telegrams to 1 client(s) | Temp=27.3°C Hum=40.7% Light=OFF Dimmer=OFF(0%) Cover=100% Switch=OFF Climate=ON(22.0°C,m=0) Fan=OFF(0%) Num=50.0 Sel=0 | stress: 50 temps, 0/20 sw ON, 10/10 lt ON
2026-04-11 09:34:09,001 [INFO] Broadcast 95 telegrams to 1 client(s) | Temp=27.2°C Hum=40.9% Light=OFF Dimmer=OFF(0%) Cover=100% Switch=OFF Climate=ON(22.0°C,m=0) Fan=OFF(0%) Num=50.0 Sel=0 | stress: 50 temps, 0/20 sw ON, 10/10 lt ON
2026-04-11 09:34:19,086 [INFO] Broadcast 95 telegrams to 1 client(s) | Temp=27.4°C Hum=41.1% Light=OFF Dimmer=OFF(0%) Cover=100% Switch=OFF Climate=ON(22.0°C,m=0) Fan=OFF(0%) Num=50.0 Sel=0 | stress: 50 temps, 0/20 sw ON, 10/10 lt ON
2026-04-11 09:34:29,172 [INFO] Broadcast 95 telegrams to 1 client(s) | Temp=27.3°C Hum=40.7% Light=OFF Dimmer=OFF(0%) Cover=100% Switch=OFF Climate=ON(22.0°C,m=0) Fan=OFF(0%) Num=50.0 Sel=0 | stress: 50 temps, 0/20 sw ON, 10/10 lt ON
2026-04-11 09:34:39,281 [INFO] Broadcast 95 telegrams to 1 client(s) | Temp=27.0°C Hum=40.9% Light=OFF Dimmer=OFF(0%) Cover=100% Switch=OFF Climate=ON(22.0°C,m=0) Fan=OFF(0%) Num=50.0 Sel=0 | stress: 50 temps, 0/20 sw ON, 10/10 lt ON
2026-04-11 09:34:49,368 [INFO] Broadcast 95 telegrams to 1 client(s) | Temp=26.8°C Hum=41.0% Light=OFF Dimmer=OFF(0%) Cover=100% Switch=OFF Climate=ON(22.0°C,m=0) Fan=OFF(0%) Num=50.0 Sel=0 | stress: 50 temps, 0/20 sw ON, 10/10 lt ON
2026-04-11 09:34:59,459 [INFO] Broadcast 95 telegrams to 1 client(s) | Temp=26.7°C Hum=41.0% Light=OFF Dimmer=OFF(0%) Cover=100% Switch=OFF Climate=ON(22.0°C,m=0) Fan=OFF(0%) Num=50.0 Sel=0 | stress: 50 temps, 0/20 sw ON, 10/10 lt ON
2026-04-11 09:35:09,561 [INFO] Broadcast 95 telegrams to 1 client(s) | Temp=26.9°C Hum=41.2% Light=OFF Dimmer=OFF(0%) Cover=100% Switch=OFF Climate=ON(22.0°C,m=0) Fan=OFF(0%) Num=50.0 Sel=0 | stress: 50 temps, 0/20 sw ON, 10/10 lt ON
2026-04-11 09:35:20,009 [INFO] Broadcast 95 telegrams to 1 client(s) | Temp=26.6°C Hum=41.2% Light=OFF Dimmer=OFF(0%) Cover=100% Switch=OFF Climate=ON(22.0°C,m=0) Fan=OFF(0%) Num=50.0 Sel=0 | stress: 50 temps, 0/20 sw ON, 10/10 lt ON
2026-04-11 09:35:30,115 [INFO] Broadcast 95 telegrams to 1 client(s) | Temp=26.9°C Hum=40.9% Light=OFF Dimmer=OFF(0%) Cover=100% Switch=OFF Climate=ON(22.0°C,m=0) Fan=OFF(0%) Num=50.0 Sel=0 | stress: 50 temps, 0/20 sw ON, 10/10 lt ON
2026-04-11 09:35:40,205 [INFO] Broadcast 95 telegrams to 1 client(s) | Temp=26.8°C Hum=40.8% Light=OFF Dimmer=OFF(0%) Cover=100% Switch=OFF Climate=ON(22.0°C,m=0) Fan=OFF(0%) Num=50.0 Sel=0 | stress: 50 temps, 0/20 sw ON, 10/10 lt ON
2026-04-11 09:35:50,317 [INFO] Broadcast 95 telegrams to 1 client(s) | Temp=26.7°C Hum=40.4% Light=OFF Dimmer=OFF(0%) Cover=100% Switch=OFF Climate=ON(22.0°C,m=0) Fan=OFF(0%) Num=50.0 Sel=0 | stress: 50 temps, 0/20 sw ON, 10/10 lt ON
2026-04-11 09:36:00,420 [INFO] Broadcast 95 telegrams to 1 client(s) | Temp=26.4°C Hum=40.3% Light=OFF Dimmer=OFF(0%) Cover=100% Switch=OFF Climate=ON(22.0°C,m=0) Fan=OFF(0%) Num=50.0 Sel=0 | stress: 50 temps, 0/20 sw ON, 10/10 lt ON
2026-04-11 09:36:10,531 [INFO] Broadcast 95 telegrams to 1 client(s) | Temp=26.6°C Hum=40.1% Light=OFF Dimmer=OFF(0%) Cover=100% Switch=OFF Climate=ON(22.0°C,m=0) Fan=OFF(0%) Num=50.0 Sel=0 | stress: 50 temps, 0/20 sw ON, 10/10 lt ON
2026-04-11 09:36:20,655 [INFO] Broadcast 95 telegrams to 1 client(s) | Temp=26.8°C Hum=40.2% Light=OFF Dimmer=OFF(0%) Cover=100% Switch=OFF Climate=ON(22.0°C,m=0) Fan=OFF(0%) Num=50.0 Sel=0 | stress: 50 temps, 0/20 sw ON, 10/10 lt ON
2026-04-11 09:36:31,014 [INFO] Broadcast 95 telegrams to 1 client(s) | Temp=26.5°C Hum=40.5% Light=OFF Dimmer=OFF(0%) Cover=100% Switch=OFF Climate=ON(22.0°C,m=0) Fan=OFF(0%) Num=50.0 Sel=0 | stress: 50 temps, 0/20 sw ON, 10/10 lt ON
2026-04-11 09:36:41,104 [INFO] Broadcast 95 telegrams to 1 client(s) | Temp=26.4°C Hum=40.7% Light=OFF Dimmer=OFF(0%) Cover=100% Switch=OFF Climate=ON(22.0°C,m=0) Fan=OFF(0%) Num=50.0 Sel=0 | stress: 50 temps, 0/20 sw ON, 10/10 lt ON
2026-04-11 09:36:51,225 [INFO] Broadcast 95 telegrams to 1 client(s) | Temp=26.3°C Hum=40.8% Light=OFF Dimmer=OFF(0%) Cover=100% Switch=OFF Climate=ON(22.0°C,m=0) Fan=OFF(0%) Num=50.0 Sel=0 | stress: 50 temps, 0/20 sw ON, 10/10 lt ON
2026-04-11 09:37:01,312 [INFO] Broadcast 95 telegrams to 1 client(s) | Temp=26.4°C Hum=40.6% Light=OFF Dimmer=OFF(0%) Cover=100% Switch=OFF Climate=ON(22.0°C,m=0) Fan=OFF(0%) Num=50.0 Sel=0 | stress: 50 temps, 0/20 sw ON, 10/10 lt ON
2026-04-11 09:37:11,425 [INFO] Broadcast 95 telegrams to 1 client(s) | Temp=26.4°C Hum=40.4% Light=OFF Dimmer=OFF(0%) Cover=100% Switch=OFF Climate=ON(22.0°C,m=0) Fan=OFF(0%) Num=50.0 Sel=0 | stress: 50 temps, 0/20 sw ON, 10/10 lt ON
2026-04-11 09:37:21,510 [INFO] Broadcast 95 telegrams to 1 client(s) | Temp=26.2°C Hum=40.8% Light=OFF Dimmer=OFF(0%) Cover=100% Switch=OFF Climate=ON(22.0°C,m=0) Fan=OFF(0%) Num=50.0 Sel=0 | stress: 50 temps, 0/20 sw ON, 10/10 lt ON
2026-04-11 09:37:31,610 [INFO] Broadcast 95 telegrams to 1 client(s) | Temp=26.1°C Hum=41.1% Light=OFF Dimmer=OFF(0%) Cover=100% Switch=OFF Climate=ON(22.0°C,m=0) Fan=OFF(0%) Num=50.0 Sel=0 | stress: 50 temps, 0/20 sw ON, 10/10 lt ON
2026-04-11 09:37:42,020 [INFO] Broadcast 95 telegrams to 1 client(s) | Temp=26.2°C Hum=41.1% Light=OFF Dimmer=OFF(0%) Cover=100% Switch=OFF Climate=ON(22.0°C,m=0) Fan=OFF(0%) Num=50.0 Sel=0 | stress: 50 temps, 0/20 sw ON, 10/10 lt ON
2026-04-11 09:37:52,100 [INFO] Broadcast 95 telegrams to 1 client(s) | Temp=26.1°C Hum=41.5% Light=OFF Dimmer=OFF(0%) Cover=100% Switch=OFF Climate=ON(22.0°C,m=0) Fan=OFF(0%) Num=50.0 Sel=0 | stress: 50 temps, 0/20 sw ON, 10/10 lt ON
2026-04-11 09:38:02,180 [INFO] Broadcast 95 telegrams to 1 client(s) | Temp=25.9°C Hum=41.9% Light=OFF Dimmer=OFF(0%) Cover=100% Switch=OFF Climate=ON(22.0°C,m=0) Fan=OFF(0%) Num=50.0 Sel=0 | stress: 50 temps, 0/20 sw ON, 10/10 lt ON
2026-04-11 09:38:12,276 [INFO] Broadcast 95 telegrams to 1 client(s) | Temp=25.6°C Hum=42.4% Light=OFF Dimmer=OFF(0%) Cover=100% Switch=OFF Climate=ON(22.0°C,m=0) Fan=OFF(0%) Num=50.0 Sel=0 | stress: 50 temps, 0/20 sw ON, 10/10 lt ON
2026-04-11 09:38:22,363 [INFO] Broadcast 95 telegrams to 1 client(s) | Temp=25.4°C Hum=42.8% Light=OFF Dimmer=OFF(0%) Cover=100% Switch=OFF Climate=ON(22.0°C,m=0) Fan=OFF(0%) Num=50.0 Sel=0 | stress: 50 temps, 0/20 sw ON, 10/10 lt ON
2026-04-11 09:38:32,449 [INFO] Broadcast 95 telegrams to 1 client(s) | Temp=25.4°C Hum=42.3% Light=OFF Dimmer=OFF(0%) Cover=100% Switch=OFF Climate=ON(22.0°C,m=0) Fan=OFF(0%) Num=50.0 Sel=0 | stress: 50 temps, 0/20 sw ON, 10/10 lt ON
2026-04-11 09:38:42,549 [INFO] Broadcast 95 telegrams to 1 client(s) | Temp=25.2°C Hum=42.4% Light=OFF Dimmer=OFF(0%) Cover=100% Switch=OFF Climate=ON(22.0°C,m=0) Fan=OFF(0%) Num=50.0 Sel=0 | stress: 50 temps, 0/20 sw ON, 10/10 lt ON
2026-04-11 09:38:53,026 [INFO] Broadcast 95 telegrams to 1 client(s) | Temp=25.4°C Hum=42.3% Light=OFF Dimmer=OFF(0%) Cover=100% Switch=OFF Climate=ON(22.0°C,m=0) Fan=OFF(0%) Num=50.0 Sel=0 | stress: 50 temps, 0/20 sw ON, 10/10 lt ON
2026-04-11 09:39:03,116 [INFO] Broadcast 95 telegrams to 1 client(s) | Temp=25.2°C Hum=41.9% Light=OFF Dimmer=OFF(0%) Cover=100% Switch=OFF Climate=ON(22.0°C,m=0) Fan=OFF(0%) Num=50.0 Sel=0 | stress: 50 temps, 0/20 sw ON, 10/10 lt ON
2026-04-11 09:39:13,200 [INFO] Broadcast 95 telegrams to 1 client(s) | Temp=25.1°C Hum=42.2% Light=OFF Dimmer=OFF(0%) Cover=100% Switch=OFF Climate=ON(22.0°C,m=0) Fan=OFF(0%) Num=50.0 Sel=0 | stress: 50 temps, 0/20 sw ON, 10/10 lt ON
2026-04-11 09:39:23,291 [INFO] Broadcast 95 telegrams to 1 client(s) | Temp=25.1°C Hum=41.7% Light=OFF Dimmer=OFF(0%) Cover=100% Switch=OFF Climate=ON(22.0°C,m=0) Fan=OFF(0%) Num=50.0 Sel=0 | stress: 50 temps, 0/20 sw ON, 10/10 lt ON
2026-04-11 09:39:33,382 [INFO] Broadcast 95 telegrams to 1 client(s) | Temp=24.9°C Hum=41.6% Light=OFF Dimmer=OFF(0%) Cover=100% Switch=OFF Climate=ON(22.0°C,m=0) Fan=OFF(0%) Num=50.0 Sel=0 | stress: 50 temps, 0/20 sw ON, 10/10 lt ON
2026-04-11 09:39:43,475 [INFO] Broadcast 95 telegrams to 1 client(s) | Temp=24.9°C Hum=41.2% Light=OFF Dimmer=OFF(0%) Cover=100% Switch=OFF Climate=ON(22.0°C,m=0) Fan=OFF(0%) Num=50.0 Sel=0 | stress: 50 temps, 0/20 sw ON, 10/10 lt ON
2026-04-11 09:39:53,584 [INFO] Broadcast 95 telegrams to 1 client(s) | Temp=24.6°C Hum=41.0% Light=OFF Dimmer=OFF(0%) Cover=100% Switch=OFF Climate=ON(22.0°C,m=0) Fan=OFF(0%) Num=50.0 Sel=0 | stress: 50 temps, 0/20 sw ON, 10/10 lt ON
2026-04-11 09:40:04,033 [INFO] Broadcast 95 telegrams to 1 client(s) | Temp=24.5°C Hum=41.4% Light=OFF Dimmer=OFF(0%) Cover=100% Switch=OFF Climate=ON(22.0°C,m=0) Fan=OFF(0%) Num=50.0 Sel=0 | stress: 50 temps, 0/20 sw ON, 10/10 lt ON
2026-04-11 09:40:14,137 [INFO] Broadcast 95 telegrams to 1 client(s) | Temp=24.6°C Hum=41.9% Light=OFF Dimmer=OFF(0%) Cover=100% Switch=OFF Climate=ON(22.0°C,m=0) Fan=OFF(0%) Num=50.0 Sel=0 | stress: 50 temps, 0/20 sw ON, 10/10 lt ON
2026-04-11 09:40:24,271 [INFO] Broadcast 95 telegrams to 1 client(s) | Temp=24.8°C Hum=42.1% Light=OFF Dimmer=OFF(0%) Cover=100% Switch=OFF Climate=ON(22.0°C,m=0) Fan=OFF(0%) Num=50.0 Sel=0 | stress: 50 temps, 0/20 sw ON, 10/10 lt ON
2026-04-11 09:40:34,361 [INFO] Broadcast 95 telegrams to 1 client(s) | Temp=24.7°C Hum=42.4% Light=OFF Dimmer=OFF(0%) Cover=100% Switch=OFF Climate=ON(22.0°C,m=0) Fan=OFF(0%) Num=50.0 Sel=0 | stress: 50 temps, 0/20 sw ON, 10/10 lt ON
2026-04-11 09:40:44,458 [INFO] Broadcast 95 telegrams to 1 client(s) | Temp=24.5°C Hum=42.5% Light=OFF Dimmer=OFF(0%) Cover=100% Switch=OFF Climate=ON(22.0°C,m=0) Fan=OFF(0%) Num=50.0 Sel=0 | stress: 50 temps, 0/20 sw ON, 10/10 lt ON
2026-04-11 09:40:54,572 [INFO] Broadcast 95 telegrams to 1 client(s) | Temp=24.3°C Hum=42.6% Light=OFF Dimmer=OFF(0%) Cover=100% Switch=OFF Climate=ON(22.0°C,m=0) Fan=OFF(0%) Num=50.0 Sel=0 | stress: 50 temps, 0/20 sw ON, 10/10 lt ON
2026-04-11 09:41:05,030 [INFO] Broadcast 95 telegrams to 1 client(s) | Temp=24.2°C Hum=42.6% Light=OFF Dimmer=OFF(0%) Cover=100% Switch=OFF Climate=ON(22.0°C,m=0) Fan=OFF(0%) Num=50.0 Sel=0 | stress: 50 temps, 0/20 sw ON, 10/10 lt ON
2026-04-11 09:41:15,145 [INFO] Broadcast 95 telegrams to 1 client(s) | Temp=24.2°C Hum=42.8% Light=OFF Dimmer=OFF(0%) Cover=100% Switch=OFF Climate=ON(22.0°C,m=0) Fan=OFF(0%) Num=50.0 Sel=0 | stress: 50 temps, 0/20 sw ON, 10/10 lt ON
2026-04-11 09:41:25,229 [INFO] Broadcast 95 telegrams to 1 client(s) | Temp=24.4°C Hum=42.7% Light=OFF Dimmer=OFF(0%) Cover=100% Switch=OFF Climate=ON(22.0°C,m=0) Fan=OFF(0%) Num=50.0 Sel=0 | stress: 50 temps, 0/20 sw ON, 10/10 lt ON
2026-04-11 09:41:35,329 [INFO] Broadcast 95 telegrams to 1 client(s) | Temp=24.4°C Hum=42.8% Light=OFF Dimmer=OFF(0%) Cover=100% Switch=OFF Climate=ON(22.0°C,m=0) Fan=OFF(0%) Num=50.0 Sel=0 | stress: 50 temps, 0/20 sw ON, 10/10 lt ON
2026-04-11 09:41:45,417 [INFO] Broadcast 95 telegrams to 1 client(s) | Temp=24.5°C Hum=42.8% Light=OFF Dimmer=OFF(0%) Cover=100% Switch=OFF Climate=ON(22.0°C,m=0) Fan=OFF(0%) Num=50.0 Sel=0 | stress: 50 temps, 0/20 sw ON, 10/10 lt ON
2026-04-11 09:41:55,538 [INFO] Broadcast 95 telegrams to 1 client(s) | Temp=24.6°C Hum=42.6% Light=OFF Dimmer=OFF(0%) Cover=100% Switch=OFF Climate=ON(22.0°C,m=0) Fan=OFF(0%) Num=50.0 Sel=0 | stress: 50 temps, 0/20 sw ON, 10/10 lt ON
2026-04-11 09:42:05,635 [INFO] Broadcast 95 telegrams to 1 client(s) | Temp=24.8°C Hum=43.1% Light=OFF Dimmer=OFF(0%) Cover=100% Switch=OFF Climate=ON(22.0°C,m=0) Fan=OFF(0%) Num=50.0 Sel=0 | stress: 50 temps, 0/20 sw ON, 10/10 lt ON
2026-04-11 09:42:16,037 [INFO] Broadcast 95 telegrams to 1 client(s) | Temp=24.7°C Hum=43.1% Light=OFF Dimmer=OFF(0%) Cover=100% Switch=OFF Climate=ON(22.0°C,m=0) Fan=OFF(0%) Num=50.0 Sel=0 | stress: 50 temps, 0/20 sw ON, 10/10 lt ON
2026-04-11 09:42:26,139 [INFO] Broadcast 95 telegrams to 1 client(s) | Temp=24.6°C Hum=43.0% Light=OFF Dimmer=OFF(0%) Cover=100% Switch=OFF Climate=ON(22.0°C,m=0) Fan=OFF(0%) Num=50.0 Sel=0 | stress: 50 temps, 0/20 sw ON, 10/10 lt ON
2026-04-11 09:42:36,234 [INFO] Broadcast 95 telegrams to 1 client(s) | Temp=24.5°C Hum=42.7% Light=OFF Dimmer=OFF(0%) Cover=100% Switch=OFF Climate=ON(22.0°C,m=0) Fan=OFF(0%) Num=50.0 Sel=0 | stress: 50 temps, 0/20 sw ON, 10/10 lt ON
2026-04-11 09:42:46,318 [INFO] Broadcast 95 telegrams to 1 client(s) | Temp=24.4°C Hum=42.4% Light=OFF Dimmer=OFF(0%) Cover=100% Switch=OFF Climate=ON(22.0°C,m=0) Fan=OFF(0%) Num=50.0 Sel=0 | stress: 50 temps, 0/20 sw ON, 10/10 lt ON
2026-04-11 09:42:56,420 [INFO] Broadcast 95 telegrams to 1 client(s) | Temp=24.2°C Hum=42.7% Light=OFF Dimmer=OFF(0%) Cover=100% Switch=OFF Climate=ON(22.0°C,m=0) Fan=OFF(0%) Num=50.0 Sel=0 | stress: 50 temps, 0/20 sw ON, 10/10 lt ON
2026-04-11 09:43:06,503 [INFO] Broadcast 95 telegrams to 1 client(s) | Temp=23.9°C Hum=42.3% Light=OFF Dimmer=OFF(0%) Cover=100% Switch=OFF Climate=ON(22.0°C,m=0) Fan=OFF(0%) Num=50.0 Sel=0 | stress: 50 temps, 0/20 sw ON, 10/10 lt ON
2026-04-11 09:43:16,602 [INFO] Broadcast 95 telegrams to 1 client(s) | Temp=24.0°C Hum=42.2% Light=OFF Dimmer=OFF(0%) Cover=100% Switch=OFF Climate=ON(22.0°C,m=0) Fan=OFF(0%) Num=50.0 Sel=0 | stress: 50 temps, 0/20 sw ON, 10/10 lt ON
2026-04-11 09:43:27,050 [INFO] Broadcast 95 telegrams to 1 client(s) | Temp=24.3°C Hum=42.3% Light=OFF Dimmer=OFF(0%) Cover=100% Switch=OFF Climate=ON(22.0°C,m=0) Fan=OFF(0%) Num=50.0 Sel=0 | stress: 50 temps, 0/20 sw ON, 10/10 lt ON
2026-04-11 09:43:37,150 [INFO] Broadcast 95 telegrams to 1 client(s) | Temp=24.4°C Hum=42.3% Light=OFF Dimmer=OFF(0%) Cover=100% Switch=OFF Climate=ON(22.0°C,m=0) Fan=OFF(0%) Num=50.0 Sel=0 | stress: 50 temps, 0/20 sw ON, 10/10 lt ON
2026-04-11 09:43:47,247 [INFO] Broadcast 95 telegrams to 1 client(s) | Temp=24.4°C Hum=42.5% Light=OFF Dimmer=OFF(0%) Cover=100% Switch=OFF Climate=ON(22.0°C,m=0) Fan=OFF(0%) Num=50.0 Sel=0 | stress: 50 temps, 0/20 sw ON, 10/10 lt ON
2026-04-11 09:43:57,344 [INFO] Broadcast 95 telegrams to 1 client(s) | Temp=24.5°C Hum=42.1% Light=OFF Dimmer=OFF(0%) Cover=100% Switch=OFF Climate=ON(22.0°C,m=0) Fan=OFF(0%) Num=50.0 Sel=0 | stress: 50 temps, 0/20 sw ON, 10/10 lt ON
2026-04-11 09:44:07,427 [INFO] Broadcast 95 telegrams to 1 client(s) | Temp=24.7°C Hum=42.1% Light=OFF Dimmer=OFF(0%) Cover=100% Switch=OFF Climate=ON(22.0°C,m=0) Fan=OFF(0%) Num=50.0 Sel=0 | stress: 50 temps, 0/20 sw ON, 10/10 lt ON
2026-04-11 09:44:17,535 [INFO] Broadcast 95 telegrams to 1 client(s) | Temp=25.0°C Hum=41.8% Light=OFF Dimmer=OFF(0%) Cover=100% Switch=OFF Climate=ON(22.0°C,m=0) Fan=OFF(0%) Num=50.0 Sel=0 | stress: 50 temps, 0/20 sw ON, 10/10 lt ON
2026-04-11 09:44:27,626 [INFO] Broadcast 95 telegrams to 1 client(s) | Temp=24.9°C Hum=42.3% Light=OFF Dimmer=OFF(0%) Cover=100% Switch=OFF Climate=ON(22.0°C,m=0) Fan=OFF(0%) Num=50.0 Sel=0 | stress: 50 temps, 0/20 sw ON, 10/10 lt ON
2026-04-11 09:44:38,059 [INFO] Broadcast 95 telegrams to 1 client(s) | Temp=24.9°C Hum=42.7% Light=OFF Dimmer=OFF(0%) Cover=100% Switch=OFF Climate=ON(22.0°C,m=0) Fan=OFF(0%) Num=50.0 Sel=0 | stress: 50 temps, 0/20 sw ON, 10/10 lt ON
2026-04-11 09:44:48,157 [INFO] Broadcast 95 telegrams to 1 client(s) | Temp=24.8°C Hum=42.8% Light=OFF Dimmer=OFF(0%) Cover=100% Switch=OFF Climate=ON(22.0°C,m=0) Fan=OFF(0%) Num=50.0 Sel=0 | stress: 50 temps, 0/20 sw ON, 10/10 lt ON
2026-04-11 09:44:58,252 [INFO] Broadcast 95 telegrams to 1 client(s) | Temp=25.0°C Hum=42.7% Light=OFF Dimmer=OFF(0%) Cover=100% Switch=OFF Climate=ON(22.0°C,m=0) Fan=OFF(0%) Num=50.0 Sel=0 | stress: 50 temps, 0/20 sw ON, 10/10 lt ON
2026-04-11 09:45:08,354 [INFO] Broadcast 95 telegrams to 1 client(s) | Temp=25.2°C Hum=42.9% Light=OFF Dimmer=OFF(0%) Cover=100% Switch=OFF Climate=ON(22.0°C,m=0) Fan=OFF(0%) Num=50.0 Sel=0 | stress: 50 temps, 0/20 sw ON, 10/10 lt ON
2026-04-11 09:45:18,438 [INFO] Broadcast 95 telegrams to 1 client(s) | Temp=25.3°C Hum=43.3% Light=OFF Dimmer=OFF(0%) Cover=100% Switch=OFF Climate=ON(22.0°C,m=0) Fan=OFF(0%) Num=50.0 Sel=0 | stress: 50 temps, 0/20 sw ON, 10/10 lt ON
2026-04-11 09:45:28,522 [INFO] Broadcast 95 telegrams to 1 client(s) | Temp=25.1°C Hum=43.6% Light=OFF Dimmer=OFF(0%) Cover=100% Switch=OFF Climate=ON(22.0°C,m=0) Fan=OFF(0%) Num=50.0 Sel=0 | stress: 50 temps, 0/20 sw ON, 10/10 lt ON
2026-04-11 09:45:38,616 [INFO] Broadcast 95 telegrams to 1 client(s) | Temp=25.3°C Hum=43.2% Light=OFF Dimmer=OFF(0%) Cover=100% Switch=OFF Climate=ON(22.0°C,m=0) Fan=OFF(0%) Num=50.0 Sel=0 | stress: 50 temps, 0/20 sw ON, 10/10 lt ON
2026-04-11 09:45:49,068 [INFO] Broadcast 95 telegrams to 1 client(s) | Temp=25.3°C Hum=43.3% Light=OFF Dimmer=OFF(0%) Cover=100% Switch=OFF Climate=ON(22.0°C,m=0) Fan=OFF(0%) Num=50.0 Sel=0 | stress: 50 temps, 0/20 sw ON, 10/10 lt ON
2026-04-11 09:45:59,164 [INFO] Broadcast 95 telegrams to 1 client(s) | Temp=25.4°C Hum=43.4% Light=OFF Dimmer=OFF(0%) Cover=100% Switch=OFF Climate=ON(22.0°C,m=0) Fan=OFF(0%) Num=50.0 Sel=0 | stress: 50 temps, 0/20 sw ON, 10/10 lt ON
2026-04-11 09:46:09,245 [INFO] Broadcast 95 telegrams to 1 client(s) | Temp=25.5°C Hum=43.3% Light=OFF Dimmer=OFF(0%) Cover=100% Switch=OFF Climate=ON(22.0°C,m=0) Fan=OFF(0%) Num=50.0 Sel=0 | stress: 50 temps, 0/20 sw ON, 10/10 lt ON
2026-04-11 09:46:19,342 [INFO] Broadcast 95 telegrams to 1 client(s) | Temp=25.3°C Hum=43.4% Light=OFF Dimmer=OFF(0%) Cover=100% Switch=OFF Climate=ON(22.0°C,m=0) Fan=OFF(0%) Num=50.0 Sel=0 | stress: 50 temps, 0/20 sw ON, 10/10 lt ON
2026-04-11 09:46:29,431 [INFO] Broadcast 95 telegrams to 1 client(s) | Temp=25.2°C Hum=43.3% Light=OFF Dimmer=OFF(0%) Cover=100% Switch=OFF Climate=ON(22.0°C,m=0) Fan=OFF(0%) Num=50.0 Sel=0 | stress: 50 temps, 0/20 sw ON, 10/10 lt ON
2026-04-11 09:46:39,518 [INFO] Broadcast 95 telegrams to 1 client(s) | Temp=25.3°C Hum=43.5% Light=OFF Dimmer=OFF(0%) Cover=100% Switch=OFF Climate=ON(22.0°C,m=0) Fan=OFF(0%) Num=50.0 Sel=0 | stress: 50 temps, 0/20 sw ON, 10/10 lt ON
2026-04-11 09:46:49,616 [INFO] Broadcast 95 telegrams to 1 client(s) | Temp=25.4°C Hum=43.6% Light=OFF Dimmer=OFF(0%) Cover=100% Switch=OFF Climate=ON(22.0°C,m=0) Fan=OFF(0%) Num=50.0 Sel=0 | stress: 50 temps, 0/20 sw ON, 10/10 lt ON
2026-04-11 09:47:00,073 [INFO] Broadcast 95 telegrams to 1 client(s) | Temp=25.1°C Hum=43.2% Light=OFF Dimmer=OFF(0%) Cover=100% Switch=OFF Climate=ON(22.0°C,m=0) Fan=OFF(0%) Num=50.0 Sel=0 | stress: 50 temps, 0/20 sw ON, 10/10 lt ON
2026-04-11 09:47:10,185 [INFO] Broadcast 95 telegrams to 1 client(s) | Temp=25.1°C Hum=43.5% Light=OFF Dimmer=OFF(0%) Cover=100% Switch=OFF Climate=ON(22.0°C,m=0) Fan=OFF(0%) Num=50.0 Sel=0 | stress: 50 temps, 0/20 sw ON, 10/10 lt ON
2026-04-11 09:47:20,313 [INFO] Broadcast 95 telegrams to 1 client(s) | Temp=25.3°C Hum=43.3% Light=OFF Dimmer=OFF(0%) Cover=100% Switch=OFF Climate=ON(22.0°C,m=0) Fan=OFF(0%) Num=50.0 Sel=0 | stress: 50 temps, 0/20 sw ON, 10/10 lt ON
2026-04-11 09:47:30,400 [INFO] Broadcast 95 telegrams to 1 client(s) | Temp=25.3°C Hum=43.4% Light=OFF Dimmer=OFF(0%) Cover=100% Switch=OFF Climate=ON(22.0°C,m=0) Fan=OFF(0%) Num=50.0 Sel=0 | stress: 50 temps, 0/20 sw ON, 10/10 lt ON
2026-04-11 09:47:40,494 [INFO] Broadcast 95 telegrams to 1 client(s) | Temp=25.1°C Hum=43.1% Light=OFF Dimmer=OFF(0%) Cover=100% Switch=OFF Climate=ON(22.0°C,m=0) Fan=OFF(0%) Num=50.0 Sel=0 | stress: 50 temps, 0/20 sw ON, 10/10 lt ON
2026-04-11 09:47:50,597 [INFO] Broadcast 95 telegrams to 1 client(s) | Temp=25.3°C Hum=42.9% Light=OFF Dimmer=OFF(0%) Cover=100% Switch=OFF Climate=ON(22.0°C,m=0) Fan=OFF(0%) Num=50.0 Sel=0 | stress: 50 temps, 0/20 sw ON, 10/10 lt ON
2026-04-11 09:48:00,681 [INFO] Broadcast 95 telegrams to 1 client(s) | Temp=25.4°C Hum=42.6% Light=OFF Dimmer=OFF(0%) Cover=100% Switch=OFF Climate=ON(22.0°C,m=0) Fan=OFF(0%) Num=50.0 Sel=0 | stress: 50 temps, 0/20 sw ON, 10/10 lt ON
2026-04-11 09:48:11,080 [INFO] Broadcast 95 telegrams to 1 client(s) | Temp=25.5°C Hum=42.4% Light=OFF Dimmer=OFF(0%) Cover=100% Switch=OFF Climate=ON(22.0°C,m=0) Fan=OFF(0%) Num=50.0 Sel=0 | stress: 50 temps, 0/20 sw ON, 10/10 lt ON
2026-04-11 09:48:21,193 [INFO] Broadcast 95 telegrams to 1 client(s) | Temp=25.6°C Hum=42.3% Light=OFF Dimmer=OFF(0%) Cover=100% Switch=OFF Climate=ON(22.0°C,m=0) Fan=OFF(0%) Num=50.0 Sel=0 | stress: 50 temps, 0/20 sw ON, 10/10 lt ON
2026-04-11 09:48:31,280 [INFO] Broadcast 95 telegrams to 1 client(s) | Temp=25.9°C Hum=42.8% Light=OFF Dimmer=OFF(0%) Cover=100% Switch=OFF Climate=ON(22.0°C,m=0) Fan=OFF(0%) Num=50.0 Sel=0 | stress: 50 temps, 0/20 sw ON, 10/10 lt ON
2026-04-11 09:48:41,375 [INFO] Broadcast 95 telegrams to 1 client(s) | Temp=25.7°C Hum=42.5% Light=OFF Dimmer=OFF(0%) Cover=100% Switch=OFF Climate=ON(22.0°C,m=0) Fan=OFF(0%) Num=50.0 Sel=0 | stress: 50 temps, 0/20 sw ON, 10/10 lt ON
2026-04-11 09:48:51,461 [INFO] Broadcast 95 telegrams to 1 client(s) | Temp=25.9°C Hum=43.0% Light=OFF Dimmer=OFF(0%) Cover=100% Switch=OFF Climate=ON(22.0°C,m=0) Fan=OFF(0%) Num=50.0 Sel=0 | stress: 50 temps, 0/20 sw ON, 10/10 lt ON
2026-04-11 09:49:01,542 [INFO] Broadcast 95 telegrams to 1 client(s) | Temp=26.1°C Hum=43.3% Light=OFF Dimmer=OFF(0%) Cover=100% Switch=OFF Climate=ON(22.0°C,m=0) Fan=OFF(0%) Num=50.0 Sel=0 | stress: 50 temps, 0/20 sw ON, 10/10 lt ON
2026-04-11 09:49:11,641 [INFO] Broadcast 95 telegrams to 1 client(s) | Temp=25.9°C Hum=43.3% Light=OFF Dimmer=OFF(0%) Cover=100% Switch=OFF Climate=ON(22.0°C,m=0) Fan=OFF(0%) Num=50.0 Sel=0 | stress: 50 temps, 0/20 sw ON, 10/10 lt ON
2026-04-11 09:49:22,085 [INFO] Broadcast 95 telegrams to 1 client(s) | Temp=25.7°C Hum=43.6% Light=OFF Dimmer=OFF(0%) Cover=100% Switch=OFF Climate=ON(22.0°C,m=0) Fan=OFF(0%) Num=50.0 Sel=0 | stress: 50 temps, 0/20 sw ON, 10/10 lt ON
2026-04-11 09:49:32,170 [INFO] Broadcast 95 telegrams to 1 client(s) | Temp=25.9°C Hum=43.1% Light=OFF Dimmer=OFF(0%) Cover=100% Switch=OFF Climate=ON(22.0°C,m=0) Fan=OFF(0%) Num=50.0 Sel=0 | stress: 50 temps, 0/20 sw ON, 10/10 lt ON
2026-04-11 09:49:42,264 [INFO] Broadcast 95 telegrams to 1 client(s) | Temp=26.0°C Hum=43.4% Light=OFF Dimmer=OFF(0%) Cover=100% Switch=OFF Climate=ON(22.0°C,m=0) Fan=OFF(0%) Num=50.0 Sel=0 | stress: 50 temps, 0/20 sw ON, 10/10 lt ON
2026-04-11 09:49:52,349 [INFO] Broadcast 95 telegrams to 1 client(s) | Temp=25.7°C Hum=43.2% Light=OFF Dimmer=OFF(0%) Cover=100% Switch=OFF Climate=ON(22.0°C,m=0) Fan=OFF(0%) Num=50.0 Sel=0 | stress: 50 temps, 0/20 sw ON, 10/10 lt ON
2026-04-11 09:50:02,438 [INFO] Broadcast 95 telegrams to 1 client(s) | Temp=25.9°C Hum=42.8% Light=OFF Dimmer=OFF(0%) Cover=100% Switch=OFF Climate=ON(22.0°C,m=0) Fan=OFF(0%) Num=50.0 Sel=0 | stress: 50 temps, 0/20 sw ON, 10/10 lt ON
2026-04-11 09:50:12,523 [INFO] Broadcast 95 telegrams to 1 client(s) | Temp=26.0°C Hum=43.1% Light=OFF Dimmer=OFF(0%) Cover=100% Switch=OFF Climate=ON(22.0°C,m=0) Fan=OFF(0%) Num=50.0 Sel=0 | stress: 50 temps, 0/20 sw ON, 10/10 lt ON
2026-04-11 09:50:22,640 [INFO] Broadcast 95 telegrams to 1 client(s) | Temp=26.2°C Hum=43.2% Light=OFF Dimmer=OFF(0%) Cover=100% Switch=OFF Climate=ON(22.0°C,m=0) Fan=OFF(0%) Num=50.0 Sel=0 | stress: 50 temps, 0/20 sw ON, 10/10 lt ON
2026-04-11 09:50:33,090 [INFO] Broadcast 95 telegrams to 1 client(s) | Temp=26.3°C Hum=42.9% Light=OFF Dimmer=OFF(0%) Cover=100% Switch=OFF Climate=ON(22.0°C,m=0) Fan=OFF(0%) Num=50.0 Sel=0 | stress: 50 temps, 0/20 sw ON, 10/10 lt ON
2026-04-11 09:50:43,179 [INFO] Broadcast 95 telegrams to 1 client(s) | Temp=26.2°C Hum=43.2% Light=OFF Dimmer=OFF(0%) Cover=100% Switch=OFF Climate=ON(22.0°C,m=0) Fan=OFF(0%) Num=50.0 Sel=0 | stress: 50 temps, 0/20 sw ON, 10/10 lt ON
2026-04-11 09:50:53,295 [INFO] Broadcast 95 telegrams to 1 client(s) | Temp=26.2°C Hum=43.4% Light=OFF Dimmer=OFF(0%) Cover=100% Switch=OFF Climate=ON(22.0°C,m=0) Fan=OFF(0%) Num=50.0 Sel=0 | stress: 50 temps, 0/20 sw ON, 10/10 lt ON
2026-04-11 09:51:03,384 [INFO] Broadcast 95 telegrams to 1 client(s) | Temp=26.4°C Hum=43.8% Light=OFF Dimmer=OFF(0%) Cover=100% Switch=OFF Climate=ON(22.0°C,m=0) Fan=OFF(0%) Num=50.0 Sel=0 | stress: 50 temps, 0/20 sw ON, 10/10 lt ON
2026-04-11 09:51:13,478 [INFO] Broadcast 95 telegrams to 1 client(s) | Temp=26.2°C Hum=44.1% Light=OFF Dimmer=OFF(0%) Cover=100% Switch=OFF Climate=ON(22.0°C,m=0) Fan=OFF(0%) Num=50.0 Sel=0 | stress: 50 temps, 0/20 sw ON, 10/10 lt ON
2026-04-11 09:51:23,584 [INFO] Broadcast 95 telegrams to 1 client(s) | Temp=25.9°C Hum=44.6% Light=OFF Dimmer=OFF(0%) Cover=100% Switch=OFF Climate=ON(22.0°C,m=0) Fan=OFF(0%) Num=50.0 Sel=0 | stress: 50 temps, 0/20 sw ON, 10/10 lt ON
2026-04-11 09:51:33,669 [INFO] Broadcast 95 telegrams to 1 client(s) | Temp=25.7°C Hum=45.0% Light=OFF Dimmer=OFF(0%) Cover=100% Switch=OFF Climate=ON(22.0°C,m=0) Fan=OFF(0%) Num=50.0 Sel=0 | stress: 50 temps, 0/20 sw ON, 10/10 lt ON
2026-04-11 09:51:44,096 [INFO] Broadcast 95 telegrams to 1 client(s) | Temp=25.4°C Hum=44.9% Light=OFF Dimmer=OFF(0%) Cover=100% Switch=OFF Climate=ON(22.0°C,m=0) Fan=OFF(0%) Num=50.0 Sel=0 | stress: 50 temps, 0/20 sw ON, 10/10 lt ON
2026-04-11 09:51:54,179 [INFO] Broadcast 95 telegrams to 1 client(s) | Temp=25.4°C Hum=44.5% Light=OFF Dimmer=OFF(0%) Cover=100% Switch=OFF Climate=ON(22.0°C,m=0) Fan=OFF(0%) Num=50.0 Sel=0 | stress: 50 temps, 0/20 sw ON, 10/10 lt ON
2026-04-11 09:52:04,278 [INFO] Broadcast 95 telegrams to 1 client(s) | Temp=25.3°C Hum=44.9% Light=OFF Dimmer=OFF(0%) Cover=100% Switch=OFF Climate=ON(22.0°C,m=0) Fan=OFF(0%) Num=50.0 Sel=0 | stress: 50 temps, 0/20 sw ON, 10/10 lt ON
2026-04-11 09:52:14,386 [INFO] Broadcast 95 telegrams to 1 client(s) | Temp=25.6°C Hum=44.7% Light=OFF Dimmer=OFF(0%) Cover=100% Switch=OFF Climate=ON(22.0°C,m=0) Fan=OFF(0%) Num=50.0 Sel=0 | stress: 50 temps, 0/20 sw ON, 10/10 lt ON
2026-04-11 09:52:24,481 [INFO] Broadcast 95 telegrams to 1 client(s) | Temp=25.5°C Hum=44.4% Light=OFF Dimmer=OFF(0%) Cover=100% Switch=OFF Climate=ON(22.0°C,m=0) Fan=OFF(0%) Num=50.0 Sel=0 | stress: 50 temps, 0/20 sw ON, 10/10 lt ON
2026-04-11 09:52:34,569 [INFO] Broadcast 95 telegrams to 1 client(s) | Temp=25.6°C Hum=44.0% Light=OFF Dimmer=OFF(0%) Cover=100% Switch=OFF Climate=ON(22.0°C,m=0) Fan=OFF(0%) Num=50.0 Sel=0 | stress: 50 temps, 0/20 sw ON, 10/10 lt ON
2026-04-11 09:52:45,094 [INFO] Broadcast 95 telegrams to 1 client(s) | Temp=25.5°C Hum=43.9% Light=OFF Dimmer=OFF(0%) Cover=100% Switch=OFF Climate=ON(22.0°C,m=0) Fan=OFF(0%) Num=50.0 Sel=0 | stress: 50 temps, 0/20 sw ON, 10/10 lt ON
2026-04-11 09:52:55,190 [INFO] Broadcast 95 telegrams to 1 client(s) | Temp=25.8°C Hum=43.9% Light=OFF Dimmer=OFF(0%) Cover=100% Switch=OFF Climate=ON(22.0°C,m=0) Fan=OFF(0%) Num=50.0 Sel=0 | stress: 50 temps, 0/20 sw ON, 10/10 lt ON
2026-04-11 09:53:05,288 [INFO] Broadcast 95 telegrams to 1 client(s) | Temp=25.8°C Hum=44.3% Light=OFF Dimmer=OFF(0%) Cover=100% Switch=OFF Climate=ON(22.0°C,m=0) Fan=OFF(0%) Num=50.0 Sel=0 | stress: 50 temps, 0/20 sw ON, 10/10 lt ON
2026-04-11 09:53:15,375 [INFO] Broadcast 95 telegrams to 1 client(s) | Temp=25.7°C Hum=44.5% Light=OFF Dimmer=OFF(0%) Cover=100% Switch=OFF Climate=ON(22.0°C,m=0) Fan=OFF(0%) Num=50.0 Sel=0 | stress: 50 temps, 0/20 sw ON, 10/10 lt ON
2026-04-11 09:53:25,459 [INFO] Broadcast 95 telegrams to 1 client(s) | Temp=25.9°C Hum=44.6% Light=OFF Dimmer=OFF(0%) Cover=100% Switch=OFF Climate=ON(22.0°C,m=0) Fan=OFF(0%) Num=50.0 Sel=0 | stress: 50 temps, 0/20 sw ON, 10/10 lt ON
2026-04-11 09:53:35,544 [INFO] Broadcast 95 telegrams to 1 client(s) | Temp=25.7°C Hum=44.7% Light=OFF Dimmer=OFF(0%) Cover=100% Switch=OFF Climate=ON(22.0°C,m=0) Fan=OFF(0%) Num=50.0 Sel=0 | stress: 50 temps, 0/20 sw ON, 10/10 lt ON
2026-04-11 09:53:45,647 [INFO] Broadcast 95 telegrams to 1 client(s) | Temp=25.8°C Hum=44.7% Light=OFF Dimmer=OFF(0%) Cover=100% Switch=OFF Climate=ON(22.0°C,m=0) Fan=OFF(0%) Num=50.0 Sel=0 | stress: 50 temps, 0/20 sw ON, 10/10 lt ON
2026-04-11 09:53:56,105 [INFO] Broadcast 95 telegrams to 1 client(s) | Temp=25.6°C Hum=44.9% Light=OFF Dimmer=OFF(0%) Cover=100% Switch=OFF Climate=ON(22.0°C,m=0) Fan=OFF(0%) Num=50.0 Sel=0 | stress: 50 temps, 0/20 sw ON, 10/10 lt ON
2026-04-11 09:54:06,203 [INFO] Broadcast 95 telegrams to 1 client(s) | Temp=25.5°C Hum=44.7% Light=OFF Dimmer=OFF(0%) Cover=100% Switch=OFF Climate=ON(22.0°C,m=0) Fan=OFF(0%) Num=50.0 Sel=0 | stress: 50 temps, 0/20 sw ON, 10/10 lt ON
2026-04-11 09:54:16,318 [INFO] Broadcast 95 telegrams to 1 client(s) | Temp=25.4°C Hum=44.5% Light=OFF Dimmer=OFF(0%) Cover=100% Switch=OFF Climate=ON(22.0°C,m=0) Fan=OFF(0%) Num=50.0 Sel=0 | stress: 50 temps, 0/20 sw ON, 10/10 lt ON
2026-04-11 09:54:26,404 [INFO] Broadcast 95 telegrams to 1 client(s) | Temp=25.1°C Hum=44.9% Light=OFF Dimmer=OFF(0%) Cover=100% Switch=OFF Climate=ON(22.0°C,m=0) Fan=OFF(0%) Num=50.0 Sel=0 | stress: 50 temps, 0/20 sw ON, 10/10 lt ON
2026-04-11 09:54:36,507 [INFO] Broadcast 95 telegrams to 1 client(s) | Temp=24.8°C Hum=45.1% Light=OFF Dimmer=OFF(0%) Cover=100% Switch=OFF Climate=ON(22.0°C,m=0) Fan=OFF(0%) Num=50.0 Sel=0 | stress: 50 temps, 0/20 sw ON, 10/10 lt ON
2026-04-11 09:54:46,589 [INFO] Broadcast 95 telegrams to 1 client(s) | Temp=25.0°C Hum=45.3% Light=OFF Dimmer=OFF(0%) Cover=100% Switch=OFF Climate=ON(22.0°C,m=0) Fan=OFF(0%) Num=50.0 Sel=0 | stress: 50 temps, 0/20 sw ON, 10/10 lt ON
2026-04-11 09:54:56,698 [INFO] Broadcast 95 telegrams to 1 client(s) | Temp=24.7°C Hum=45.1% Light=OFF Dimmer=OFF(0%) Cover=100% Switch=OFF Climate=ON(22.0°C,m=0) Fan=OFF(0%) Num=50.0 Sel=0 | stress: 50 temps, 0/20 sw ON, 10/10 lt ON
2026-04-11 09:55:07,118 [INFO] Broadcast 95 telegrams to 1 client(s) | Temp=24.9°C Hum=44.8% Light=OFF Dimmer=OFF(0%) Cover=100% Switch=OFF Climate=ON(22.0°C,m=0) Fan=OFF(0%) Num=50.0 Sel=0 | stress: 50 temps, 0/20 sw ON, 10/10 lt ON
2026-04-11 09:55:17,222 [INFO] Broadcast 95 telegrams to 1 client(s) | Temp=25.0°C Hum=44.7% Light=OFF Dimmer=OFF(0%) Cover=100% Switch=OFF Climate=ON(22.0°C,m=0) Fan=OFF(0%) Num=50.0 Sel=0 | stress: 50 temps, 0/20 sw ON, 10/10 lt ON
2026-04-11 09:55:27,318 [INFO] Broadcast 95 telegrams to 1 client(s) | Temp=24.7°C Hum=45.2% Light=OFF Dimmer=OFF(0%) Cover=100% Switch=OFF Climate=ON(22.0°C,m=0) Fan=OFF(0%) Num=50.0 Sel=0 | stress: 50 temps, 0/20 sw ON, 10/10 lt ON
2026-04-11 09:55:37,431 [INFO] Broadcast 95 telegrams to 1 client(s) | Temp=24.7°C Hum=44.7% Light=OFF Dimmer=OFF(0%) Cover=100% Switch=OFF Climate=ON(22.0°C,m=0) Fan=OFF(0%) Num=50.0 Sel=0 | stress: 50 temps, 0/20 sw ON, 10/10 lt ON
2026-04-11 09:55:47,531 [INFO] Broadcast 95 telegrams to 1 client(s) | Temp=24.8°C Hum=44.2% Light=OFF Dimmer=OFF(0%) Cover=100% Switch=OFF Climate=ON(22.0°C,m=0) Fan=OFF(0%) Num=50.0 Sel=0 | stress: 50 temps, 0/20 sw ON, 10/10 lt ON
2026-04-11 09:55:57,615 [INFO] Broadcast 95 telegrams to 1 client(s) | Temp=24.8°C Hum=44.1% Light=OFF Dimmer=OFF(0%) Cover=100% Switch=OFF Climate=ON(22.0°C,m=0) Fan=OFF(0%) Num=50.0 Sel=0 | stress: 50 temps, 0/20 sw ON, 10/10 lt ON
2026-04-11 09:56:07,732 [INFO] Broadcast 95 telegrams to 1 client(s) | Temp=24.8°C Hum=44.2% Light=OFF Dimmer=OFF(0%) Cover=100% Switch=OFF Climate=ON(22.0°C,m=0) Fan=OFF(0%) Num=50.0 Sel=0 | stress: 50 temps, 0/20 sw ON, 10/10 lt ON
2026-04-11 09:56:18,125 [INFO] Broadcast 95 telegrams to 1 client(s) | Temp=24.9°C Hum=44.2% Light=OFF Dimmer=OFF(0%) Cover=100% Switch=OFF Climate=ON(22.0°C,m=0) Fan=OFF(0%) Num=50.0 Sel=0 | stress: 50 temps, 0/20 sw ON, 10/10 lt ON
2026-04-11 09:56:28,216 [INFO] Broadcast 95 telegrams to 1 client(s) | Temp=24.6°C Hum=44.6% Light=OFF Dimmer=OFF(0%) Cover=100% Switch=OFF Climate=ON(22.0°C,m=0) Fan=OFF(0%) Num=50.0 Sel=0 | stress: 50 temps, 0/20 sw ON, 10/10 lt ON
2026-04-11 09:56:38,331 [INFO] Broadcast 95 telegrams to 1 client(s) | Temp=24.3°C Hum=44.6% Light=OFF Dimmer=OFF(0%) Cover=100% Switch=OFF Climate=ON(22.0°C,m=0) Fan=OFF(0%) Num=50.0 Sel=0 | stress: 50 temps, 0/20 sw ON, 10/10 lt ON
2026-04-11 09:56:48,429 [INFO] Broadcast 95 telegrams to 1 client(s) | Temp=24.6°C Hum=45.1% Light=OFF Dimmer=OFF(0%) Cover=100% Switch=OFF Climate=ON(22.0°C,m=0) Fan=OFF(0%) Num=50.0 Sel=0 | stress: 50 temps, 0/20 sw ON, 10/10 lt ON
2026-04-11 09:56:58,517 [INFO] Broadcast 95 telegrams to 1 client(s) | Temp=24.5°C Hum=45.4% Light=OFF Dimmer=OFF(0%) Cover=100% Switch=OFF Climate=ON(22.0°C,m=0) Fan=OFF(0%) Num=50.0 Sel=0 | stress: 50 temps, 0/20 sw ON, 10/10 lt ON
2026-04-11 09:57:08,634 [INFO] Broadcast 95 telegrams to 1 client(s) | Temp=24.2°C Hum=44.9% Light=OFF Dimmer=OFF(0%) Cover=100% Switch=OFF Climate=ON(22.0°C,m=0) Fan=OFF(0%) Num=50.0 Sel=0 | stress: 50 temps, 0/20 sw ON, 10/10 lt ON
2026-04-11 09:57:18,735 [INFO] Broadcast 95 telegrams to 1 client(s) | Temp=24.1°C Hum=44.8% Light=OFF Dimmer=OFF(0%) Cover=100% Switch=OFF Climate=ON(22.0°C,m=0) Fan=OFF(0%) Num=50.0 Sel=0 | stress: 50 temps, 0/20 sw ON, 10/10 lt ON
2026-04-11 09:57:29,134 [INFO] Broadcast 95 telegrams to 1 client(s) | Temp=24.3°C Hum=44.8% Light=OFF Dimmer=OFF(0%) Cover=100% Switch=OFF Climate=ON(22.0°C,m=0) Fan=OFF(0%) Num=50.0 Sel=0 | stress: 50 temps, 0/20 sw ON, 10/10 lt ON
2026-04-11 09:57:39,247 [INFO] Broadcast 95 telegrams to 1 client(s) | Temp=24.2°C Hum=44.9% Light=OFF Dimmer=OFF(0%) Cover=100% Switch=OFF Climate=ON(22.0°C,m=0) Fan=OFF(0%) Num=50.0 Sel=0 | stress: 50 temps, 0/20 sw ON, 10/10 lt ON
2026-04-11 09:57:49,356 [INFO] Broadcast 95 telegrams to 1 client(s) | Temp=24.0°C Hum=44.7% Light=OFF Dimmer=OFF(0%) Cover=100% Switch=OFF Climate=ON(22.0°C,m=0) Fan=OFF(0%) Num=50.0 Sel=0 | stress: 50 temps, 0/20 sw ON, 10/10 lt ON
2026-04-11 09:57:59,456 [INFO] Broadcast 95 telegrams to 1 client(s) | Temp=23.9°C Hum=44.3% Light=OFF Dimmer=OFF(0%) Cover=100% Switch=OFF Climate=ON(22.0°C,m=0) Fan=OFF(0%) Num=50.0 Sel=0 | stress: 50 temps, 0/20 sw ON, 10/10 lt ON
2026-04-11 09:58:09,552 [INFO] Broadcast 95 telegrams to 1 client(s) | Temp=23.6°C Hum=44.8% Light=OFF Dimmer=OFF(0%) Cover=100% Switch=OFF Climate=ON(22.0°C,m=0) Fan=OFF(0%) Num=50.0 Sel=0 | stress: 50 temps, 0/20 sw ON, 10/10 lt ON
2026-04-11 09:58:19,649 [INFO] Broadcast 95 telegrams to 1 client(s) | Temp=23.8°C Hum=45.0% Light=OFF Dimmer=OFF(0%) Cover=100% Switch=OFF Climate=ON(22.0°C,m=0) Fan=OFF(0%) Num=50.0 Sel=0 | stress: 50 temps, 0/20 sw ON, 10/10 lt ON
2026-04-11 09:58:29,756 [INFO] Broadcast 95 telegrams to 1 client(s) | Temp=23.7°C Hum=44.7% Light=OFF Dimmer=OFF(0%) Cover=100% Switch=OFF Climate=ON(22.0°C,m=0) Fan=OFF(0%) Num=50.0 Sel=0 | stress: 50 temps, 0/20 sw ON, 10/10 lt ON
2026-04-11 09:58:40,142 [INFO] Broadcast 95 telegrams to 1 client(s) | Temp=23.5°C Hum=44.5% Light=OFF Dimmer=OFF(0%) Cover=100% Switch=OFF Climate=ON(22.0°C,m=0) Fan=OFF(0%) Num=50.0 Sel=0 | stress: 50 temps, 0/20 sw ON, 10/10 lt ON
2026-04-11 09:58:50,261 [INFO] Broadcast 95 telegrams to 1 client(s) | Temp=23.2°C Hum=44.2% Light=OFF Dimmer=OFF(0%) Cover=100% Switch=OFF Climate=ON(22.0°C,m=0) Fan=OFF(0%) Num=50.0 Sel=0 | stress: 50 temps, 0/20 sw ON, 10/10 lt ON
2026-04-11 09:59:00,347 [INFO] Broadcast 95 telegrams to 1 client(s) | Temp=23.3°C Hum=43.9% Light=OFF Dimmer=OFF(0%) Cover=100% Switch=OFF Climate=ON(22.0°C,m=0) Fan=OFF(0%) Num=50.0 Sel=0 | stress: 50 temps, 0/20 sw ON, 10/10 lt ON
2026-04-11 09:59:10,479 [INFO] Broadcast 95 telegrams to 1 client(s) | Temp=23.6°C Hum=43.7% Light=OFF Dimmer=OFF(0%) Cover=100% Switch=OFF Climate=ON(22.0°C,m=0) Fan=OFF(0%) Num=50.0 Sel=0 | stress: 50 temps, 0/20 sw ON, 10/10 lt ON
2026-04-11 09:59:20,581 [INFO] Broadcast 95 telegrams to 1 client(s) | Temp=23.6°C Hum=44.1% Light=OFF Dimmer=OFF(0%) Cover=100% Switch=OFF Climate=ON(22.0°C,m=0) Fan=OFF(0%) Num=50.0 Sel=0 | stress: 50 temps, 0/20 sw ON, 10/10 lt ON
2026-04-11 09:59:30,676 [INFO] Broadcast 95 telegrams to 1 client(s) | Temp=23.6°C Hum=43.9% Light=OFF Dimmer=OFF(0%) Cover=100% Switch=OFF Climate=ON(22.0°C,m=0) Fan=OFF(0%) Num=50.0 Sel=0 | stress: 50 temps, 0/20 sw ON, 10/10 lt ON
2026-04-11 09:59:40,769 [INFO] Broadcast 95 telegrams to 1 client(s) | Temp=23.5°C Hum=44.2% Light=OFF Dimmer=OFF(0%) Cover=100% Switch=OFF Climate=ON(22.0°C,m=0) Fan=OFF(0%) Num=50.0 Sel=0 | stress: 50 temps, 0/20 sw ON, 10/10 lt ON
2026-04-11 09:59:51,149 [INFO] Broadcast 95 telegrams to 1 client(s) | Temp=23.5°C Hum=44.3% Light=OFF Dimmer=OFF(0%) Cover=100% Switch=OFF Climate=ON(22.0°C,m=0) Fan=OFF(0%) Num=50.0 Sel=0 | stress: 50 temps, 0/20 sw ON, 10/10 lt ON
2026-04-11 10:00:01,241 [INFO] Broadcast 95 telegrams to 1 client(s) | Temp=23.2°C Hum=44.5% Light=OFF Dimmer=OFF(0%) Cover=100% Switch=OFF Climate=ON(22.0°C,m=0) Fan=OFF(0%) Num=50.0 Sel=0 | stress: 50 temps, 0/20 sw ON, 10/10 lt ON
2026-04-11 10:00:11,351 [INFO] Broadcast 95 telegrams to 1 client(s) | Temp=23.2°C Hum=44.8% Light=OFF Dimmer=OFF(0%) Cover=100% Switch=OFF Climate=ON(22.0°C,m=0) Fan=OFF(0%) Num=50.0 Sel=0 | stress: 50 temps, 0/20 sw ON, 10/10 lt ON
2026-04-11 10:00:21,434 [INFO] Broadcast 95 telegrams to 1 client(s) | Temp=23.5°C Hum=45.3% Light=OFF Dimmer=OFF(0%) Cover=100% Switch=OFF Climate=ON(22.0°C,m=0) Fan=OFF(0%) Num=50.0 Sel=0 | stress: 50 temps, 0/20 sw ON, 10/10 lt ON
2026-04-11 10:00:31,522 [INFO] Broadcast 95 telegrams to 1 client(s) | Temp=23.2°C Hum=44.8% Light=OFF Dimmer=OFF(0%) Cover=100% Switch=OFF Climate=ON(22.0°C,m=0) Fan=OFF(0%) Num=50.0 Sel=0 | stress: 50 temps, 0/20 sw ON, 10/10 lt ON
2026-04-11 10:00:41,630 [INFO] Broadcast 95 telegrams to 1 client(s) | Temp=23.4°C Hum=44.8% Light=OFF Dimmer=OFF(0%) Cover=100% Switch=OFF Climate=ON(22.0°C,m=0) Fan=OFF(0%) Num=50.0 Sel=0 | stress: 50 temps, 0/20 sw ON, 10/10 lt ON
2026-04-11 10:00:51,721 [INFO] Broadcast 95 telegrams to 1 client(s) | Temp=23.5°C Hum=44.4% Light=OFF Dimmer=OFF(0%) Cover=100% Switch=OFF Climate=ON(22.0°C,m=0) Fan=OFF(0%) Num=50.0 Sel=0 | stress: 50 temps, 0/20 sw ON, 10/10 lt ON
2026-04-11 10:01:02,156 [INFO] Broadcast 95 telegrams to 1 client(s) | Temp=23.8°C Hum=44.7% Light=OFF Dimmer=OFF(0%) Cover=100% Switch=OFF Climate=ON(22.0°C,m=0) Fan=OFF(0%) Num=50.0 Sel=0 | stress: 50 temps, 0/20 sw ON, 10/10 lt ON
2026-04-11 10:01:12,262 [INFO] Broadcast 95 telegrams to 1 client(s) | Temp=23.6°C Hum=45.2% Light=OFF Dimmer=OFF(0%) Cover=100% Switch=OFF Climate=ON(22.0°C,m=0) Fan=OFF(0%) Num=50.0 Sel=0 | stress: 50 temps, 0/20 sw ON, 10/10 lt ON
2026-04-11 10:01:22,352 [INFO] Broadcast 95 telegrams to 1 client(s) | Temp=23.5°C Hum=45.5% Light=OFF Dimmer=OFF(0%) Cover=100% Switch=OFF Climate=ON(22.0°C,m=0) Fan=OFF(0%) Num=50.0 Sel=0 | stress: 50 temps, 0/20 sw ON, 10/10 lt ON
2026-04-11 10:01:32,439 [INFO] Broadcast 95 telegrams to 1 client(s) | Temp=23.8°C Hum=45.4% Light=OFF Dimmer=OFF(0%) Cover=100% Switch=OFF Climate=ON(22.0°C,m=0) Fan=OFF(0%) Num=50.0 Sel=0 | stress: 50 temps, 0/20 sw ON, 10/10 lt ON
2026-04-11 10:01:42,539 [INFO] Broadcast 95 telegrams to 1 client(s) | Temp=23.8°C Hum=45.8% Light=OFF Dimmer=OFF(0%) Cover=100% Switch=OFF Climate=ON(22.0°C,m=0) Fan=OFF(0%) Num=50.0 Sel=0 | stress: 50 temps, 0/20 sw ON, 10/10 lt ON
2026-04-11 10:01:52,623 [INFO] Broadcast 95 telegrams to 1 client(s) | Temp=23.8°C Hum=45.7% Light=OFF Dimmer=OFF(0%) Cover=100% Switch=OFF Climate=ON(22.0°C,m=0) Fan=OFF(0%) Num=50.0 Sel=0 | stress: 50 temps, 0/20 sw ON, 10/10 lt ON
2026-04-11 10:02:02,728 [INFO] Broadcast 95 telegrams to 1 client(s) | Temp=23.9°C Hum=45.6% Light=OFF Dimmer=OFF(0%) Cover=100% Switch=OFF Climate=ON(22.0°C,m=0) Fan=OFF(0%) Num=50.0 Sel=0 | stress: 50 temps, 0/20 sw ON, 10/10 lt ON
2026-04-11 10:02:13,160 [INFO] Broadcast 95 telegrams to 1 client(s) | Temp=23.6°C Hum=45.6% Light=OFF Dimmer=OFF(0%) Cover=100% Switch=OFF Climate=ON(22.0°C,m=0) Fan=OFF(0%) Num=50.0 Sel=0 | stress: 50 temps, 0/20 sw ON, 10/10 lt ON
2026-04-11 10:02:23,259 [INFO] Broadcast 95 telegrams to 1 client(s) | Temp=23.8°C Hum=45.3% Light=OFF Dimmer=OFF(0%) Cover=100% Switch=OFF Climate=ON(22.0°C,m=0) Fan=OFF(0%) Num=50.0 Sel=0 | stress: 50 temps, 0/20 sw ON, 10/10 lt ON
2026-04-11 10:02:33,350 [INFO] Broadcast 95 telegrams to 1 client(s) | Temp=24.1°C Hum=45.5% Light=OFF Dimmer=OFF(0%) Cover=100% Switch=OFF Climate=ON(22.0°C,m=0) Fan=OFF(0%) Num=50.0 Sel=0 | stress: 50 temps, 0/20 sw ON, 10/10 lt ON
2026-04-11 10:02:43,435 [INFO] Broadcast 95 telegrams to 1 client(s) | Temp=24.3°C Hum=45.1% Light=OFF Dimmer=OFF(0%) Cover=100% Switch=OFF Climate=ON(22.0°C,m=0) Fan=OFF(0%) Num=50.0 Sel=0 | stress: 50 temps, 0/20 sw ON, 10/10 lt ON
2026-04-11 10:02:53,555 [INFO] Broadcast 95 telegrams to 1 client(s) | Temp=24.1°C Hum=45.3% Light=OFF Dimmer=OFF(0%) Cover=100% Switch=OFF Climate=ON(22.0°C,m=0) Fan=OFF(0%) Num=50.0 Sel=0 | stress: 50 temps, 0/20 sw ON, 10/10 lt ON
2026-04-11 10:03:03,659 [INFO] Broadcast 95 telegrams to 1 client(s) | Temp=24.2°C Hum=45.3% Light=OFF Dimmer=OFF(0%) Cover=100% Switch=OFF Climate=ON(22.0°C,m=0) Fan=OFF(0%) Num=50.0 Sel=0 | stress: 50 temps, 0/20 sw ON, 10/10 lt ON
2026-04-11 10:03:13,758 [INFO] Broadcast 95 telegrams to 1 client(s) | Temp=24.3°C Hum=45.3% Light=OFF Dimmer=OFF(0%) Cover=100% Switch=OFF Climate=ON(22.0°C,m=0) Fan=OFF(0%) Num=50.0 Sel=0 | stress: 50 temps, 0/20 sw ON, 10/10 lt ON
2026-04-11 10:03:24,164 [INFO] Broadcast 95 telegrams to 1 client(s) | Temp=24.2°C Hum=44.8% Light=OFF Dimmer=OFF(0%) Cover=100% Switch=OFF Climate=ON(22.0°C,m=0) Fan=OFF(0%) Num=50.0 Sel=0 | stress: 50 temps, 0/20 sw ON, 10/10 lt ON
2026-04-11 10:03:34,264 [INFO] Broadcast 95 telegrams to 1 client(s) | Temp=23.9°C Hum=44.8% Light=OFF Dimmer=OFF(0%) Cover=100% Switch=OFF Climate=ON(22.0°C,m=0) Fan=OFF(0%) Num=50.0 Sel=0 | stress: 50 temps, 0/20 sw ON, 10/10 lt ON
2026-04-11 10:03:44,376 [INFO] Broadcast 95 telegrams to 1 client(s) | Temp=23.6°C Hum=45.3% Light=OFF Dimmer=OFF(0%) Cover=100% Switch=OFF Climate=ON(22.0°C,m=0) Fan=OFF(0%) Num=50.0 Sel=0 | stress: 50 temps, 0/20 sw ON, 10/10 lt ON
2026-04-11 10:03:54,475 [INFO] Broadcast 95 telegrams to 1 client(s) | Temp=23.7°C Hum=44.8% Light=OFF Dimmer=OFF(0%) Cover=100% Switch=OFF Climate=ON(22.0°C,m=0) Fan=OFF(0%) Num=50.0 Sel=0 | stress: 50 temps, 0/20 sw ON, 10/10 lt ON
2026-04-11 10:04:04,570 [INFO] Broadcast 95 telegrams to 1 client(s) | Temp=23.7°C Hum=45.3% Light=OFF Dimmer=OFF(0%) Cover=100% Switch=OFF Climate=ON(22.0°C,m=0) Fan=OFF(0%) Num=50.0 Sel=0 | stress: 50 temps, 0/20 sw ON, 10/10 lt ON
2026-04-11 10:04:14,680 [INFO] Broadcast 95 telegrams to 1 client(s) | Temp=23.6°C Hum=45.5% Light=OFF Dimmer=OFF(0%) Cover=100% Switch=OFF Climate=ON(22.0°C,m=0) Fan=OFF(0%) Num=50.0 Sel=0 | stress: 50 temps, 0/20 sw ON, 10/10 lt ON
2026-04-11 10:04:25,163 [INFO] Broadcast 95 telegrams to 1 client(s) | Temp=23.5°C Hum=45.3% Light=OFF Dimmer=OFF(0%) Cover=100% Switch=OFF Climate=ON(22.0°C,m=0) Fan=OFF(0%) Num=50.0 Sel=0 | stress: 50 temps, 0/20 sw ON, 10/10 lt ON
2026-04-11 10:04:35,283 [INFO] Broadcast 95 telegrams to 1 client(s) | Temp=23.3°C Hum=45.1% Light=OFF Dimmer=OFF(0%) Cover=100% Switch=OFF Climate=ON(22.0°C,m=0) Fan=OFF(0%) Num=50.0 Sel=0 | stress: 50 temps, 0/20 sw ON, 10/10 lt ON
2026-04-11 10:04:45,360 [INFO] Broadcast 95 telegrams to 1 client(s) | Temp=23.4°C Hum=45.1% Light=OFF Dimmer=OFF(0%) Cover=100% Switch=OFF Climate=ON(22.0°C,m=0) Fan=OFF(0%) Num=50.0 Sel=0 | stress: 50 temps, 0/20 sw ON, 10/10 lt ON
2026-04-11 10:04:55,446 [INFO] Broadcast 95 telegrams to 1 client(s) | Temp=23.7°C Hum=44.9% Light=OFF Dimmer=OFF(0%) Cover=100% Switch=OFF Climate=ON(22.0°C,m=0) Fan=OFF(0%) Num=50.0 Sel=0 | stress: 50 temps, 0/20 sw ON, 10/10 lt ON
2026-04-11 10:05:05,562 [INFO] Broadcast 95 telegrams to 1 client(s) | Temp=23.7°C Hum=44.8% Light=OFF Dimmer=OFF(0%) Cover=100% Switch=OFF Climate=ON(22.0°C,m=0) Fan=OFF(0%) Num=50.0 Sel=0 | stress: 50 temps, 0/20 sw ON, 10/10 lt ON
2026-04-11 10:05:15,643 [INFO] Broadcast 95 telegrams to 1 client(s) | Temp=23.8°C Hum=44.9% Light=OFF Dimmer=OFF(0%) Cover=100% Switch=OFF Climate=ON(22.0°C,m=0) Fan=OFF(0%) Num=50.0 Sel=0 | stress: 50 temps, 0/20 sw ON, 10/10 lt ON
2026-04-11 10:05:25,733 [INFO] Broadcast 95 telegrams to 1 client(s) | Temp=23.7°C Hum=44.7% Light=OFF Dimmer=OFF(0%) Cover=100% Switch=OFF Climate=ON(22.0°C,m=0) Fan=OFF(0%) Num=50.0 Sel=0 | stress: 50 temps, 0/20 sw ON, 10/10 lt ON
2026-04-11 10:05:36,175 [INFO] Broadcast 95 telegrams to 1 client(s) | Temp=23.4°C Hum=44.8% Light=OFF Dimmer=OFF(0%) Cover=100% Switch=OFF Climate=ON(22.0°C,m=0) Fan=OFF(0%) Num=50.0 Sel=0 | stress: 50 temps, 0/20 sw ON, 10/10 lt ON
2026-04-11 10:05:46,264 [INFO] Broadcast 95 telegrams to 1 client(s) | Temp=23.4°C Hum=44.9% Light=OFF Dimmer=OFF(0%) Cover=100% Switch=OFF Climate=ON(22.0°C,m=0) Fan=OFF(0%) Num=50.0 Sel=0 | stress: 50 temps, 0/20 sw ON, 10/10 lt ON
2026-04-11 10:05:56,364 [INFO] Broadcast 95 telegrams to 1 client(s) | Temp=23.6°C Hum=44.9% Light=OFF Dimmer=OFF(0%) Cover=100% Switch=OFF Climate=ON(22.0°C,m=0) Fan=OFF(0%) Num=50.0 Sel=0 | stress: 50 temps, 0/20 sw ON, 10/10 lt ON
2026-04-11 10:06:06,455 [INFO] Broadcast 95 telegrams to 1 client(s) | Temp=23.7°C Hum=45.0% Light=OFF Dimmer=OFF(0%) Cover=100% Switch=OFF Climate=ON(22.0°C,m=0) Fan=OFF(0%) Num=50.0 Sel=0 | stress: 50 temps, 0/20 sw ON, 10/10 lt ON
2026-04-11 10:06:16,546 [INFO] Broadcast 95 telegrams to 1 client(s) | Temp=23.8°C Hum=44.9% Light=OFF Dimmer=OFF(0%) Cover=100% Switch=OFF Climate=ON(22.0°C,m=0) Fan=OFF(0%) Num=50.0 Sel=0 | stress: 50 temps, 0/20 sw ON, 10/10 lt ON
2026-04-11 10:06:26,659 [INFO] Broadcast 95 telegrams to 1 client(s) | Temp=23.8°C Hum=45.1% Light=OFF Dimmer=OFF(0%) Cover=100% Switch=OFF Climate=ON(22.0°C,m=0) Fan=OFF(0%) Num=50.0 Sel=0 | stress: 50 temps, 0/20 sw ON, 10/10 lt ON
2026-04-11 10:06:36,735 [INFO] Broadcast 95 telegrams to 1 client(s) | Temp=23.5°C Hum=44.7% Light=OFF Dimmer=OFF(0%) Cover=100% Switch=OFF Climate=ON(22.0°C,m=0) Fan=OFF(0%) Num=50.0 Sel=0 | stress: 50 temps, 0/20 sw ON, 10/10 lt ON
2026-04-11 10:06:47,182 [INFO] Broadcast 95 telegrams to 1 client(s) | Temp=23.7°C Hum=44.8% Light=OFF Dimmer=OFF(0%) Cover=100% Switch=OFF Climate=ON(22.0°C,m=0) Fan=OFF(0%) Num=50.0 Sel=0 | stress: 50 temps, 0/20 sw ON, 10/10 lt ON
2026-04-11 10:06:57,290 [INFO] Broadcast 95 telegrams to 1 client(s) | Temp=23.6°C Hum=44.4% Light=OFF Dimmer=OFF(0%) Cover=100% Switch=OFF Climate=ON(22.0°C,m=0) Fan=OFF(0%) Num=50.0 Sel=0 | stress: 50 temps, 0/20 sw ON, 10/10 lt ON
2026-04-11 10:07:07,377 [INFO] Broadcast 95 telegrams to 1 client(s) | Temp=23.8°C Hum=44.9% Light=OFF Dimmer=OFF(0%) Cover=100% Switch=OFF Climate=ON(22.0°C,m=0) Fan=OFF(0%) Num=50.0 Sel=0 | stress: 50 temps, 0/20 sw ON, 10/10 lt ON
2026-04-11 10:07:17,481 [INFO] Broadcast 95 telegrams to 1 client(s) | Temp=23.9°C Hum=44.7% Light=OFF Dimmer=OFF(0%) Cover=100% Switch=OFF Climate=ON(22.0°C,m=0) Fan=OFF(0%) Num=50.0 Sel=0 | stress: 50 temps, 0/20 sw ON, 10/10 lt ON
2026-04-11 10:07:27,569 [INFO] Broadcast 95 telegrams to 1 client(s) | Temp=23.8°C Hum=44.8% Light=OFF Dimmer=OFF(0%) Cover=100% Switch=OFF Climate=ON(22.0°C,m=0) Fan=OFF(0%) Num=50.0 Sel=0 | stress: 50 temps, 0/20 sw ON, 10/10 lt ON
2026-04-11 10:07:37,652 [INFO] Broadcast 95 telegrams to 1 client(s) | Temp=24.0°C Hum=44.4% Light=OFF Dimmer=OFF(0%) Cover=100% Switch=OFF Climate=ON(22.0°C,m=0) Fan=OFF(0%) Num=50.0 Sel=0 | stress: 50 temps, 0/20 sw ON, 10/10 lt ON
2026-04-11 10:07:47,746 [INFO] Broadcast 95 telegrams to 1 client(s) | Temp=24.0°C Hum=44.6% Light=OFF Dimmer=OFF(0%) Cover=100% Switch=OFF Climate=ON(22.0°C,m=0) Fan=OFF(0%) Num=50.0 Sel=0 | stress: 50 temps, 0/20 sw ON, 10/10 lt ON
2026-04-11 10:07:58,193 [INFO] Broadcast 95 telegrams to 1 client(s) | Temp=24.3°C Hum=44.8% Light=OFF Dimmer=OFF(0%) Cover=100% Switch=OFF Climate=ON(22.0°C,m=0) Fan=OFF(0%) Num=50.0 Sel=0 | stress: 50 temps, 0/20 sw ON, 10/10 lt ON
2026-04-11 10:08:08,302 [INFO] Broadcast 95 telegrams to 1 client(s) | Temp=24.1°C Hum=44.8% Light=OFF Dimmer=OFF(0%) Cover=100% Switch=OFF Climate=ON(22.0°C,m=0) Fan=OFF(0%) Num=50.0 Sel=0 | stress: 50 temps, 0/20 sw ON, 10/10 lt ON
2026-04-11 10:08:18,390 [INFO] Broadcast 95 telegrams to 1 client(s) | Temp=24.0°C Hum=45.1% Light=OFF Dimmer=OFF(0%) Cover=100% Switch=OFF Climate=ON(22.0°C,m=0) Fan=OFF(0%) Num=50.0 Sel=0 | stress: 50 temps, 0/20 sw ON, 10/10 lt ON
2026-04-11 10:08:28,476 [INFO] Broadcast 95 telegrams to 1 client(s) | Temp=24.3°C Hum=45.2% Light=OFF Dimmer=OFF(0%) Cover=100% Switch=OFF Climate=ON(22.0°C,m=0) Fan=OFF(0%) Num=50.0 Sel=0 | stress: 50 temps, 0/20 sw ON, 10/10 lt ON
2026-04-11 10:08:38,583 [INFO] Broadcast 95 telegrams to 1 client(s) | Temp=24.4°C Hum=45.6% Light=OFF Dimmer=OFF(0%) Cover=100% Switch=OFF Climate=ON(22.0°C,m=0) Fan=OFF(0%) Num=50.0 Sel=0 | stress: 50 temps, 0/20 sw ON, 10/10 lt ON
2026-04-11 10:08:48,670 [INFO] Broadcast 95 telegrams to 1 client(s) | Temp=24.6°C Hum=46.1% Light=OFF Dimmer=OFF(0%) Cover=100% Switch=OFF Climate=ON(22.0°C,m=0) Fan=OFF(0%) Num=50.0 Sel=0 | stress: 50 temps, 0/20 sw ON, 10/10 lt ON
2026-04-11 10:08:58,761 [INFO] Broadcast 95 telegrams to 1 client(s) | Temp=24.8°C Hum=46.6% Light=OFF Dimmer=OFF(0%) Cover=100% Switch=OFF Climate=ON(22.0°C,m=0) Fan=OFF(0%) Num=50.0 Sel=0 | stress: 50 temps, 0/20 sw ON, 10/10 lt ON
2026-04-11 10:09:09,202 [INFO] Broadcast 95 telegrams to 1 client(s) | Temp=25.0°C Hum=46.5% Light=OFF Dimmer=OFF(0%) Cover=100% Switch=OFF Climate=ON(22.0°C,m=0) Fan=OFF(0%) Num=50.0 Sel=0 | stress: 50 temps, 0/20 sw ON, 10/10 lt ON
2026-04-11 10:09:19,298 [INFO] Broadcast 95 telegrams to 1 client(s) | Temp=25.0°C Hum=46.8% Light=OFF Dimmer=OFF(0%) Cover=100% Switch=OFF Climate=ON(22.0°C,m=0) Fan=OFF(0%) Num=50.0 Sel=0 | stress: 50 temps, 0/20 sw ON, 10/10 lt ON
2026-04-11 10:09:29,411 [INFO] Broadcast 95 telegrams to 1 client(s) | Temp=25.0°C Hum=46.9% Light=OFF Dimmer=OFF(0%) Cover=100% Switch=OFF Climate=ON(22.0°C,m=0) Fan=OFF(0%) Num=50.0 Sel=0 | stress: 50 temps, 0/20 sw ON, 10/10 lt ON
2026-04-11 10:09:39,540 [INFO] Broadcast 95 telegrams to 1 client(s) | Temp=24.9°C Hum=46.6% Light=OFF Dimmer=OFF(0%) Cover=100% Switch=OFF Climate=ON(22.0°C,m=0) Fan=OFF(0%) Num=50.0 Sel=0 | stress: 50 temps, 0/20 sw ON, 10/10 lt ON
2026-04-11 10:09:49,630 [INFO] Broadcast 95 telegrams to 1 client(s) | Temp=24.7°C Hum=46.2% Light=OFF Dimmer=OFF(0%) Cover=100% Switch=OFF Climate=ON(22.0°C,m=0) Fan=OFF(0%) Num=50.0 Sel=0 | stress: 50 temps, 0/20 sw ON, 10/10 lt ON
2026-04-11 10:09:59,736 [INFO] Broadcast 95 telegrams to 1 client(s) | Temp=24.9°C Hum=45.8% Light=OFF Dimmer=OFF(0%) Cover=100% Switch=OFF Climate=ON(22.0°C,m=0) Fan=OFF(0%) Num=50.0 Sel=0 | stress: 50 temps, 0/20 sw ON, 10/10 lt ON
2026-04-11 10:10:09,825 [INFO] Broadcast 95 telegrams to 1 client(s) | Temp=24.6°C Hum=46.3% Light=OFF Dimmer=OFF(0%) Cover=100% Switch=OFF Climate=ON(22.0°C,m=0) Fan=OFF(0%) Num=50.0 Sel=0 | stress: 50 temps, 0/20 sw ON, 10/10 lt ON
2026-04-11 10:10:20,211 [INFO] Broadcast 95 telegrams to 1 client(s) | Temp=24.5°C Hum=46.1% Light=OFF Dimmer=OFF(0%) Cover=100% Switch=OFF Climate=ON(22.0°C,m=0) Fan=OFF(0%) Num=50.0 Sel=0 | stress: 50 temps, 0/20 sw ON, 10/10 lt ON
2026-04-11 10:10:30,314 [INFO] Broadcast 95 telegrams to 1 client(s) | Temp=24.8°C Hum=46.5% Light=OFF Dimmer=OFF(0%) Cover=100% Switch=OFF Climate=ON(22.0°C,m=0) Fan=OFF(0%) Num=50.0 Sel=0 | stress: 50 temps, 0/20 sw ON, 10/10 lt ON
2026-04-11 10:10:40,408 [INFO] Broadcast 95 telegrams to 1 client(s) | Temp=24.8°C Hum=46.3% Light=OFF Dimmer=OFF(0%) Cover=100% Switch=OFF Climate=ON(22.0°C,m=0) Fan=OFF(0%) Num=50.0 Sel=0 | stress: 50 temps, 0/20 sw ON, 10/10 lt ON
2026-04-11 10:10:50,512 [INFO] Broadcast 95 telegrams to 1 client(s) | Temp=24.8°C Hum=46.3% Light=OFF Dimmer=OFF(0%) Cover=100% Switch=OFF Climate=ON(22.0°C,m=0) Fan=OFF(0%) Num=50.0 Sel=0 | stress: 50 temps, 0/20 sw ON, 10/10 lt ON
2026-04-11 10:11:00,601 [INFO] Broadcast 95 telegrams to 1 client(s) | Temp=25.0°C Hum=46.7% Light=OFF Dimmer=OFF(0%) Cover=100% Switch=OFF Climate=ON(22.0°C,m=0) Fan=OFF(0%) Num=50.0 Sel=0 | stress: 50 temps, 0/20 sw ON, 10/10 lt ON
2026-04-11 10:11:10,703 [INFO] Broadcast 95 telegrams to 1 client(s) | Temp=24.8°C Hum=47.1% Light=OFF Dimmer=OFF(0%) Cover=100% Switch=OFF Climate=ON(22.0°C,m=0) Fan=OFF(0%) Num=50.0 Sel=0 | stress: 50 temps, 0/20 sw ON, 10/10 lt ON
2026-04-11 10:11:20,811 [INFO] Broadcast 95 telegrams to 1 client(s) | Temp=24.7°C Hum=46.8% Light=OFF Dimmer=OFF(0%) Cover=100% Switch=OFF Climate=ON(22.0°C,m=0) Fan=OFF(0%) Num=50.0 Sel=0 | stress: 50 temps, 0/20 sw ON, 10/10 lt ON
2026-04-11 10:11:31,217 [INFO] Broadcast 95 telegrams to 1 client(s) | Temp=24.7°C Hum=47.2% Light=OFF Dimmer=OFF(0%) Cover=100% Switch=OFF Climate=ON(22.0°C,m=0) Fan=OFF(0%) Num=50.0 Sel=0 | stress: 50 temps, 0/20 sw ON, 10/10 lt ON
2026-04-11 10:11:41,314 [INFO] Broadcast 95 telegrams to 1 client(s) | Temp=24.7°C Hum=47.5% Light=OFF Dimmer=OFF(0%) Cover=100% Switch=OFF Climate=ON(22.0°C,m=0) Fan=OFF(0%) Num=50.0 Sel=0 | stress: 50 temps, 0/20 sw ON, 10/10 lt ON
2026-04-11 10:11:51,413 [INFO] Broadcast 95 telegrams to 1 client(s) | Temp=24.7°C Hum=47.8% Light=OFF Dimmer=OFF(0%) Cover=100% Switch=OFF Climate=ON(22.0°C,m=0) Fan=OFF(0%) Num=50.0 Sel=0 | stress: 50 temps, 0/20 sw ON, 10/10 lt ON
2026-04-11 10:12:01,501 [INFO] Broadcast 95 telegrams to 1 client(s) | Temp=24.6°C Hum=47.5% Light=OFF Dimmer=OFF(0%) Cover=100% Switch=OFF Climate=ON(22.0°C,m=0) Fan=OFF(0%) Num=50.0 Sel=0 | stress: 50 temps, 0/20 sw ON, 10/10 lt ON
2026-04-11 10:12:11,591 [INFO] Broadcast 95 telegrams to 1 client(s) | Temp=24.4°C Hum=47.6% Light=OFF Dimmer=OFF(0%) Cover=100% Switch=OFF Climate=ON(22.0°C,m=0) Fan=OFF(0%) Num=50.0 Sel=0 | stress: 50 temps, 0/20 sw ON, 10/10 lt ON
2026-04-11 10:12:21,695 [INFO] Broadcast 95 telegrams to 1 client(s) | Temp=24.5°C Hum=47.5% Light=OFF Dimmer=OFF(0%) Cover=100% Switch=OFF Climate=ON(22.0°C,m=0) Fan=OFF(0%) Num=50.0 Sel=0 | stress: 50 temps, 0/20 sw ON, 10/10 lt ON
2026-04-11 10:12:31,776 [INFO] Broadcast 95 telegrams to 1 client(s) | Temp=24.5°C Hum=47.2% Light=OFF Dimmer=OFF(0%) Cover=100% Switch=OFF Climate=ON(22.0°C,m=0) Fan=OFF(0%) Num=50.0 Sel=0 | stress: 50 temps, 0/20 sw ON, 10/10 lt ON
2026-04-11 10:12:42,222 [INFO] Broadcast 95 telegrams to 1 client(s) | Temp=24.4°C Hum=47.1% Light=OFF Dimmer=OFF(0%) Cover=100% Switch=OFF Climate=ON(22.0°C,m=0) Fan=OFF(0%) Num=50.0 Sel=0 | stress: 50 temps, 0/20 sw ON, 10/10 lt ON
2026-04-11 10:12:52,311 [INFO] Broadcast 95 telegrams to 1 client(s) | Temp=24.3°C Hum=47.0% Light=OFF Dimmer=OFF(0%) Cover=100% Switch=OFF Climate=ON(22.0°C,m=0) Fan=OFF(0%) Num=50.0 Sel=0 | stress: 50 temps, 0/20 sw ON, 10/10 lt ON
2026-04-11 10:13:02,419 [INFO] Broadcast 95 telegrams to 1 client(s) | Temp=24.5°C Hum=47.0% Light=OFF Dimmer=OFF(0%) Cover=100% Switch=OFF Climate=ON(22.0°C,m=0) Fan=OFF(0%) Num=50.0 Sel=0 | stress: 50 temps, 0/20 sw ON, 10/10 lt ON
2026-04-11 10:13:12,513 [INFO] Broadcast 95 telegrams to 1 client(s) | Temp=24.4°C Hum=46.9% Light=OFF Dimmer=OFF(0%) Cover=100% Switch=OFF Climate=ON(22.0°C,m=0) Fan=OFF(0%) Num=50.0 Sel=0 | stress: 50 temps, 0/20 sw ON, 10/10 lt ON
2026-04-11 10:13:22,599 [INFO] Broadcast 95 telegrams to 1 client(s) | Temp=24.5°C Hum=47.1% Light=OFF Dimmer=OFF(0%) Cover=100% Switch=OFF Climate=ON(22.0°C,m=0) Fan=OFF(0%) Num=50.0 Sel=0 | stress: 50 temps, 0/20 sw ON, 10/10 lt ON
2026-04-11 10:13:32,704 [INFO] Broadcast 95 telegrams to 1 client(s) | Temp=24.7°C Hum=46.7% Light=OFF Dimmer=OFF(0%) Cover=100% Switch=OFF Climate=ON(22.0°C,m=0) Fan=OFF(0%) Num=50.0 Sel=0 | stress: 50 temps, 0/20 sw ON, 10/10 lt ON
2026-04-11 10:13:42,786 [INFO] Broadcast 95 telegrams to 1 client(s) | Temp=24.8°C Hum=46.3% Light=OFF Dimmer=OFF(0%) Cover=100% Switch=OFF Climate=ON(22.0°C,m=0) Fan=OFF(0%) Num=50.0 Sel=0 | stress: 50 temps, 0/20 sw ON, 10/10 lt ON
2026-04-11 10:13:53,228 [INFO] Broadcast 95 telegrams to 1 client(s) | Temp=24.6°C Hum=46.4% Light=OFF Dimmer=OFF(0%) Cover=100% Switch=OFF Climate=ON(22.0°C,m=0) Fan=OFF(0%) Num=50.0 Sel=0 | stress: 50 temps, 0/20 sw ON, 10/10 lt ON
2026-04-11 10:14:03,350 [INFO] Broadcast 95 telegrams to 1 client(s) | Temp=24.7°C Hum=46.8% Light=OFF Dimmer=OFF(0%) Cover=100% Switch=OFF Climate=ON(22.0°C,m=0) Fan=OFF(0%) Num=50.0 Sel=0 | stress: 50 temps, 0/20 sw ON, 10/10 lt ON
2026-04-11 10:14:13,439 [INFO] Broadcast 95 telegrams to 1 client(s) | Temp=24.8°C Hum=46.9% Light=OFF Dimmer=OFF(0%) Cover=100% Switch=OFF Climate=ON(22.0°C,m=0) Fan=OFF(0%) Num=50.0 Sel=0 | stress: 50 temps, 0/20 sw ON, 10/10 lt ON
2026-04-11 10:14:23,573 [INFO] Broadcast 95 telegrams to 1 client(s) | Temp=24.9°C Hum=46.5% Light=OFF Dimmer=OFF(0%) Cover=100% Switch=OFF Climate=ON(22.0°C,m=0) Fan=OFF(0%) Num=50.0 Sel=0 | stress: 50 temps, 0/20 sw ON, 10/10 lt ON
2026-04-11 10:14:33,664 [INFO] Broadcast 95 telegrams to 1 client(s) | Temp=25.0°C Hum=46.0% Light=OFF Dimmer=OFF(0%) Cover=100% Switch=OFF Climate=ON(22.0°C,m=0) Fan=OFF(0%) Num=50.0 Sel=0 | stress: 50 temps, 0/20 sw ON, 10/10 lt ON
2026-04-11 10:14:43,757 [INFO] Broadcast 95 telegrams to 1 client(s) | Temp=25.3°C Hum=45.7% Light=OFF Dimmer=OFF(0%) Cover=100% Switch=OFF Climate=ON(22.0°C,m=0) Fan=OFF(0%) Num=50.0 Sel=0 | stress: 50 temps, 0/20 sw ON, 10/10 lt ON
2026-04-11 10:14:53,885 [INFO] Broadcast 95 telegrams to 1 client(s) | Temp=25.1°C Hum=45.3% Light=OFF Dimmer=OFF(0%) Cover=100% Switch=OFF Climate=ON(22.0°C,m=0) Fan=OFF(0%) Num=50.0 Sel=0 | stress: 50 temps, 0/20 sw ON, 10/10 lt ON
2026-04-11 10:15:04,233 [INFO] Broadcast 95 telegrams to 1 client(s) | Temp=24.9°C Hum=45.2% Light=OFF Dimmer=OFF(0%) Cover=100% Switch=OFF Climate=ON(22.0°C,m=0) Fan=OFF(0%) Num=50.0 Sel=0 | stress: 50 temps, 0/20 sw ON, 10/10 lt ON
2026-04-11 10:15:14,322 [INFO] Broadcast 95 telegrams to 1 client(s) | Temp=25.1°C Hum=44.8% Light=OFF Dimmer=OFF(0%) Cover=100% Switch=OFF Climate=ON(22.0°C,m=0) Fan=OFF(0%) Num=50.0 Sel=0 | stress: 50 temps, 0/20 sw ON, 10/10 lt ON
2026-04-11 10:15:24,403 [INFO] Broadcast 95 telegrams to 1 client(s) | Temp=24.9°C Hum=45.0% Light=OFF Dimmer=OFF(0%) Cover=100% Switch=OFF Climate=ON(22.0°C,m=0) Fan=OFF(0%) Num=50.0 Sel=0 | stress: 50 temps, 0/20 sw ON, 10/10 lt ON
2026-04-11 10:15:34,482 [INFO] Broadcast 95 telegrams to 1 client(s) | Temp=25.2°C Hum=45.2% Light=OFF Dimmer=OFF(0%) Cover=100% Switch=OFF Climate=ON(22.0°C,m=0) Fan=OFF(0%) Num=50.0 Sel=0 | stress: 50 temps, 0/20 sw ON, 10/10 lt ON
2026-04-11 10:15:44,602 [INFO] Broadcast 95 telegrams to 1 client(s) | Temp=25.2°C Hum=45.6% Light=OFF Dimmer=OFF(0%) Cover=100% Switch=OFF Climate=ON(22.0°C,m=0) Fan=OFF(0%) Num=50.0 Sel=0 | stress: 50 temps, 0/20 sw ON, 10/10 lt ON
2026-04-11 10:15:54,700 [INFO] Broadcast 95 telegrams to 1 client(s) | Temp=25.0°C Hum=45.3% Light=OFF Dimmer=OFF(0%) Cover=100% Switch=OFF Climate=ON(22.0°C,m=0) Fan=OFF(0%) Num=50.0 Sel=0 | stress: 50 temps, 0/20 sw ON, 10/10 lt ON
2026-04-11 10:16:05,232 [INFO] Broadcast 95 telegrams to 1 client(s) | Temp=25.0°C Hum=45.4% Light=OFF Dimmer=OFF(0%) Cover=100% Switch=OFF Climate=ON(22.0°C,m=0) Fan=OFF(0%) Num=50.0 Sel=0 | stress: 50 temps, 0/20 sw ON, 10/10 lt ON
2026-04-11 10:16:15,327 [INFO] Broadcast 95 telegrams to 1 client(s) | Temp=25.3°C Hum=45.2% Light=OFF Dimmer=OFF(0%) Cover=100% Switch=OFF Climate=ON(22.0°C,m=0) Fan=OFF(0%) Num=50.0 Sel=0 | stress: 50 temps, 0/20 sw ON, 10/10 lt ON
2026-04-11 10:16:25,417 [INFO] Broadcast 95 telegrams to 1 client(s) | Temp=25.4°C Hum=45.0% Light=OFF Dimmer=OFF(0%) Cover=100% Switch=OFF Climate=ON(22.0°C,m=0) Fan=OFF(0%) Num=50.0 Sel=0 | stress: 50 temps, 0/20 sw ON, 10/10 lt ON
2026-04-11 10:16:35,513 [INFO] Broadcast 95 telegrams to 1 client(s) | Temp=25.6°C Hum=45.5% Light=OFF Dimmer=OFF(0%) Cover=100% Switch=OFF Climate=ON(22.0°C,m=0) Fan=OFF(0%) Num=50.0 Sel=0 | stress: 50 temps, 0/20 sw ON, 10/10 lt ON
2026-04-11 10:16:45,604 [INFO] Broadcast 95 telegrams to 1 client(s) | Temp=25.4°C Hum=45.3% Light=OFF Dimmer=OFF(0%) Cover=100% Switch=OFF Climate=ON(22.0°C,m=0) Fan=OFF(0%) Num=50.0 Sel=0 | stress: 50 temps, 0/20 sw ON, 10/10 lt ON
2026-04-11 10:16:55,696 [INFO] Broadcast 95 telegrams to 1 client(s) | Temp=25.2°C Hum=45.2% Light=OFF Dimmer=OFF(0%) Cover=100% Switch=OFF Climate=ON(22.0°C,m=0) Fan=OFF(0%) Num=50.0 Sel=0 | stress: 50 temps, 0/20 sw ON, 10/10 lt ON
2026-04-11 10:17:05,795 [INFO] Broadcast 95 telegrams to 1 client(s) | Temp=25.4°C Hum=45.1% Light=OFF Dimmer=OFF(0%) Cover=100% Switch=OFF Climate=ON(22.0°C,m=0) Fan=OFF(0%) Num=50.0 Sel=0 | stress: 50 temps, 0/20 sw ON, 10/10 lt ON
2026-04-11 10:17:16,246 [INFO] Broadcast 95 telegrams to 1 client(s) | Temp=25.4°C Hum=45.3% Light=OFF Dimmer=OFF(0%) Cover=100% Switch=OFF Climate=ON(22.0°C,m=0) Fan=OFF(0%) Num=50.0 Sel=0 | stress: 50 temps, 0/20 sw ON, 10/10 lt ON
2026-04-11 10:17:26,364 [INFO] Broadcast 95 telegrams to 1 client(s) | Temp=25.3°C Hum=45.0% Light=OFF Dimmer=OFF(0%) Cover=100% Switch=OFF Climate=ON(22.0°C,m=0) Fan=OFF(0%) Num=50.0 Sel=0 | stress: 50 temps, 0/20 sw ON, 10/10 lt ON
2026-04-11 10:17:36,451 [INFO] Broadcast 95 telegrams to 1 client(s) | Temp=25.1°C Hum=45.5% Light=OFF Dimmer=OFF(0%) Cover=100% Switch=OFF Climate=ON(22.0°C,m=0) Fan=OFF(0%) Num=50.0 Sel=0 | stress: 50 temps, 0/20 sw ON, 10/10 lt ON
2026-04-11 10:17:46,536 [INFO] Broadcast 95 telegrams to 1 client(s) | Temp=24.9°C Hum=45.8% Light=OFF Dimmer=OFF(0%) Cover=100% Switch=OFF Climate=ON(22.0°C,m=0) Fan=OFF(0%) Num=50.0 Sel=0 | stress: 50 temps, 0/20 sw ON, 10/10 lt ON
2026-04-11 10:17:56,647 [INFO] Broadcast 95 telegrams to 1 client(s) | Temp=24.9°C Hum=45.8% Light=OFF Dimmer=OFF(0%) Cover=100% Switch=OFF Climate=ON(22.0°C,m=0) Fan=OFF(0%) Num=50.0 Sel=0 | stress: 50 temps, 0/20 sw ON, 10/10 lt ON
2026-04-11 10:18:06,745 [INFO] Broadcast 95 telegrams to 1 client(s) | Temp=24.9°C Hum=45.6% Light=OFF Dimmer=OFF(0%) Cover=100% Switch=OFF Climate=ON(22.0°C,m=0) Fan=OFF(0%) Num=50.0 Sel=0 | stress: 50 temps, 0/20 sw ON, 10/10 lt ON
2026-04-11 10:18:16,865 [INFO] Broadcast 95 telegrams to 1 client(s) | Temp=24.7°C Hum=45.4% Light=OFF Dimmer=OFF(0%) Cover=100% Switch=OFF Climate=ON(22.0°C,m=0) Fan=OFF(0%) Num=50.0 Sel=0 | stress: 50 temps, 0/20 sw ON, 10/10 lt ON
2026-04-11 10:18:27,255 [INFO] Broadcast 95 telegrams to 1 client(s) | Temp=24.5°C Hum=45.8% Light=OFF Dimmer=OFF(0%) Cover=100% Switch=OFF Climate=ON(22.0°C,m=0) Fan=OFF(0%) Num=50.0 Sel=0 | stress: 50 temps, 0/20 sw ON, 10/10 lt ON
2026-04-11 10:18:37,346 [INFO] Broadcast 95 telegrams to 1 client(s) | Temp=24.3°C Hum=46.3% Light=OFF Dimmer=OFF(0%) Cover=100% Switch=OFF Climate=ON(22.0°C,m=0) Fan=OFF(0%) Num=50.0 Sel=0 | stress: 50 temps, 0/20 sw ON, 10/10 lt ON
2026-04-11 10:18:47,453 [INFO] Broadcast 95 telegrams to 1 client(s) | Temp=24.1°C Hum=46.7% Light=OFF Dimmer=OFF(0%) Cover=100% Switch=OFF Climate=ON(22.0°C,m=0) Fan=OFF(0%) Num=50.0 Sel=0 | stress: 50 temps, 0/20 sw ON, 10/10 lt ON
2026-04-11 10:18:57,565 [INFO] Broadcast 95 telegrams to 1 client(s) | Temp=24.3°C Hum=47.0% Light=OFF Dimmer=OFF(0%) Cover=100% Switch=OFF Climate=ON(22.0°C,m=0) Fan=OFF(0%) Num=50.0 Sel=0 | stress: 50 temps, 0/20 sw ON, 10/10 lt ON
2026-04-11 10:19:07,656 [INFO] Broadcast 95 telegrams to 1 client(s) | Temp=24.5°C Hum=46.6% Light=OFF Dimmer=OFF(0%) Cover=100% Switch=OFF Climate=ON(22.0°C,m=0) Fan=OFF(0%) Num=50.0 Sel=0 | stress: 50 temps, 0/20 sw ON, 10/10 lt ON
2026-04-11 10:19:17,743 [INFO] Broadcast 95 telegrams to 1 client(s) | Temp=24.8°C Hum=46.7% Light=OFF Dimmer=OFF(0%) Cover=100% Switch=OFF Climate=ON(22.0°C,m=0) Fan=OFF(0%) Num=50.0 Sel=0 | stress: 50 temps, 0/20 sw ON, 10/10 lt ON
2026-04-11 10:19:27,837 [INFO] Broadcast 95 telegrams to 1 client(s) | Temp=25.0°C Hum=46.8% Light=OFF Dimmer=OFF(0%) Cover=100% Switch=OFF Climate=ON(22.0°C,m=0) Fan=OFF(0%) Num=50.0 Sel=0 | stress: 50 temps, 0/20 sw ON, 10/10 lt ON
2026-04-11 10:19:38,266 [INFO] Broadcast 95 telegrams to 1 client(s) | Temp=25.2°C Hum=47.2% Light=OFF Dimmer=OFF(0%) Cover=100% Switch=OFF Climate=ON(22.0°C,m=0) Fan=OFF(0%) Num=50.0 Sel=0 | stress: 50 temps, 0/20 sw ON, 10/10 lt ON
2026-04-11 10:19:48,362 [INFO] Broadcast 95 telegrams to 1 client(s) | Temp=24.9°C Hum=47.2% Light=OFF Dimmer=OFF(0%) Cover=100% Switch=OFF Climate=ON(22.0°C,m=0) Fan=OFF(0%) Num=50.0 Sel=0 | stress: 50 temps, 0/20 sw ON, 10/10 lt ON
2026-04-11 10:19:58,451 [INFO] Broadcast 95 telegrams to 1 client(s) | Temp=24.8°C Hum=46.9% Light=OFF Dimmer=OFF(0%) Cover=100% Switch=OFF Climate=ON(22.0°C,m=0) Fan=OFF(0%) Num=50.0 Sel=0 | stress: 50 temps, 0/20 sw ON, 10/10 lt ON
2026-04-11 10:20:08,553 [INFO] Broadcast 95 telegrams to 1 client(s) | Temp=24.7°C Hum=47.2% Light=OFF Dimmer=OFF(0%) Cover=100% Switch=OFF Climate=ON(22.0°C,m=0) Fan=OFF(0%) Num=50.0 Sel=0 | stress: 50 temps, 0/20 sw ON, 10/10 lt ON
2026-04-11 10:20:18,659 [INFO] Broadcast 95 telegrams to 1 client(s) | Temp=24.6°C Hum=47.2% Light=OFF Dimmer=OFF(0%) Cover=100% Switch=OFF Climate=ON(22.0°C,m=0) Fan=OFF(0%) Num=50.0 Sel=0 | stress: 50 temps, 0/20 sw ON, 10/10 lt ON
2026-04-11 10:20:28,751 [INFO] Broadcast 95 telegrams to 1 client(s) | Temp=24.3°C Hum=47.3% Light=OFF Dimmer=OFF(0%) Cover=100% Switch=OFF Climate=ON(22.0°C,m=0) Fan=OFF(0%) Num=50.0 Sel=0 | stress: 50 temps, 0/20 sw ON, 10/10 lt ON
2026-04-11 10:20:38,852 [INFO] Broadcast 95 telegrams to 1 client(s) | Temp=24.2°C Hum=47.5% Light=OFF Dimmer=OFF(0%) Cover=100% Switch=OFF Climate=ON(22.0°C,m=0) Fan=OFF(0%) Num=50.0 Sel=0 | stress: 50 temps, 0/20 sw ON, 10/10 lt ON
2026-04-11 10:20:49,273 [INFO] Broadcast 95 telegrams to 1 client(s) | Temp=24.0°C Hum=47.2% Light=OFF Dimmer=OFF(0%) Cover=100% Switch=OFF Climate=ON(22.0°C,m=0) Fan=OFF(0%) Num=50.0 Sel=0 | stress: 50 temps, 0/20 sw ON, 10/10 lt ON
2026-04-11 10:20:59,366 [INFO] Broadcast 95 telegrams to 1 client(s) | Temp=23.7°C Hum=47.4% Light=OFF Dimmer=OFF(0%) Cover=100% Switch=OFF Climate=ON(22.0°C,m=0) Fan=OFF(0%) Num=50.0 Sel=0 | stress: 50 temps, 0/20 sw ON, 10/10 lt ON
2026-04-11 10:21:09,449 [INFO] Broadcast 95 telegrams to 1 client(s) | Temp=23.5°C Hum=47.7% Light=OFF Dimmer=OFF(0%) Cover=100% Switch=OFF Climate=ON(22.0°C,m=0) Fan=OFF(0%) Num=50.0 Sel=0 | stress: 50 temps, 0/20 sw ON, 10/10 lt ON
2026-04-11 10:21:19,548 [INFO] Broadcast 95 telegrams to 1 client(s) | Temp=23.7°C Hum=47.9% Light=OFF Dimmer=OFF(0%) Cover=100% Switch=OFF Climate=ON(22.0°C,m=0) Fan=OFF(0%) Num=50.0 Sel=0 | stress: 50 temps, 0/20 sw ON, 10/10 lt ON
2026-04-11 10:21:29,650 [INFO] Broadcast 95 telegrams to 1 client(s) | Temp=24.0°C Hum=47.4% Light=OFF Dimmer=OFF(0%) Cover=100% Switch=OFF Climate=ON(22.0°C,m=0) Fan=OFF(0%) Num=50.0 Sel=0 | stress: 50 temps, 0/20 sw ON, 10/10 lt ON
2026-04-11 10:21:39,737 [INFO] Broadcast 95 telegrams to 1 client(s) | Temp=23.7°C Hum=47.8% Light=OFF Dimmer=OFF(0%) Cover=100% Switch=OFF Climate=ON(22.0°C,m=0) Fan=OFF(0%) Num=50.0 Sel=0 | stress: 50 temps, 0/20 sw ON, 10/10 lt ON
2026-04-11 10:21:49,828 [INFO] Broadcast 95 telegrams to 1 client(s) | Temp=23.6°C Hum=47.4% Light=OFF Dimmer=OFF(0%) Cover=100% Switch=OFF Climate=ON(22.0°C,m=0) Fan=OFF(0%) Num=50.0 Sel=0 | stress: 50 temps, 0/20 sw ON, 10/10 lt ON
2026-04-11 10:22:00,284 [INFO] Broadcast 95 telegrams to 1 client(s) | Temp=23.7°C Hum=47.0% Light=OFF Dimmer=OFF(0%) Cover=100% Switch=OFF Climate=ON(22.0°C,m=0) Fan=OFF(0%) Num=50.0 Sel=0 | stress: 50 temps, 0/20 sw ON, 10/10 lt ON
2026-04-11 10:22:10,379 [INFO] Broadcast 95 telegrams to 1 client(s) | Temp=23.8°C Hum=47.3% Light=OFF Dimmer=OFF(0%) Cover=100% Switch=OFF Climate=ON(22.0°C,m=0) Fan=OFF(0%) Num=50.0 Sel=0 | stress: 50 temps, 0/20 sw ON, 10/10 lt ON
2026-04-11 10:22:20,466 [INFO] Broadcast 95 telegrams to 1 client(s) | Temp=23.9°C Hum=47.2% Light=OFF Dimmer=OFF(0%) Cover=100% Switch=OFF Climate=ON(22.0°C,m=0) Fan=OFF(0%) Num=50.0 Sel=0 | stress: 50 temps, 0/20 sw ON, 10/10 lt ON
2026-04-11 10:22:30,551 [INFO] Broadcast 95 telegrams to 1 client(s) | Temp=23.8°C Hum=47.3% Light=OFF Dimmer=OFF(0%) Cover=100% Switch=OFF Climate=ON(22.0°C,m=0) Fan=OFF(0%) Num=50.0 Sel=0 | stress: 50 temps, 0/20 sw ON, 10/10 lt ON
2026-04-11 10:22:40,650 [INFO] Broadcast 95 telegrams to 1 client(s) | Temp=23.7°C Hum=47.3% Light=OFF Dimmer=OFF(0%) Cover=100% Switch=OFF Climate=ON(22.0°C,m=0) Fan=OFF(0%) Num=50.0 Sel=0 | stress: 50 temps, 0/20 sw ON, 10/10 lt ON
2026-04-11 10:22:50,737 [INFO] Broadcast 95 telegrams to 1 client(s) | Temp=23.7°C Hum=46.8% Light=OFF Dimmer=OFF(0%) Cover=100% Switch=OFF Climate=ON(22.0°C,m=0) Fan=OFF(0%) Num=50.0 Sel=0 | stress: 50 temps, 0/20 sw ON, 10/10 lt ON
2026-04-11 10:23:00,833 [INFO] Broadcast 95 telegrams to 1 client(s) | Temp=23.5°C Hum=46.7% Light=OFF Dimmer=OFF(0%) Cover=100% Switch=OFF Climate=ON(22.0°C,m=0) Fan=OFF(0%) Num=50.0 Sel=0 | stress: 50 temps, 0/20 sw ON, 10/10 lt ON
2026-04-11 10:23:11,289 [INFO] Broadcast 95 telegrams to 1 client(s) | Temp=23.5°C Hum=47.2% Light=OFF Dimmer=OFF(0%) Cover=100% Switch=OFF Climate=ON(22.0°C,m=0) Fan=OFF(0%) Num=50.0 Sel=0 | stress: 50 temps, 0/20 sw ON, 10/10 lt ON
2026-04-11 10:23:21,382 [INFO] Broadcast 95 telegrams to 1 client(s) | Temp=23.6°C Hum=47.5% Light=OFF Dimmer=OFF(0%) Cover=100% Switch=OFF Climate=ON(22.0°C,m=0) Fan=OFF(0%) Num=50.0 Sel=0 | stress: 50 temps, 0/20 sw ON, 10/10 lt ON
2026-04-11 10:23:31,467 [INFO] Broadcast 95 telegrams to 1 client(s) | Temp=23.7°C Hum=47.5% Light=OFF Dimmer=OFF(0%) Cover=100% Switch=OFF Climate=ON(22.0°C,m=0) Fan=OFF(0%) Num=50.0 Sel=0 | stress: 50 temps, 0/20 sw ON, 10/10 lt ON
2026-04-11 10:23:41,568 [INFO] Broadcast 95 telegrams to 1 client(s) | Temp=23.9°C Hum=47.4% Light=OFF Dimmer=OFF(0%) Cover=100% Switch=OFF Climate=ON(22.0°C,m=0) Fan=OFF(0%) Num=50.0 Sel=0 | stress: 50 temps, 0/20 sw ON, 10/10 lt ON
2026-04-11 10:23:51,660 [INFO] Broadcast 95 telegrams to 1 client(s) | Temp=23.9°C Hum=47.6% Light=OFF Dimmer=OFF(0%) Cover=100% Switch=OFF Climate=ON(22.0°C,m=0) Fan=OFF(0%) Num=50.0 Sel=0 | stress: 50 temps, 0/20 sw ON, 10/10 lt ON
2026-04-11 10:24:01,754 [INFO] Broadcast 95 telegrams to 1 client(s) | Temp=24.0°C Hum=48.0% Light=OFF Dimmer=OFF(0%) Cover=100% Switch=OFF Climate=ON(22.0°C,m=0) Fan=OFF(0%) Num=50.0 Sel=0 | stress: 50 temps, 0/20 sw ON, 10/10 lt ON
2026-04-11 10:24:11,839 [INFO] Broadcast 95 telegrams to 1 client(s) | Temp=24.1°C Hum=48.0% Light=OFF Dimmer=OFF(0%) Cover=100% Switch=OFF Climate=ON(22.0°C,m=0) Fan=OFF(0%) Num=50.0 Sel=0 | stress: 50 temps, 0/20 sw ON, 10/10 lt ON
2026-04-11 10:24:22,297 [INFO] Broadcast 95 telegrams to 1 client(s) | Temp=24.3°C Hum=48.1% Light=OFF Dimmer=OFF(0%) Cover=100% Switch=OFF Climate=ON(22.0°C,m=0) Fan=OFF(0%) Num=50.0 Sel=0 | stress: 50 temps, 0/20 sw ON, 10/10 lt ON
2026-04-11 10:24:32,380 [INFO] Broadcast 95 telegrams to 1 client(s) | Temp=24.4°C Hum=48.2% Light=OFF Dimmer=OFF(0%) Cover=100% Switch=OFF Climate=ON(22.0°C,m=0) Fan=OFF(0%) Num=50.0 Sel=0 | stress: 50 temps, 0/20 sw ON, 10/10 lt ON
2026-04-11 10:24:42,473 [INFO] Broadcast 95 telegrams to 1 client(s) | Temp=24.3°C Hum=48.6% Light=OFF Dimmer=OFF(0%) Cover=100% Switch=OFF Climate=ON(22.0°C,m=0) Fan=OFF(0%) Num=50.0 Sel=0 | stress: 50 temps, 0/20 sw ON, 10/10 lt ON
2026-04-11 10:24:52,550 [INFO] Broadcast 95 telegrams to 1 client(s) | Temp=24.6°C Hum=48.6% Light=OFF Dimmer=OFF(0%) Cover=100% Switch=OFF Climate=ON(22.0°C,m=0) Fan=OFF(0%) Num=50.0 Sel=0 | stress: 50 temps, 0/20 sw ON, 10/10 lt ON
2026-04-11 10:25:02,665 [INFO] Broadcast 95 telegrams to 1 client(s) | Temp=24.5°C Hum=48.8% Light=OFF Dimmer=OFF(0%) Cover=100% Switch=OFF Climate=ON(22.0°C,m=0) Fan=OFF(0%) Num=50.0 Sel=0 | stress: 50 temps, 0/20 sw ON, 10/10 lt ON
2026-04-11 10:25:12,758 [INFO] Broadcast 95 telegrams to 1 client(s) | Temp=24.3°C Hum=48.8% Light=OFF Dimmer=OFF(0%) Cover=100% Switch=OFF Climate=ON(22.0°C,m=0) Fan=OFF(0%) Num=50.0 Sel=0 | stress: 50 temps, 0/20 sw ON, 10/10 lt ON
2026-04-11 10:25:22,840 [INFO] Broadcast 95 telegrams to 1 client(s) | Temp=24.5°C Hum=48.8% Light=OFF Dimmer=OFF(0%) Cover=100% Switch=OFF Climate=ON(22.0°C,m=0) Fan=OFF(0%) Num=50.0 Sel=0 | stress: 50 temps, 0/20 sw ON, 10/10 lt ON
2026-04-11 10:25:33,299 [INFO] Broadcast 95 telegrams to 1 client(s) | Temp=24.5°C Hum=49.2% Light=OFF Dimmer=OFF(0%) Cover=100% Switch=OFF Climate=ON(22.0°C,m=0) Fan=OFF(0%) Num=50.0 Sel=0 | stress: 50 temps, 0/20 sw ON, 10/10 lt ON
2026-04-11 10:25:43,385 [INFO] Broadcast 95 telegrams to 1 client(s) | Temp=24.4°C Hum=48.7% Light=OFF Dimmer=OFF(0%) Cover=100% Switch=OFF Climate=ON(22.0°C,m=0) Fan=OFF(0%) Num=50.0 Sel=0 | stress: 50 temps, 0/20 sw ON, 10/10 lt ON
2026-04-11 10:25:53,486 [INFO] Broadcast 95 telegrams to 1 client(s) | Temp=24.2°C Hum=48.3% Light=OFF Dimmer=OFF(0%) Cover=100% Switch=OFF Climate=ON(22.0°C,m=0) Fan=OFF(0%) Num=50.0 Sel=0 | stress: 50 temps, 0/20 sw ON, 10/10 lt ON
2026-04-11 10:26:03,579 [INFO] Broadcast 95 telegrams to 1 client(s) | Temp=24.4°C Hum=48.1% Light=OFF Dimmer=OFF(0%) Cover=100% Switch=OFF Climate=ON(22.0°C,m=0) Fan=OFF(0%) Num=50.0 Sel=0 | stress: 50 temps, 0/20 sw ON, 10/10 lt ON
2026-04-11 10:26:13,670 [INFO] Broadcast 95 telegrams to 1 client(s) | Temp=24.6°C Hum=48.3% Light=OFF Dimmer=OFF(0%) Cover=100% Switch=OFF Climate=ON(22.0°C,m=0) Fan=OFF(0%) Num=50.0 Sel=0 | stress: 50 temps, 0/20 sw ON, 10/10 lt ON
2026-04-11 10:26:23,777 [INFO] Broadcast 95 telegrams to 1 client(s) | Temp=24.7°C Hum=47.8% Light=OFF Dimmer=OFF(0%) Cover=100% Switch=OFF Climate=ON(22.0°C,m=0) Fan=OFF(0%) Num=50.0 Sel=0 | stress: 50 temps, 0/20 sw ON, 10/10 lt ON
2026-04-11 10:26:33,868 [INFO] Broadcast 95 telegrams to 1 client(s) | Temp=24.8°C Hum=48.0% Light=OFF Dimmer=OFF(0%) Cover=100% Switch=OFF Climate=ON(22.0°C,m=0) Fan=OFF(0%) Num=50.0 Sel=0 | stress: 50 temps, 0/20 sw ON, 10/10 lt ON
2026-04-11 10:26:44,303 [INFO] Broadcast 95 telegrams to 1 client(s) | Temp=24.9°C Hum=47.7% Light=OFF Dimmer=OFF(0%) Cover=100% Switch=OFF Climate=ON(22.0°C,m=0) Fan=OFF(0%) Num=50.0 Sel=0 | stress: 50 temps, 0/20 sw ON, 10/10 lt ON
2026-04-11 10:26:54,384 [INFO] Broadcast 95 telegrams to 1 client(s) | Temp=25.0°C Hum=47.3% Light=OFF Dimmer=OFF(0%) Cover=100% Switch=OFF Climate=ON(22.0°C,m=0) Fan=OFF(0%) Num=50.0 Sel=0 | stress: 50 temps, 0/20 sw ON, 10/10 lt ON
2026-04-11 10:27:04,493 [INFO] Broadcast 95 telegrams to 1 client(s) | Temp=25.0°C Hum=47.4% Light=OFF Dimmer=OFF(0%) Cover=100% Switch=OFF Climate=ON(22.0°C,m=0) Fan=OFF(0%) Num=50.0 Sel=0 | stress: 50 temps, 0/20 sw ON, 10/10 lt ON
2026-04-11 10:27:14,596 [INFO] Broadcast 95 telegrams to 1 client(s) | Temp=24.7°C Hum=47.0% Light=OFF Dimmer=OFF(0%) Cover=100% Switch=OFF Climate=ON(22.0°C,m=0) Fan=OFF(0%) Num=50.0 Sel=0 | stress: 50 temps, 0/20 sw ON, 10/10 lt ON
2026-04-11 10:27:24,688 [INFO] Broadcast 95 telegrams to 1 client(s) | Temp=24.6°C Hum=47.1% Light=OFF Dimmer=OFF(0%) Cover=100% Switch=OFF Climate=ON(22.0°C,m=0) Fan=OFF(0%) Num=50.0 Sel=0 | stress: 50 temps, 0/20 sw ON, 10/10 lt ON
2026-04-11 10:27:34,782 [INFO] Broadcast 95 telegrams to 1 client(s) | Temp=24.7°C Hum=47.2% Light=OFF Dimmer=OFF(0%) Cover=100% Switch=OFF Climate=ON(22.0°C,m=0) Fan=OFF(0%) Num=50.0 Sel=0 | stress: 50 temps, 0/20 sw ON, 10/10 lt ON
2026-04-11 10:27:45,302 [INFO] Broadcast 95 telegrams to 1 client(s) | Temp=24.5°C Hum=46.9% Light=OFF Dimmer=OFF(0%) Cover=100% Switch=OFF Climate=ON(22.0°C,m=0) Fan=OFF(0%) Num=50.0 Sel=0 | stress: 50 temps, 0/20 sw ON, 10/10 lt ON
2026-04-11 10:27:55,391 [INFO] Broadcast 95 telegrams to 1 client(s) | Temp=24.7°C Hum=47.0% Light=OFF Dimmer=OFF(0%) Cover=100% Switch=OFF Climate=ON(22.0°C,m=0) Fan=OFF(0%) Num=50.0 Sel=0 | stress: 50 temps, 0/20 sw ON, 10/10 lt ON
2026-04-11 10:28:05,476 [INFO] Broadcast 95 telegrams to 1 client(s) | Temp=24.7°C Hum=46.6% Light=OFF Dimmer=OFF(0%) Cover=100% Switch=OFF Climate=ON(22.0°C,m=0) Fan=OFF(0%) Num=50.0 Sel=0 | stress: 50 temps, 0/20 sw ON, 10/10 lt ON
2026-04-11 10:28:15,563 [INFO] Broadcast 95 telegrams to 1 client(s) | Temp=25.0°C Hum=46.9% Light=OFF Dimmer=OFF(0%) Cover=100% Switch=OFF Climate=ON(22.0°C,m=0) Fan=OFF(0%) Num=50.0 Sel=0 | stress: 50 temps, 0/20 sw ON, 10/10 lt ON
2026-04-11 10:28:25,652 [INFO] Broadcast 95 telegrams to 1 client(s) | Temp=25.1°C Hum=47.1% Light=OFF Dimmer=OFF(0%) Cover=100% Switch=OFF Climate=ON(22.0°C,m=0) Fan=OFF(0%) Num=50.0 Sel=0 | stress: 50 temps, 0/20 sw ON, 10/10 lt ON
2026-04-11 10:28:35,740 [INFO] Broadcast 95 telegrams to 1 client(s) | Temp=25.1°C Hum=47.0% Light=OFF Dimmer=OFF(0%) Cover=100% Switch=OFF Climate=ON(22.0°C,m=0) Fan=OFF(0%) Num=50.0 Sel=0 | stress: 50 temps, 0/20 sw ON, 10/10 lt ON
2026-04-11 10:28:45,839 [INFO] Broadcast 95 telegrams to 1 client(s) | Temp=25.0°C Hum=46.6% Light=OFF Dimmer=OFF(0%) Cover=100% Switch=OFF Climate=ON(22.0°C,m=0) Fan=OFF(0%) Num=50.0 Sel=0 | stress: 50 temps, 0/20 sw ON, 10/10 lt ON
2026-04-11 10:28:56,314 [INFO] Broadcast 95 telegrams to 1 client(s) | Temp=24.9°C Hum=46.9% Light=OFF Dimmer=OFF(0%) Cover=100% Switch=OFF Climate=ON(22.0°C,m=0) Fan=OFF(0%) Num=50.0 Sel=0 | stress: 50 temps, 0/20 sw ON, 10/10 lt ON
2026-04-11 10:29:06,403 [INFO] Broadcast 95 telegrams to 1 client(s) | Temp=25.2°C Hum=46.9% Light=OFF Dimmer=OFF(0%) Cover=100% Switch=OFF Climate=ON(22.0°C,m=0) Fan=OFF(0%) Num=50.0 Sel=0 | stress: 50 temps, 0/20 sw ON, 10/10 lt ON
2026-04-11 10:29:16,497 [INFO] Broadcast 95 telegrams to 1 client(s) | Temp=25.2°C Hum=47.2% Light=OFF Dimmer=OFF(0%) Cover=100% Switch=OFF Climate=ON(22.0°C,m=0) Fan=OFF(0%) Num=50.0 Sel=0 | stress: 50 temps, 0/20 sw ON, 10/10 lt ON
2026-04-11 10:29:26,614 [INFO] Broadcast 95 telegrams to 1 client(s) | Temp=25.2°C Hum=47.1% Light=OFF Dimmer=OFF(0%) Cover=100% Switch=OFF Climate=ON(22.0°C,m=0) Fan=OFF(0%) Num=50.0 Sel=0 | stress: 50 temps, 0/20 sw ON, 10/10 lt ON
2026-04-11 10:29:36,709 [INFO] Broadcast 95 telegrams to 1 client(s) | Temp=25.1°C Hum=46.6% Light=OFF Dimmer=OFF(0%) Cover=100% Switch=OFF Climate=ON(22.0°C,m=0) Fan=OFF(0%) Num=50.0 Sel=0 | stress: 50 temps, 0/20 sw ON, 10/10 lt ON
2026-04-11 10:29:46,800 [INFO] Broadcast 95 telegrams to 1 client(s) | Temp=24.9°C Hum=46.2% Light=OFF Dimmer=OFF(0%) Cover=100% Switch=OFF Climate=ON(22.0°C,m=0) Fan=OFF(0%) Num=50.0 Sel=0 | stress: 50 temps, 0/20 sw ON, 10/10 lt ON
2026-04-11 10:29:56,909 [INFO] Broadcast 95 telegrams to 1 client(s) | Temp=25.1°C Hum=46.4% Light=OFF Dimmer=OFF(0%) Cover=100% Switch=OFF Climate=ON(22.0°C,m=0) Fan=OFF(0%) Num=50.0 Sel=0 | stress: 50 temps, 0/20 sw ON, 10/10 lt ON
2026-04-11 10:30:07,325 [INFO] Broadcast 95 telegrams to 1 client(s) | Temp=25.3°C Hum=46.5% Light=OFF Dimmer=OFF(0%) Cover=100% Switch=OFF Climate=ON(22.0°C,m=0) Fan=OFF(0%) Num=50.0 Sel=0 | stress: 50 temps, 0/20 sw ON, 10/10 lt ON
2026-04-11 10:30:17,416 [INFO] Broadcast 95 telegrams to 1 client(s) | Temp=25.1°C Hum=46.1% Light=OFF Dimmer=OFF(0%) Cover=100% Switch=OFF Climate=ON(22.0°C,m=0) Fan=OFF(0%) Num=50.0 Sel=0 | stress: 50 temps, 0/20 sw ON, 10/10 lt ON
2026-04-11 10:30:27,498 [INFO] Broadcast 95 telegrams to 1 client(s) | Temp=25.2°C Hum=46.1% Light=OFF Dimmer=OFF(0%) Cover=100% Switch=OFF Climate=ON(22.0°C,m=0) Fan=OFF(0%) Num=50.0 Sel=0 | stress: 50 temps, 0/20 sw ON, 10/10 lt ON
2026-04-11 10:30:37,599 [INFO] Broadcast 95 telegrams to 1 client(s) | Temp=25.3°C Hum=46.4% Light=OFF Dimmer=OFF(0%) Cover=100% Switch=OFF Climate=ON(22.0°C,m=0) Fan=OFF(0%) Num=50.0 Sel=0 | stress: 50 temps, 0/20 sw ON, 10/10 lt ON
2026-04-11 10:30:47,716 [INFO] Broadcast 95 telegrams to 1 client(s) | Temp=25.5°C Hum=46.0% Light=OFF Dimmer=OFF(0%) Cover=100% Switch=OFF Climate=ON(22.0°C,m=0) Fan=OFF(0%) Num=50.0 Sel=0 | stress: 50 temps, 0/20 sw ON, 10/10 lt ON
2026-04-11 10:30:57,804 [INFO] Broadcast 95 telegrams to 1 client(s) | Temp=25.5°C Hum=46.3% Light=OFF Dimmer=OFF(0%) Cover=100% Switch=OFF Climate=ON(22.0°C,m=0) Fan=OFF(0%) Num=50.0 Sel=0 | stress: 50 temps, 0/20 sw ON, 10/10 lt ON
2026-04-11 10:31:07,887 [INFO] Broadcast 95 telegrams to 1 client(s) | Temp=25.7°C Hum=46.1% Light=OFF Dimmer=OFF(0%) Cover=100% Switch=OFF Climate=ON(22.0°C,m=0) Fan=OFF(0%) Num=50.0 Sel=0 | stress: 50 temps, 0/20 sw ON, 10/10 lt ON
2026-04-11 10:31:18,332 [INFO] Broadcast 95 telegrams to 1 client(s) | Temp=26.0°C Hum=45.6% Light=OFF Dimmer=OFF(0%) Cover=100% Switch=OFF Climate=ON(22.0°C,m=0) Fan=OFF(0%) Num=50.0 Sel=0 | stress: 50 temps, 0/20 sw ON, 10/10 lt ON
2026-04-11 10:31:28,441 [INFO] Broadcast 95 telegrams to 1 client(s) | Temp=26.2°C Hum=45.2% Light=OFF Dimmer=OFF(0%) Cover=100% Switch=OFF Climate=ON(22.0°C,m=0) Fan=OFF(0%) Num=50.0 Sel=0 | stress: 50 temps, 0/20 sw ON, 10/10 lt ON
2026-04-11 10:31:38,531 [INFO] Broadcast 95 telegrams to 1 client(s) | Temp=26.2°C Hum=44.8% Light=OFF Dimmer=OFF(0%) Cover=100% Switch=OFF Climate=ON(22.0°C,m=0) Fan=OFF(0%) Num=50.0 Sel=0 | stress: 50 temps, 0/20 sw ON, 10/10 lt ON
2026-04-11 10:31:48,625 [INFO] Broadcast 95 telegrams to 1 client(s) | Temp=26.0°C Hum=45.2% Light=OFF Dimmer=OFF(0%) Cover=100% Switch=OFF Climate=ON(22.0°C,m=0) Fan=OFF(0%) Num=50.0 Sel=0 | stress: 50 temps, 0/20 sw ON, 10/10 lt ON
2026-04-11 10:31:58,739 [INFO] Broadcast 95 telegrams to 1 client(s) | Temp=25.9°C Hum=45.1% Light=OFF Dimmer=OFF(0%) Cover=100% Switch=OFF Climate=ON(22.0°C,m=0) Fan=OFF(0%) Num=50.0 Sel=0 | stress: 50 temps, 0/20 sw ON, 10/10 lt ON
2026-04-11 10:32:08,839 [INFO] Broadcast 95 telegrams to 1 client(s) | Temp=26.1°C Hum=45.6% Light=OFF Dimmer=OFF(0%) Cover=100% Switch=OFF Climate=ON(22.0°C,m=0) Fan=OFF(0%) Num=50.0 Sel=0 | stress: 50 temps, 0/20 sw ON, 10/10 lt ON
2026-04-11 10:32:18,928 [INFO] Broadcast 95 telegrams to 1 client(s) | Temp=26.2°C Hum=45.6% Light=OFF Dimmer=OFF(0%) Cover=100% Switch=OFF Climate=ON(22.0°C,m=0) Fan=OFF(0%) Num=50.0 Sel=0 | stress: 50 temps, 0/20 sw ON, 10/10 lt ON
2026-04-11 10:32:29,343 [INFO] Broadcast 95 telegrams to 1 client(s) | Temp=26.0°C Hum=45.4% Light=OFF Dimmer=OFF(0%) Cover=100% Switch=OFF Climate=ON(22.0°C,m=0) Fan=OFF(0%) Num=50.0 Sel=0 | stress: 50 temps, 0/20 sw ON, 10/10 lt ON
2026-04-11 10:32:39,426 [INFO] Broadcast 95 telegrams to 1 client(s) | Temp=25.9°C Hum=45.4% Light=OFF Dimmer=OFF(0%) Cover=100% Switch=OFF Climate=ON(22.0°C,m=0) Fan=OFF(0%) Num=50.0 Sel=0 | stress: 50 temps, 0/20 sw ON, 10/10 lt ON
2026-04-11 10:32:49,527 [INFO] Broadcast 95 telegrams to 1 client(s) | Temp=25.8°C Hum=45.8% Light=OFF Dimmer=OFF(0%) Cover=100% Switch=OFF Climate=ON(22.0°C,m=0) Fan=OFF(0%) Num=50.0 Sel=0 | stress: 50 temps, 0/20 sw ON, 10/10 lt ON
2026-04-11 10:32:59,660 [INFO] Broadcast 95 telegrams to 1 client(s) | Temp=25.8°C Hum=46.2% Light=OFF Dimmer=OFF(0%) Cover=100% Switch=OFF Climate=ON(22.0°C,m=0) Fan=OFF(0%) Num=50.0 Sel=0 | stress: 50 temps, 0/20 sw ON, 10/10 lt ON
2026-04-11 10:33:09,739 [INFO] Broadcast 95 telegrams to 1 client(s) | Temp=26.0°C Hum=46.4% Light=OFF Dimmer=OFF(0%) Cover=100% Switch=OFF Climate=ON(22.0°C,m=0) Fan=OFF(0%) Num=50.0 Sel=0 | stress: 50 temps, 0/20 sw ON, 10/10 lt ON
2026-04-11 10:33:19,830 [INFO] Broadcast 95 telegrams to 1 client(s) | Temp=26.2°C Hum=46.8% Light=OFF Dimmer=OFF(0%) Cover=100% Switch=OFF Climate=ON(22.0°C,m=0) Fan=OFF(0%) Num=50.0 Sel=0 | stress: 50 temps, 0/20 sw ON, 10/10 lt ON
2026-04-11 10:33:29,960 [INFO] Broadcast 95 telegrams to 1 client(s) | Temp=26.3°C Hum=46.8% Light=OFF Dimmer=OFF(0%) Cover=100% Switch=OFF Climate=ON(22.0°C,m=0) Fan=OFF(0%) Num=50.0 Sel=0 | stress: 50 temps, 0/20 sw ON, 10/10 lt ON
2026-04-11 10:33:40,349 [INFO] Broadcast 95 telegrams to 1 client(s) | Temp=26.4°C Hum=46.8% Light=OFF Dimmer=OFF(0%) Cover=100% Switch=OFF Climate=ON(22.0°C,m=0) Fan=OFF(0%) Num=50.0 Sel=0 | stress: 50 temps, 0/20 sw ON, 10/10 lt ON
2026-04-11 10:33:50,447 [INFO] Broadcast 95 telegrams to 1 client(s) | Temp=26.5°C Hum=47.1% Light=OFF Dimmer=OFF(0%) Cover=100% Switch=OFF Climate=ON(22.0°C,m=0) Fan=OFF(0%) Num=50.0 Sel=0 | stress: 50 temps, 0/20 sw ON, 10/10 lt ON
2026-04-11 10:34:00,543 [INFO] Broadcast 95 telegrams to 1 client(s) | Temp=26.7°C Hum=46.8% Light=OFF Dimmer=OFF(0%) Cover=100% Switch=OFF Climate=ON(22.0°C,m=0) Fan=OFF(0%) Num=50.0 Sel=0 | stress: 50 temps, 0/20 sw ON, 10/10 lt ON
2026-04-11 10:34:10,634 [INFO] Broadcast 95 telegrams to 1 client(s) | Temp=27.0°C Hum=47.3% Light=OFF Dimmer=OFF(0%) Cover=100% Switch=OFF Climate=ON(22.0°C,m=0) Fan=OFF(0%) Num=50.0 Sel=0 | stress: 50 temps, 0/20 sw ON, 10/10 lt ON
2026-04-11 10:34:20,764 [INFO] Broadcast 95 telegrams to 1 client(s) | Temp=27.1°C Hum=47.0% Light=OFF Dimmer=OFF(0%) Cover=100% Switch=OFF Climate=ON(22.0°C,m=0) Fan=OFF(0%) Num=50.0 Sel=0 | stress: 50 temps, 0/20 sw ON, 10/10 lt ON
2026-04-11 10:34:30,880 [INFO] Broadcast 95 telegrams to 1 client(s) | Temp=27.1°C Hum=47.4% Light=OFF Dimmer=OFF(0%) Cover=100% Switch=OFF Climate=ON(22.0°C,m=0) Fan=OFF(0%) Num=50.0 Sel=0 | stress: 50 temps, 0/20 sw ON, 10/10 lt ON
2026-04-11 10:34:40,967 [INFO] Broadcast 95 telegrams to 1 client(s) | Temp=26.9°C Hum=47.7% Light=OFF Dimmer=OFF(0%) Cover=100% Switch=OFF Climate=ON(22.0°C,m=0) Fan=OFF(0%) Num=50.0 Sel=0 | stress: 50 temps, 0/20 sw ON, 10/10 lt ON
2026-04-11 10:34:51,356 [INFO] Broadcast 95 telegrams to 1 client(s) | Temp=26.6°C Hum=47.9% Light=OFF Dimmer=OFF(0%) Cover=100% Switch=OFF Climate=ON(22.0°C,m=0) Fan=OFF(0%) Num=50.0 Sel=0 | stress: 50 temps, 0/20 sw ON, 10/10 lt ON
2026-04-11 10:35:01,450 [INFO] Broadcast 95 telegrams to 1 client(s) | Temp=26.5°C Hum=47.6% Light=OFF Dimmer=OFF(0%) Cover=100% Switch=OFF Climate=ON(22.0°C,m=0) Fan=OFF(0%) Num=50.0 Sel=0 | stress: 50 temps, 0/20 sw ON, 10/10 lt ON
2026-04-11 10:35:11,568 [INFO] Broadcast 95 telegrams to 1 client(s) | Temp=26.2°C Hum=47.7% Light=OFF Dimmer=OFF(0%) Cover=100% Switch=OFF Climate=ON(22.0°C,m=0) Fan=OFF(0%) Num=50.0 Sel=0 | stress: 50 temps, 0/20 sw ON, 10/10 lt ON
2026-04-11 10:35:21,655 [INFO] Broadcast 95 telegrams to 1 client(s) | Temp=26.2°C Hum=47.5% Light=OFF Dimmer=OFF(0%) Cover=100% Switch=OFF Climate=ON(22.0°C,m=0) Fan=OFF(0%) Num=50.0 Sel=0 | stress: 50 temps, 0/20 sw ON, 10/10 lt ON
2026-04-11 10:35:31,739 [INFO] Broadcast 95 telegrams to 1 client(s) | Temp=26.5°C Hum=47.9% Light=OFF Dimmer=OFF(0%) Cover=100% Switch=OFF Climate=ON(22.0°C,m=0) Fan=OFF(0%) Num=50.0 Sel=0 | stress: 50 temps, 0/20 sw ON, 10/10 lt ON
2026-04-11 10:35:41,837 [INFO] Broadcast 95 telegrams to 1 client(s) | Temp=26.6°C Hum=47.4% Light=OFF Dimmer=OFF(0%) Cover=100% Switch=OFF Climate=ON(22.0°C,m=0) Fan=OFF(0%) Num=50.0 Sel=0 | stress: 50 temps, 0/20 sw ON, 10/10 lt ON
2026-04-11 10:35:51,925 [INFO] Broadcast 95 telegrams to 1 client(s) | Temp=26.4°C Hum=47.7% Light=OFF Dimmer=OFF(0%) Cover=100% Switch=OFF Climate=ON(22.0°C,m=0) Fan=OFF(0%) Num=50.0 Sel=0 | stress: 50 temps, 0/20 sw ON, 10/10 lt ON
2026-04-11 10:36:02,365 [INFO] Broadcast 95 telegrams to 1 client(s) | Temp=26.2°C Hum=47.8% Light=OFF Dimmer=OFF(0%) Cover=100% Switch=OFF Climate=ON(22.0°C,m=0) Fan=OFF(0%) Num=50.0 Sel=0 | stress: 50 temps, 0/20 sw ON, 10/10 lt ON
2026-04-11 10:36:12,443 [INFO] Broadcast 95 telegrams to 1 client(s) | Temp=25.9°C Hum=48.0% Light=OFF Dimmer=OFF(0%) Cover=100% Switch=OFF Climate=ON(22.0°C,m=0) Fan=OFF(0%) Num=50.0 Sel=0 | stress: 50 temps, 0/20 sw ON, 10/10 lt ON
2026-04-11 10:36:22,542 [INFO] Broadcast 95 telegrams to 1 client(s) | Temp=26.0°C Hum=47.8% Light=OFF Dimmer=OFF(0%) Cover=100% Switch=OFF Climate=ON(22.0°C,m=0) Fan=OFF(0%) Num=50.0 Sel=0 | stress: 50 temps, 0/20 sw ON, 10/10 lt ON
2026-04-11 10:36:32,646 [INFO] Broadcast 95 telegrams to 1 client(s) | Temp=25.9°C Hum=48.2% Light=OFF Dimmer=OFF(0%) Cover=100% Switch=OFF Climate=ON(22.0°C,m=0) Fan=OFF(0%) Num=50.0 Sel=0 | stress: 50 temps, 0/20 sw ON, 10/10 lt ON
2026-04-11 10:36:42,746 [INFO] Broadcast 95 telegrams to 1 client(s) | Temp=25.9°C Hum=48.5% Light=OFF Dimmer=OFF(0%) Cover=100% Switch=OFF Climate=ON(22.0°C,m=0) Fan=OFF(0%) Num=50.0 Sel=0 | stress: 50 temps, 0/20 sw ON, 10/10 lt ON
2026-04-11 10:36:52,873 [INFO] Broadcast 95 telegrams to 1 client(s) | Temp=26.1°C Hum=48.1% Light=OFF Dimmer=OFF(0%) Cover=100% Switch=OFF Climate=ON(22.0°C,m=0) Fan=OFF(0%) Num=50.0 Sel=0 | stress: 50 temps, 0/20 sw ON, 10/10 lt ON
2026-04-11 10:37:02,973 [INFO] Broadcast 95 telegrams to 1 client(s) | Temp=25.9°C Hum=47.8% Light=OFF Dimmer=OFF(0%) Cover=100% Switch=OFF Climate=ON(22.0°C,m=0) Fan=OFF(0%) Num=50.0 Sel=0 | stress: 50 temps, 0/20 sw ON, 10/10 lt ON
2026-04-11 10:37:13,366 [INFO] Broadcast 95 telegrams to 1 client(s) | Temp=25.8°C Hum=48.0% Light=OFF Dimmer=OFF(0%) Cover=100% Switch=OFF Climate=ON(22.0°C,m=0) Fan=OFF(0%) Num=50.0 Sel=0 | stress: 50 temps, 0/20 sw ON, 10/10 lt ON
2026-04-11 10:37:23,476 [INFO] Broadcast 95 telegrams to 1 client(s) | Temp=25.8°C Hum=48.5% Light=OFF Dimmer=OFF(0%) Cover=100% Switch=OFF Climate=ON(22.0°C,m=0) Fan=OFF(0%) Num=50.0 Sel=0 | stress: 50 temps, 0/20 sw ON, 10/10 lt ON
2026-04-11 10:37:33,579 [INFO] Broadcast 95 telegrams to 1 client(s) | Temp=26.1°C Hum=48.8% Light=OFF Dimmer=OFF(0%) Cover=100% Switch=OFF Climate=ON(22.0°C,m=0) Fan=OFF(0%) Num=50.0 Sel=0 | stress: 50 temps, 0/20 sw ON, 10/10 lt ON
2026-04-11 10:37:43,670 [INFO] Broadcast 95 telegrams to 1 client(s) | Temp=26.2°C Hum=48.3% Light=OFF Dimmer=OFF(0%) Cover=100% Switch=OFF Climate=ON(22.0°C,m=0) Fan=OFF(0%) Num=50.0 Sel=0 | stress: 50 temps, 0/20 sw ON, 10/10 lt ON
2026-04-11 10:37:53,803 [INFO] Broadcast 95 telegrams to 1 client(s) | Temp=26.0°C Hum=48.5% Light=OFF Dimmer=OFF(0%) Cover=100% Switch=OFF Climate=ON(22.0°C,m=0) Fan=OFF(0%) Num=50.0 Sel=0 | stress: 50 temps, 0/20 sw ON, 10/10 lt ON
2026-04-11 10:38:03,944 [INFO] Broadcast 95 telegrams to 1 client(s) | Temp=25.9°C Hum=48.0% Light=OFF Dimmer=OFF(0%) Cover=100% Switch=OFF Climate=ON(22.0°C,m=0) Fan=OFF(0%) Num=50.0 Sel=0 | stress: 50 temps, 0/20 sw ON, 10/10 lt ON
2026-04-11 10:38:14,034 [INFO] Broadcast 95 telegrams to 1 client(s) | Temp=26.0°C Hum=47.7% Light=OFF Dimmer=OFF(0%) Cover=100% Switch=OFF Climate=ON(22.0°C,m=0) Fan=OFF(0%) Num=50.0 Sel=0 | stress: 50 temps, 0/20 sw ON, 10/10 lt ON
2026-04-11 10:38:24,371 [INFO] Broadcast 95 telegrams to 1 client(s) | Temp=26.1°C Hum=47.5% Light=OFF Dimmer=OFF(0%) Cover=100% Switch=OFF Climate=ON(22.0°C,m=0) Fan=OFF(0%) Num=50.0 Sel=0 | stress: 50 temps, 0/20 sw ON, 10/10 lt ON
2026-04-11 10:38:34,457 [INFO] Broadcast 95 telegrams to 1 client(s) | Temp=25.9°C Hum=47.5% Light=OFF Dimmer=OFF(0%) Cover=100% Switch=OFF Climate=ON(22.0°C,m=0) Fan=OFF(0%) Num=50.0 Sel=0 | stress: 50 temps, 0/20 sw ON, 10/10 lt ON
2026-04-11 10:38:44,587 [INFO] Broadcast 95 telegrams to 1 client(s) | Temp=26.1°C Hum=47.8% Light=OFF Dimmer=OFF(0%) Cover=100% Switch=OFF Climate=ON(22.0°C,m=0) Fan=OFF(0%) Num=50.0 Sel=0 | stress: 50 temps, 0/20 sw ON, 10/10 lt ON
2026-04-11 10:38:54,680 [INFO] Broadcast 95 telegrams to 1 client(s) | Temp=26.4°C Hum=47.6% Light=OFF Dimmer=OFF(0%) Cover=100% Switch=OFF Climate=ON(22.0°C,m=0) Fan=OFF(0%) Num=50.0 Sel=0 | stress: 50 temps, 0/20 sw ON, 10/10 lt ON
2026-04-11 10:39:04,773 [INFO] Broadcast 95 telegrams to 1 client(s) | Temp=26.7°C Hum=47.4% Light=OFF Dimmer=OFF(0%) Cover=100% Switch=OFF Climate=ON(22.0°C,m=0) Fan=OFF(0%) Num=50.0 Sel=0 | stress: 50 temps, 0/20 sw ON, 10/10 lt ON
2026-04-11 10:39:14,894 [INFO] Broadcast 95 telegrams to 1 client(s) | Temp=26.6°C Hum=47.3% Light=OFF Dimmer=OFF(0%) Cover=100% Switch=OFF Climate=ON(22.0°C,m=0) Fan=OFF(0%) Num=50.0 Sel=0 | stress: 50 temps, 0/20 sw ON, 10/10 lt ON
2026-04-11 10:39:25,370 [INFO] Broadcast 95 telegrams to 1 client(s) | Temp=26.7°C Hum=47.8% Light=OFF Dimmer=OFF(0%) Cover=100% Switch=OFF Climate=ON(22.0°C,m=0) Fan=OFF(0%) Num=50.0 Sel=0 | stress: 50 temps, 0/20 sw ON, 10/10 lt ON
2026-04-11 10:39:35,485 [INFO] Broadcast 95 telegrams to 1 client(s) | Temp=26.9°C Hum=47.5% Light=OFF Dimmer=OFF(0%) Cover=100% Switch=OFF Climate=ON(22.0°C,m=0) Fan=OFF(0%) Num=50.0 Sel=0 | stress: 50 temps, 0/20 sw ON, 10/10 lt ON
2026-04-11 10:39:45,570 [INFO] Broadcast 95 telegrams to 1 client(s) | Temp=26.6°C Hum=47.1% Light=OFF Dimmer=OFF(0%) Cover=100% Switch=OFF Climate=ON(22.0°C,m=0) Fan=OFF(0%) Num=50.0 Sel=0 | stress: 50 temps, 0/20 sw ON, 10/10 lt ON
2026-04-11 10:39:55,670 [INFO] Broadcast 95 telegrams to 1 client(s) | Temp=26.8°C Hum=47.1% Light=OFF Dimmer=OFF(0%) Cover=100% Switch=OFF Climate=ON(22.0°C,m=0) Fan=OFF(0%) Num=50.0 Sel=0 | stress: 50 temps, 0/20 sw ON, 10/10 lt ON
2026-04-11 10:40:05,766 [INFO] Broadcast 95 telegrams to 1 client(s) | Temp=26.6°C Hum=47.6% Light=OFF Dimmer=OFF(0%) Cover=100% Switch=OFF Climate=ON(22.0°C,m=0) Fan=OFF(0%) Num=50.0 Sel=0 | stress: 50 temps, 0/20 sw ON, 10/10 lt ON
2026-04-11 10:40:15,856 [INFO] Broadcast 95 telegrams to 1 client(s) | Temp=26.5°C Hum=47.5% Light=OFF Dimmer=OFF(0%) Cover=100% Switch=OFF Climate=ON(22.0°C,m=0) Fan=OFF(0%) Num=50.0 Sel=0 | stress: 50 temps, 0/20 sw ON, 10/10 lt ON
2026-04-11 10:40:25,947 [INFO] Broadcast 95 telegrams to 1 client(s) | Temp=26.2°C Hum=47.9% Light=OFF Dimmer=OFF(0%) Cover=100% Switch=OFF Climate=ON(22.0°C,m=0) Fan=OFF(0%) Num=50.0 Sel=0 | stress: 50 temps, 0/20 sw ON, 10/10 lt ON
2026-04-11 10:40:36,382 [INFO] Broadcast 95 telegrams to 1 client(s) | Temp=26.0°C Hum=47.4% Light=OFF Dimmer=OFF(0%) Cover=100% Switch=OFF Climate=ON(22.0°C,m=0) Fan=OFF(0%) Num=50.0 Sel=0 | stress: 50 temps, 0/20 sw ON, 10/10 lt ON
2026-04-11 10:40:46,501 [INFO] Broadcast 95 telegrams to 1 client(s) | Temp=26.3°C Hum=47.8% Light=OFF Dimmer=OFF(0%) Cover=100% Switch=OFF Climate=ON(22.0°C,m=0) Fan=OFF(0%) Num=50.0 Sel=0 | stress: 50 temps, 0/20 sw ON, 10/10 lt ON
2026-04-11 10:40:56,636 [INFO] Broadcast 95 telegrams to 1 client(s) | Temp=26.5°C Hum=48.3% Light=OFF Dimmer=OFF(0%) Cover=100% Switch=OFF Climate=ON(22.0°C,m=0) Fan=OFF(0%) Num=50.0 Sel=0 | stress: 50 temps, 0/20 sw ON, 10/10 lt ON
2026-04-11 10:41:06,723 [INFO] Broadcast 95 telegrams to 1 client(s) | Temp=26.7°C Hum=47.8% Light=OFF Dimmer=OFF(0%) Cover=100% Switch=OFF Climate=ON(22.0°C,m=0) Fan=OFF(0%) Num=50.0 Sel=0 | stress: 50 temps, 0/20 sw ON, 10/10 lt ON
2026-04-11 10:41:16,814 [INFO] Broadcast 95 telegrams to 1 client(s) | Temp=26.5°C Hum=47.3% Light=OFF Dimmer=OFF(0%) Cover=100% Switch=OFF Climate=ON(22.0°C,m=0) Fan=OFF(0%) Num=50.0 Sel=0 | stress: 50 temps, 0/20 sw ON, 10/10 lt ON
2026-04-11 10:41:26,934 [INFO] Broadcast 95 telegrams to 1 client(s) | Temp=26.7°C Hum=46.9% Light=OFF Dimmer=OFF(0%) Cover=100% Switch=OFF Climate=ON(22.0°C,m=0) Fan=OFF(0%) Num=50.0 Sel=0 | stress: 50 temps, 0/20 sw ON, 10/10 lt ON
2026-04-11 10:41:37,030 [INFO] Broadcast 95 telegrams to 1 client(s) | Temp=26.9°C Hum=47.2% Light=OFF Dimmer=OFF(0%) Cover=100% Switch=OFF Climate=ON(22.0°C,m=0) Fan=OFF(0%) Num=50.0 Sel=0 | stress: 50 temps, 0/20 sw ON, 10/10 lt ON
2026-04-11 10:41:47,394 [INFO] Broadcast 95 telegrams to 1 client(s) | Temp=26.6°C Hum=47.7% Light=OFF Dimmer=OFF(0%) Cover=100% Switch=OFF Climate=ON(22.0°C,m=0) Fan=OFF(0%) Num=50.0 Sel=0 | stress: 50 temps, 0/20 sw ON, 10/10 lt ON
2026-04-11 10:41:57,488 [INFO] Broadcast 95 telegrams to 1 client(s) | Temp=26.4°C Hum=48.0% Light=OFF Dimmer=OFF(0%) Cover=100% Switch=OFF Climate=ON(22.0°C,m=0) Fan=OFF(0%) Num=50.0 Sel=0 | stress: 50 temps, 0/20 sw ON, 10/10 lt ON
2026-04-11 10:42:07,590 [INFO] Broadcast 95 telegrams to 1 client(s) | Temp=26.5°C Hum=48.3% Light=OFF Dimmer=OFF(0%) Cover=100% Switch=OFF Climate=ON(22.0°C,m=0) Fan=OFF(0%) Num=50.0 Sel=0 | stress: 50 temps, 0/20 sw ON, 10/10 lt ON
2026-04-11 10:42:17,692 [INFO] Broadcast 95 telegrams to 1 client(s) | Temp=26.6°C Hum=48.6% Light=OFF Dimmer=OFF(0%) Cover=100% Switch=OFF Climate=ON(22.0°C,m=0) Fan=OFF(0%) Num=50.0 Sel=0 | stress: 50 temps, 0/20 sw ON, 10/10 lt ON
2026-04-11 10:42:27,784 [INFO] Broadcast 95 telegrams to 1 client(s) | Temp=26.5°C Hum=48.8% Light=OFF Dimmer=OFF(0%) Cover=100% Switch=OFF Climate=ON(22.0°C,m=0) Fan=OFF(0%) Num=50.0 Sel=0 | stress: 50 temps, 0/20 sw ON, 10/10 lt ON
2026-04-11 10:42:37,868 [INFO] Broadcast 95 telegrams to 1 client(s) | Temp=26.7°C Hum=49.1% Light=OFF Dimmer=OFF(0%) Cover=100% Switch=OFF Climate=ON(22.0°C,m=0) Fan=OFF(0%) Num=50.0 Sel=0 | stress: 50 temps, 0/20 sw ON, 10/10 lt ON
2026-04-11 10:42:47,972 [INFO] Broadcast 95 telegrams to 1 client(s) | Temp=26.7°C Hum=48.6% Light=OFF Dimmer=OFF(0%) Cover=100% Switch=OFF Climate=ON(22.0°C,m=0) Fan=OFF(0%) Num=50.0 Sel=0 | stress: 50 temps, 0/20 sw ON, 10/10 lt ON
2026-04-11 10:42:58,401 [INFO] Broadcast 95 telegrams to 1 client(s) | Temp=26.7°C Hum=48.9% Light=OFF Dimmer=OFF(0%) Cover=100% Switch=OFF Climate=ON(22.0°C,m=0) Fan=OFF(0%) Num=50.0 Sel=0 | stress: 50 temps, 0/20 sw ON, 10/10 lt ON
2026-04-11 10:43:08,523 [INFO] Broadcast 95 telegrams to 1 client(s) | Temp=26.4°C Hum=48.9% Light=OFF Dimmer=OFF(0%) Cover=100% Switch=OFF Climate=ON(22.0°C,m=0) Fan=OFF(0%) Num=50.0 Sel=0 | stress: 50 temps, 0/20 sw ON, 10/10 lt ON
2026-04-11 10:43:18,614 [INFO] Broadcast 95 telegrams to 1 client(s) | Temp=26.6°C Hum=49.0% Light=OFF Dimmer=OFF(0%) Cover=100% Switch=OFF Climate=ON(22.0°C,m=0) Fan=OFF(0%) Num=50.0 Sel=0 | stress: 50 temps, 0/20 sw ON, 10/10 lt ON
2026-04-11 10:43:28,698 [INFO] Broadcast 95 telegrams to 1 client(s) | Temp=26.3°C Hum=49.1% Light=OFF Dimmer=OFF(0%) Cover=100% Switch=OFF Climate=ON(22.0°C,m=0) Fan=OFF(0%) Num=50.0 Sel=0 | stress: 50 temps, 0/20 sw ON, 10/10 lt ON
2026-04-11 10:43:38,797 [INFO] Broadcast 95 telegrams to 1 client(s) | Temp=26.0°C Hum=49.1% Light=OFF Dimmer=OFF(0%) Cover=100% Switch=OFF Climate=ON(22.0°C,m=0) Fan=OFF(0%) Num=50.0 Sel=0 | stress: 50 temps, 0/20 sw ON, 10/10 lt ON
2026-04-11 10:43:48,893 [INFO] Broadcast 95 telegrams to 1 client(s) | Temp=26.0°C Hum=48.7% Light=OFF Dimmer=OFF(0%) Cover=100% Switch=OFF Climate=ON(22.0°C,m=0) Fan=OFF(0%) Num=50.0 Sel=0 | stress: 50 temps, 0/20 sw ON, 10/10 lt ON
2026-04-11 10:43:58,983 [INFO] Broadcast 95 telegrams to 1 client(s) | Temp=25.9°C Hum=48.8% Light=OFF Dimmer=OFF(0%) Cover=100% Switch=OFF Climate=ON(22.0°C,m=0) Fan=OFF(0%) Num=50.0 Sel=0 | stress: 50 temps, 0/20 sw ON, 10/10 lt ON
2026-04-11 10:44:09,414 [INFO] Broadcast 95 telegrams to 1 client(s) | Temp=25.7°C Hum=48.4% Light=OFF Dimmer=OFF(0%) Cover=100% Switch=OFF Climate=ON(22.0°C,m=0) Fan=OFF(0%) Num=50.0 Sel=0 | stress: 50 temps, 0/20 sw ON, 10/10 lt ON
2026-04-11 10:44:19,505 [INFO] Broadcast 95 telegrams to 1 client(s) | Temp=25.5°C Hum=48.0% Light=OFF Dimmer=OFF(0%) Cover=100% Switch=OFF Climate=ON(22.0°C,m=0) Fan=OFF(0%) Num=50.0 Sel=0 | stress: 50 temps, 0/20 sw ON, 10/10 lt ON
2026-04-11 10:44:29,640 [INFO] Broadcast 95 telegrams to 1 client(s) | Temp=25.6°C Hum=48.4% Light=OFF Dimmer=OFF(0%) Cover=100% Switch=OFF Climate=ON(22.0°C,m=0) Fan=OFF(0%) Num=50.0 Sel=0 | stress: 50 temps, 0/20 sw ON, 10/10 lt ON
2026-04-11 10:44:39,748 [INFO] Broadcast 95 telegrams to 1 client(s) | Temp=25.5°C Hum=48.9% Light=OFF Dimmer=OFF(0%) Cover=100% Switch=OFF Climate=ON(22.0°C,m=0) Fan=OFF(0%) Num=50.0 Sel=0 | stress: 50 temps, 0/20 sw ON, 10/10 lt ON
2026-04-11 10:44:49,828 [INFO] Broadcast 95 telegrams to 1 client(s) | Temp=25.4°C Hum=49.0% Light=OFF Dimmer=OFF(0%) Cover=100% Switch=OFF Climate=ON(22.0°C,m=0) Fan=OFF(0%) Num=50.0 Sel=0 | stress: 50 temps, 0/20 sw ON, 10/10 lt ON
2026-04-11 10:44:59,945 [INFO] Broadcast 95 telegrams to 1 client(s) | Temp=25.4°C Hum=48.6% Light=OFF Dimmer=OFF(0%) Cover=100% Switch=OFF Climate=ON(22.0°C,m=0) Fan=OFF(0%) Num=50.0 Sel=0 | stress: 50 temps, 0/20 sw ON, 10/10 lt ON
2026-04-11 10:45:10,049 [INFO] Broadcast 95 telegrams to 1 client(s) | Temp=25.5°C Hum=48.7% Light=OFF Dimmer=OFF(0%) Cover=100% Switch=OFF Climate=ON(22.0°C,m=0) Fan=OFF(0%) Num=50.0 Sel=0 | stress: 50 temps, 0/20 sw ON, 10/10 lt ON
2026-04-11 10:45:20,417 [INFO] Broadcast 95 telegrams to 1 client(s) | Temp=25.5°C Hum=48.3% Light=OFF Dimmer=OFF(0%) Cover=100% Switch=OFF Climate=ON(22.0°C,m=0) Fan=OFF(0%) Num=50.0 Sel=0 | stress: 50 temps, 0/20 sw ON, 10/10 lt ON
2026-04-11 10:45:30,518 [INFO] Broadcast 95 telegrams to 1 client(s) | Temp=25.6°C Hum=48.2% Light=OFF Dimmer=OFF(0%) Cover=100% Switch=OFF Climate=ON(22.0°C,m=0) Fan=OFF(0%) Num=50.0 Sel=0 | stress: 50 temps, 0/20 sw ON, 10/10 lt ON
2026-04-11 10:45:40,609 [INFO] Broadcast 95 telegrams to 1 client(s) | Temp=25.7°C Hum=48.5% Light=OFF Dimmer=OFF(0%) Cover=100% Switch=OFF Climate=ON(22.0°C,m=0) Fan=OFF(0%) Num=50.0 Sel=0 | stress: 50 temps, 0/20 sw ON, 10/10 lt ON
2026-04-11 10:45:50,725 [INFO] Broadcast 95 telegrams to 1 client(s) | Temp=25.7°C Hum=48.9% Light=OFF Dimmer=OFF(0%) Cover=100% Switch=OFF Climate=ON(22.0°C,m=0) Fan=OFF(0%) Num=50.0 Sel=0 | stress: 50 temps, 0/20 sw ON, 10/10 lt ON
2026-04-11 10:46:00,825 [INFO] Broadcast 95 telegrams to 1 client(s) | Temp=25.8°C Hum=49.0% Light=OFF Dimmer=OFF(0%) Cover=100% Switch=OFF Climate=ON(22.0°C,m=0) Fan=OFF(0%) Num=50.0 Sel=0 | stress: 50 temps, 0/20 sw ON, 10/10 lt ON
2026-04-11 10:46:10,920 [INFO] Broadcast 95 telegrams to 1 client(s) | Temp=25.8°C Hum=49.0% Light=OFF Dimmer=OFF(0%) Cover=100% Switch=OFF Climate=ON(22.0°C,m=0) Fan=OFF(0%) Num=50.0 Sel=0 | stress: 50 temps, 0/20 sw ON, 10/10 lt ON
2026-04-11 10:46:21,059 [INFO] Broadcast 95 telegrams to 1 client(s) | Temp=26.0°C Hum=48.9% Light=OFF Dimmer=OFF(0%) Cover=100% Switch=OFF Climate=ON(22.0°C,m=0) Fan=OFF(0%) Num=50.0 Sel=0 | stress: 50 temps, 0/20 sw ON, 10/10 lt ON
2026-04-11 10:46:31,427 [INFO] Broadcast 95 telegrams to 1 client(s) | Temp=25.8°C Hum=49.2% Light=OFF Dimmer=OFF(0%) Cover=100% Switch=OFF Climate=ON(22.0°C,m=0) Fan=OFF(0%) Num=50.0 Sel=0 | stress: 50 temps, 0/20 sw ON, 10/10 lt ON
2026-04-11 10:46:41,540 [INFO] Broadcast 95 telegrams to 1 client(s) | Temp=26.0°C Hum=49.4% Light=OFF Dimmer=OFF(0%) Cover=100% Switch=OFF Climate=ON(22.0°C,m=0) Fan=OFF(0%) Num=50.0 Sel=0 | stress: 50 temps, 0/20 sw ON, 10/10 lt ON
2026-04-11 10:46:51,626 [INFO] Broadcast 95 telegrams to 1 client(s) | Temp=25.9°C Hum=49.6% Light=OFF Dimmer=OFF(0%) Cover=100% Switch=OFF Climate=ON(22.0°C,m=0) Fan=OFF(0%) Num=50.0 Sel=0 | stress: 50 temps, 0/20 sw ON, 10/10 lt ON
2026-04-11 10:47:01,708 [INFO] Broadcast 95 telegrams to 1 client(s) | Temp=26.1°C Hum=49.7% Light=OFF Dimmer=OFF(0%) Cover=100% Switch=OFF Climate=ON(22.0°C,m=0) Fan=OFF(0%) Num=50.0 Sel=0 | stress: 50 temps, 0/20 sw ON, 10/10 lt ON
2026-04-11 10:47:11,815 [INFO] Broadcast 95 telegrams to 1 client(s) | Temp=25.8°C Hum=50.0% Light=OFF Dimmer=OFF(0%) Cover=100% Switch=OFF Climate=ON(22.0°C,m=0) Fan=OFF(0%) Num=50.0 Sel=0 | stress: 50 temps, 0/20 sw ON, 10/10 lt ON
2026-04-11 10:47:21,910 [INFO] Broadcast 95 telegrams to 1 client(s) | Temp=25.9°C Hum=50.4% Light=OFF Dimmer=OFF(0%) Cover=100% Switch=OFF Climate=ON(22.0°C,m=0) Fan=OFF(0%) Num=50.0 Sel=0 | stress: 50 temps, 0/20 sw ON, 10/10 lt ON
2026-04-11 10:47:32,002 [INFO] Broadcast 95 telegrams to 1 client(s) | Temp=25.8°C Hum=49.9% Light=OFF Dimmer=OFF(0%) Cover=100% Switch=OFF Climate=ON(22.0°C,m=0) Fan=OFF(0%) Num=50.0 Sel=0 | stress: 50 temps, 0/20 sw ON, 10/10 lt ON
2026-04-11 10:47:42,432 [INFO] Broadcast 95 telegrams to 1 client(s) | Temp=25.7°C Hum=50.2% Light=OFF Dimmer=OFF(0%) Cover=100% Switch=OFF Climate=ON(22.0°C,m=0) Fan=OFF(0%) Num=50.0 Sel=0 | stress: 50 temps, 0/20 sw ON, 10/10 lt ON
2026-04-11 10:47:52,523 [INFO] Broadcast 95 telegrams to 1 client(s) | Temp=25.9°C Hum=50.6% Light=OFF Dimmer=OFF(0%) Cover=100% Switch=OFF Climate=ON(22.0°C,m=0) Fan=OFF(0%) Num=50.0 Sel=0 | stress: 50 temps, 0/20 sw ON, 10/10 lt ON
2026-04-11 10:48:02,641 [INFO] Broadcast 95 telegrams to 1 client(s) | Temp=25.7°C Hum=50.9% Light=OFF Dimmer=OFF(0%) Cover=100% Switch=OFF Climate=ON(22.0°C,m=0) Fan=OFF(0%) Num=50.0 Sel=0 | stress: 50 temps, 0/20 sw ON, 10/10 lt ON
2026-04-11 10:48:12,726 [INFO] Broadcast 95 telegrams to 1 client(s) | Temp=25.8°C Hum=50.4% Light=OFF Dimmer=OFF(0%) Cover=100% Switch=OFF Climate=ON(22.0°C,m=0) Fan=OFF(0%) Num=50.0 Sel=0 | stress: 50 temps, 0/20 sw ON, 10/10 lt ON
2026-04-11 10:48:22,825 [INFO] Broadcast 95 telegrams to 1 client(s) | Temp=26.1°C Hum=50.4% Light=OFF Dimmer=OFF(0%) Cover=100% Switch=OFF Climate=ON(22.0°C,m=0) Fan=OFF(0%) Num=50.0 Sel=0 | stress: 50 temps, 0/20 sw ON, 10/10 lt ON
2026-04-11 10:48:32,934 [INFO] Broadcast 95 telegrams to 1 client(s) | Temp=25.8°C Hum=50.1% Light=OFF Dimmer=OFF(0%) Cover=100% Switch=OFF Climate=ON(22.0°C,m=0) Fan=OFF(0%) Num=50.0 Sel=0 | stress: 50 temps, 0/20 sw ON, 10/10 lt ON
2026-04-11 10:48:43,034 [INFO] Broadcast 95 telegrams to 1 client(s) | Temp=26.0°C Hum=49.7% Light=OFF Dimmer=OFF(0%) Cover=100% Switch=OFF Climate=ON(22.0°C,m=0) Fan=OFF(0%) Num=50.0 Sel=0 | stress: 50 temps, 0/20 sw ON, 10/10 lt ON
2026-04-11 10:48:53,435 [INFO] Broadcast 95 telegrams to 1 client(s) | Temp=25.8°C Hum=49.5% Light=OFF Dimmer=OFF(0%) Cover=100% Switch=OFF Climate=ON(22.0°C,m=0) Fan=OFF(0%) Num=50.0 Sel=0 | stress: 50 temps, 0/20 sw ON, 10/10 lt ON
2026-04-11 10:49:03,533 [INFO] Broadcast 95 telegrams to 1 client(s) | Temp=25.6°C Hum=49.9% Light=OFF Dimmer=OFF(0%) Cover=100% Switch=OFF Climate=ON(22.0°C,m=0) Fan=OFF(0%) Num=50.0 Sel=0 | stress: 50 temps, 0/20 sw ON, 10/10 lt ON
2026-04-11 10:49:13,628 [INFO] Broadcast 95 telegrams to 1 client(s) | Temp=25.4°C Hum=49.5% Light=OFF Dimmer=OFF(0%) Cover=100% Switch=OFF Climate=ON(22.0°C,m=0) Fan=OFF(0%) Num=50.0 Sel=0 | stress: 50 temps, 0/20 sw ON, 10/10 lt ON
2026-04-11 10:49:23,732 [INFO] Broadcast 95 telegrams to 1 client(s) | Temp=25.5°C Hum=50.0% Light=OFF Dimmer=OFF(0%) Cover=100% Switch=OFF Climate=ON(22.0°C,m=0) Fan=OFF(0%) Num=50.0 Sel=0 | stress: 50 temps, 0/20 sw ON, 10/10 lt ON
2026-04-11 10:49:33,816 [INFO] Broadcast 95 telegrams to 1 client(s) | Temp=25.5°C Hum=49.7% Light=OFF Dimmer=OFF(0%) Cover=100% Switch=OFF Climate=ON(22.0°C,m=0) Fan=OFF(0%) Num=50.0 Sel=0 | stress: 50 temps, 0/20 sw ON, 10/10 lt ON
2026-04-11 10:49:43,894 [INFO] Broadcast 95 telegrams to 1 client(s) | Temp=25.3°C Hum=49.8% Light=OFF Dimmer=OFF(0%) Cover=100% Switch=OFF Climate=ON(22.0°C,m=0) Fan=OFF(0%) Num=50.0 Sel=0 | stress: 50 temps, 0/20 sw ON, 10/10 lt ON
2026-04-11 10:49:53,996 [INFO] Broadcast 95 telegrams to 1 client(s) | Temp=25.5°C Hum=49.4% Light=OFF Dimmer=OFF(0%) Cover=100% Switch=OFF Climate=ON(22.0°C,m=0) Fan=OFF(0%) Num=50.0 Sel=0 | stress: 50 temps, 0/20 sw ON, 10/10 lt ON
2026-04-11 10:50:04,438 [INFO] Broadcast 95 telegrams to 1 client(s) | Temp=25.6°C Hum=48.9% Light=OFF Dimmer=OFF(0%) Cover=100% Switch=OFF Climate=ON(22.0°C,m=0) Fan=OFF(0%) Num=50.0 Sel=0 | stress: 50 temps, 0/20 sw ON, 10/10 lt ON
2026-04-11 10:50:14,543 [INFO] Broadcast 95 telegrams to 1 client(s) | Temp=25.8°C Hum=48.9% Light=OFF Dimmer=OFF(0%) Cover=100% Switch=OFF Climate=ON(22.0°C,m=0) Fan=OFF(0%) Num=50.0 Sel=0 | stress: 50 temps, 0/20 sw ON, 10/10 lt ON
2026-04-11 10:50:24,634 [INFO] Broadcast 95 telegrams to 1 client(s) | Temp=25.9°C Hum=49.2% Light=OFF Dimmer=OFF(0%) Cover=100% Switch=OFF Climate=ON(22.0°C,m=0) Fan=OFF(0%) Num=50.0 Sel=0 | stress: 50 temps, 0/20 sw ON, 10/10 lt ON
2026-04-11 10:50:34,734 [INFO] Broadcast 95 telegrams to 1 client(s) | Temp=26.1°C Hum=48.9% Light=OFF Dimmer=OFF(0%) Cover=100% Switch=OFF Climate=ON(22.0°C,m=0) Fan=OFF(0%) Num=50.0 Sel=0 | stress: 50 temps, 0/20 sw ON, 10/10 lt ON
2026-04-11 10:50:44,866 [INFO] Broadcast 95 telegrams to 1 client(s) | Temp=25.9°C Hum=49.3% Light=OFF Dimmer=OFF(0%) Cover=100% Switch=OFF Climate=ON(22.0°C,m=0) Fan=OFF(0%) Num=50.0 Sel=0 | stress: 50 temps, 0/20 sw ON, 10/10 lt ON
2026-04-11 10:50:54,953 [INFO] Broadcast 95 telegrams to 1 client(s) | Temp=25.9°C Hum=49.3% Light=OFF Dimmer=OFF(0%) Cover=100% Switch=OFF Climate=ON(22.0°C,m=0) Fan=OFF(0%) Num=50.0 Sel=0 | stress: 50 temps, 0/20 sw ON, 10/10 lt ON
2026-04-11 10:51:05,438 [INFO] Broadcast 95 telegrams to 1 client(s) | Temp=26.2°C Hum=49.6% Light=OFF Dimmer=OFF(0%) Cover=100% Switch=OFF Climate=ON(22.0°C,m=0) Fan=OFF(0%) Num=50.0 Sel=0 | stress: 50 temps, 0/20 sw ON, 10/10 lt ON
2026-04-11 10:51:15,524 [INFO] Broadcast 95 telegrams to 1 client(s) | Temp=26.0°C Hum=49.9% Light=OFF Dimmer=OFF(0%) Cover=100% Switch=OFF Climate=ON(22.0°C,m=0) Fan=OFF(0%) Num=50.0 Sel=0 | stress: 50 temps, 0/20 sw ON, 10/10 lt ON
2026-04-11 10:51:25,629 [INFO] Broadcast 95 telegrams to 1 client(s) | Temp=26.1°C Hum=50.2% Light=OFF Dimmer=OFF(0%) Cover=100% Switch=OFF Climate=ON(22.0°C,m=0) Fan=OFF(0%) Num=50.0 Sel=0 | stress: 50 temps, 0/20 sw ON, 10/10 lt ON
2026-04-11 10:51:35,750 [INFO] Broadcast 95 telegrams to 1 client(s) | Temp=26.0°C Hum=50.3% Light=OFF Dimmer=OFF(0%) Cover=100% Switch=OFF Climate=ON(22.0°C,m=0) Fan=OFF(0%) Num=50.0 Sel=0 | stress: 50 temps, 0/20 sw ON, 10/10 lt ON
2026-04-11 10:51:45,833 [INFO] Broadcast 95 telegrams to 1 client(s) | Temp=25.8°C Hum=50.3% Light=OFF Dimmer=OFF(0%) Cover=100% Switch=OFF Climate=ON(22.0°C,m=0) Fan=OFF(0%) Num=50.0 Sel=0 | stress: 50 temps, 0/20 sw ON, 10/10 lt ON
2026-04-11 10:51:55,940 [INFO] Broadcast 95 telegrams to 1 client(s) | Temp=25.9°C Hum=50.7% Light=OFF Dimmer=OFF(0%) Cover=100% Switch=OFF Climate=ON(22.0°C,m=0) Fan=OFF(0%) Num=50.0 Sel=0 | stress: 50 temps, 0/20 sw ON, 10/10 lt ON
2026-04-11 10:52:06,062 [INFO] Broadcast 95 telegrams to 1 client(s) | Temp=26.0°C Hum=51.0% Light=OFF Dimmer=OFF(0%) Cover=100% Switch=OFF Climate=ON(22.0°C,m=0) Fan=OFF(0%) Num=50.0 Sel=0 | stress: 50 temps, 0/20 sw ON, 10/10 lt ON
2026-04-11 10:52:16,450 [INFO] Broadcast 95 telegrams to 1 client(s) | Temp=26.2°C Hum=50.9% Light=OFF Dimmer=OFF(0%) Cover=100% Switch=OFF Climate=ON(22.0°C,m=0) Fan=OFF(0%) Num=50.0 Sel=0 | stress: 50 temps, 0/20 sw ON, 10/10 lt ON
2026-04-11 10:52:26,564 [INFO] Broadcast 95 telegrams to 1 client(s) | Temp=26.0°C Hum=51.3% Light=OFF Dimmer=OFF(0%) Cover=100% Switch=OFF Climate=ON(22.0°C,m=0) Fan=OFF(0%) Num=50.0 Sel=0 | stress: 50 temps, 0/20 sw ON, 10/10 lt ON
2026-04-11 10:52:36,684 [INFO] Broadcast 95 telegrams to 1 client(s) | Temp=26.3°C Hum=51.2% Light=OFF Dimmer=OFF(0%) Cover=100% Switch=OFF Climate=ON(22.0°C,m=0) Fan=OFF(0%) Num=50.0 Sel=0 | stress: 50 temps, 0/20 sw ON, 10/10 lt ON
2026-04-11 10:52:46,802 [INFO] Broadcast 95 telegrams to 1 client(s) | Temp=26.4°C Hum=51.1% Light=OFF Dimmer=OFF(0%) Cover=100% Switch=OFF Climate=ON(22.0°C,m=0) Fan=OFF(0%) Num=50.0 Sel=0 | stress: 50 temps, 0/20 sw ON, 10/10 lt ON
2026-04-11 10:52:56,944 [INFO] Broadcast 95 telegrams to 1 client(s) | Temp=26.3°C Hum=51.4% Light=OFF Dimmer=OFF(0%) Cover=100% Switch=OFF Climate=ON(22.0°C,m=0) Fan=OFF(0%) Num=50.0 Sel=0 | stress: 50 temps, 0/20 sw ON, 10/10 lt ON
2026-04-11 10:53:07,039 [INFO] Broadcast 95 telegrams to 1 client(s) | Temp=26.0°C Hum=51.4% Light=OFF Dimmer=OFF(0%) Cover=100% Switch=OFF Climate=ON(22.0°C,m=0) Fan=OFF(0%) Num=50.0 Sel=0 | stress: 50 temps, 0/20 sw ON, 10/10 lt ON
2026-04-11 10:53:17,126 [INFO] Broadcast 95 telegrams to 1 client(s) | Temp=26.2°C Hum=51.1% Light=OFF Dimmer=OFF(0%) Cover=100% Switch=OFF Climate=ON(22.0°C,m=0) Fan=OFF(0%) Num=50.0 Sel=0 | stress: 50 temps, 0/20 sw ON, 10/10 lt ON
2026-04-11 10:53:27,462 [INFO] Broadcast 95 telegrams to 1 client(s) | Temp=26.2°C Hum=51.5% Light=OFF Dimmer=OFF(0%) Cover=100% Switch=OFF Climate=ON(22.0°C,m=0) Fan=OFF(0%) Num=50.0 Sel=0 | stress: 50 temps, 0/20 sw ON, 10/10 lt ON
2026-04-11 10:53:37,586 [INFO] Broadcast 95 telegrams to 1 client(s) | Temp=26.1°C Hum=51.4% Light=OFF Dimmer=OFF(0%) Cover=100% Switch=OFF Climate=ON(22.0°C,m=0) Fan=OFF(0%) Num=50.0 Sel=0 | stress: 50 temps, 0/20 sw ON, 10/10 lt ON
2026-04-11 10:53:47,695 [INFO] Broadcast 95 telegrams to 1 client(s) | Temp=25.9°C Hum=51.4% Light=OFF Dimmer=OFF(0%) Cover=100% Switch=OFF Climate=ON(22.0°C,m=0) Fan=OFF(0%) Num=50.0 Sel=0 | stress: 50 temps, 0/20 sw ON, 10/10 lt ON
2026-04-11 10:53:57,780 [INFO] Broadcast 95 telegrams to 1 client(s) | Temp=26.1°C Hum=51.5% Light=OFF Dimmer=OFF(0%) Cover=100% Switch=OFF Climate=ON(22.0°C,m=0) Fan=OFF(0%) Num=50.0 Sel=0 | stress: 50 temps, 0/20 sw ON, 10/10 lt ON
2026-04-11 10:54:07,864 [INFO] Broadcast 95 telegrams to 1 client(s) | Temp=25.9°C Hum=51.3% Light=OFF Dimmer=OFF(0%) Cover=100% Switch=OFF Climate=ON(22.0°C,m=0) Fan=OFF(0%) Num=50.0 Sel=0 | stress: 50 temps, 0/20 sw ON, 10/10 lt ON
2026-04-11 10:54:18,005 [INFO] Broadcast 95 telegrams to 1 client(s) | Temp=25.6°C Hum=51.3% Light=OFF Dimmer=OFF(0%) Cover=100% Switch=OFF Climate=ON(22.0°C,m=0) Fan=OFF(0%) Num=50.0 Sel=0 | stress: 50 temps, 0/20 sw ON, 10/10 lt ON
2026-04-11 10:54:28,122 [INFO] Broadcast 95 telegrams to 1 client(s) | Temp=25.4°C Hum=51.6% Light=OFF Dimmer=OFF(0%) Cover=100% Switch=OFF Climate=ON(22.0°C,m=0) Fan=OFF(0%) Num=50.0 Sel=0 | stress: 50 temps, 0/20 sw ON, 10/10 lt ON
2026-04-11 10:54:38,470 [INFO] Broadcast 95 telegrams to 1 client(s) | Temp=25.3°C Hum=51.6% Light=OFF Dimmer=OFF(0%) Cover=100% Switch=OFF Climate=ON(22.0°C,m=0) Fan=OFF(0%) Num=50.0 Sel=0 | stress: 50 temps, 0/20 sw ON, 10/10 lt ON
2026-04-11 10:54:48,571 [INFO] Broadcast 95 telegrams to 1 client(s) | Temp=25.1°C Hum=51.5% Light=OFF Dimmer=OFF(0%) Cover=100% Switch=OFF Climate=ON(22.0°C,m=0) Fan=OFF(0%) Num=50.0 Sel=0 | stress: 50 temps, 0/20 sw ON, 10/10 lt ON
2026-04-11 10:54:58,662 [INFO] Broadcast 95 telegrams to 1 client(s) | Temp=25.1°C Hum=51.1% Light=OFF Dimmer=OFF(0%) Cover=100% Switch=OFF Climate=ON(22.0°C,m=0) Fan=OFF(0%) Num=50.0 Sel=0 | stress: 50 temps, 0/20 sw ON, 10/10 lt ON
2026-04-11 10:55:08,754 [INFO] Broadcast 95 telegrams to 1 client(s) | Temp=25.2°C Hum=51.2% Light=OFF Dimmer=OFF(0%) Cover=100% Switch=OFF Climate=ON(22.0°C,m=0) Fan=OFF(0%) Num=50.0 Sel=0 | stress: 50 temps, 0/20 sw ON, 10/10 lt ON
2026-04-11 10:55:18,861 [INFO] Broadcast 95 telegrams to 1 client(s) | Temp=24.9°C Hum=51.3% Light=OFF Dimmer=OFF(0%) Cover=100% Switch=OFF Climate=ON(22.0°C,m=0) Fan=OFF(0%) Num=50.0 Sel=0 | stress: 50 temps, 0/20 sw ON, 10/10 lt ON
2026-04-11 10:55:28,952 [INFO] Broadcast 95 telegrams to 1 client(s) | Temp=24.9°C Hum=51.0% Light=OFF Dimmer=OFF(0%) Cover=100% Switch=OFF Climate=ON(22.0°C,m=0) Fan=OFF(0%) Num=50.0 Sel=0 | stress: 50 temps, 0/20 sw ON, 10/10 lt ON
2026-04-11 10:55:39,061 [INFO] Broadcast 95 telegrams to 1 client(s) | Temp=25.0°C Hum=51.1% Light=OFF Dimmer=OFF(0%) Cover=100% Switch=OFF Climate=ON(22.0°C,m=0) Fan=OFF(0%) Num=50.0 Sel=0 | stress: 50 temps, 0/20 sw ON, 10/10 lt ON
2026-04-11 10:55:49,476 [INFO] Broadcast 95 telegrams to 1 client(s) | Temp=24.7°C Hum=51.4% Light=OFF Dimmer=OFF(0%) Cover=100% Switch=OFF Climate=ON(22.0°C,m=0) Fan=OFF(0%) Num=50.0 Sel=0 | stress: 50 temps, 0/20 sw ON, 10/10 lt ON
2026-04-11 10:55:59,597 [INFO] Broadcast 95 telegrams to 1 client(s) | Temp=24.4°C Hum=51.7% Light=OFF Dimmer=OFF(0%) Cover=100% Switch=OFF Climate=ON(22.0°C,m=0) Fan=OFF(0%) Num=50.0 Sel=0 | stress: 50 temps, 0/20 sw ON, 10/10 lt ON
2026-04-11 10:56:09,678 [INFO] Broadcast 95 telegrams to 1 client(s) | Temp=24.6°C Hum=52.2% Light=OFF Dimmer=OFF(0%) Cover=100% Switch=OFF Climate=ON(22.0°C,m=0) Fan=OFF(0%) Num=50.0 Sel=0 | stress: 50 temps, 0/20 sw ON, 10/10 lt ON
2026-04-11 10:56:19,767 [INFO] Broadcast 95 telegrams to 1 client(s) | Temp=24.7°C Hum=51.9% Light=OFF Dimmer=OFF(0%) Cover=100% Switch=OFF Climate=ON(22.0°C,m=0) Fan=OFF(0%) Num=50.0 Sel=0 | stress: 50 temps, 0/20 sw ON, 10/10 lt ON
2026-04-11 10:56:29,872 [INFO] Broadcast 95 telegrams to 1 client(s) | Temp=24.6°C Hum=51.9% Light=OFF Dimmer=OFF(0%) Cover=100% Switch=OFF Climate=ON(22.0°C,m=0) Fan=OFF(0%) Num=50.0 Sel=0 | stress: 50 temps, 0/20 sw ON, 10/10 lt ON
2026-04-11 10:56:39,965 [INFO] Broadcast 95 telegrams to 1 client(s) | Temp=24.8°C Hum=51.9% Light=OFF Dimmer=OFF(0%) Cover=100% Switch=OFF Climate=ON(22.0°C,m=0) Fan=OFF(0%) Num=50.0 Sel=0 | stress: 50 temps, 0/20 sw ON, 10/10 lt ON
2026-04-11 10:56:50,069 [INFO] Broadcast 95 telegrams to 1 client(s) | Temp=24.6°C Hum=51.6% Light=OFF Dimmer=OFF(0%) Cover=100% Switch=OFF Climate=ON(22.0°C,m=0) Fan=OFF(0%) Num=50.0 Sel=0 | stress: 50 temps, 0/20 sw ON, 10/10 lt ON
2026-04-11 10:57:00,487 [INFO] Broadcast 95 telegrams to 1 client(s) | Temp=24.8°C Hum=51.9% Light=OFF Dimmer=OFF(0%) Cover=100% Switch=OFF Climate=ON(22.0°C,m=0) Fan=OFF(0%) Num=50.0 Sel=0 | stress: 50 temps, 0/20 sw ON, 10/10 lt ON
2026-04-11 10:57:10,612 [INFO] Broadcast 95 telegrams to 1 client(s) | Temp=25.0°C Hum=51.9% Light=OFF Dimmer=OFF(0%) Cover=100% Switch=OFF Climate=ON(22.0°C,m=0) Fan=OFF(0%) Num=50.0 Sel=0 | stress: 50 temps, 0/20 sw ON, 10/10 lt ON
2026-04-11 10:57:20,737 [INFO] Broadcast 95 telegrams to 1 client(s) | Temp=24.9°C Hum=51.4% Light=OFF Dimmer=OFF(0%) Cover=100% Switch=OFF Climate=ON(22.0°C,m=0) Fan=OFF(0%) Num=50.0 Sel=0 | stress: 50 temps, 0/20 sw ON, 10/10 lt ON
2026-04-11 10:57:30,836 [INFO] Broadcast 95 telegrams to 1 client(s) | Temp=25.2°C Hum=51.2% Light=OFF Dimmer=OFF(0%) Cover=100% Switch=OFF Climate=ON(22.0°C,m=0) Fan=OFF(0%) Num=50.0 Sel=0 | stress: 50 temps, 0/20 sw ON, 10/10 lt ON
2026-04-11 10:57:40,936 [INFO] Broadcast 95 telegrams to 1 client(s) | Temp=25.5°C Hum=50.7% Light=OFF Dimmer=OFF(0%) Cover=100% Switch=OFF Climate=ON(22.0°C,m=0) Fan=OFF(0%) Num=50.0 Sel=0 | stress: 50 temps, 0/20 sw ON, 10/10 lt ON
2026-04-11 10:57:51,027 [INFO] Broadcast 95 telegrams to 1 client(s) | Temp=25.3°C Hum=50.3% Light=OFF Dimmer=OFF(0%) Cover=100% Switch=OFF Climate=ON(22.0°C,m=0) Fan=OFF(0%) Num=50.0 Sel=0 | stress: 50 temps, 0/20 sw ON, 10/10 lt ON
2026-04-11 10:58:01,121 [INFO] Broadcast 95 telegrams to 1 client(s) | Temp=25.5°C Hum=50.3% Light=OFF Dimmer=OFF(0%) Cover=100% Switch=OFF Climate=ON(22.0°C,m=0) Fan=OFF(0%) Num=50.0 Sel=0 | stress: 50 temps, 0/20 sw ON, 10/10 lt ON
2026-04-11 10:58:11,491 [INFO] Broadcast 95 telegrams to 1 client(s) | Temp=25.8°C Hum=50.0% Light=OFF Dimmer=OFF(0%) Cover=100% Switch=OFF Climate=ON(22.0°C,m=0) Fan=OFF(0%) Num=50.0 Sel=0 | stress: 50 temps, 0/20 sw ON, 10/10 lt ON
2026-04-11 10:58:21,587 [INFO] Broadcast 95 telegrams to 1 client(s) | Temp=25.8°C Hum=49.6% Light=OFF Dimmer=OFF(0%) Cover=100% Switch=OFF Climate=ON(22.0°C,m=0) Fan=OFF(0%) Num=50.0 Sel=0 | stress: 50 temps, 0/20 sw ON, 10/10 lt ON
2026-04-11 10:58:31,682 [INFO] Broadcast 95 telegrams to 1 client(s) | Temp=26.0°C Hum=50.0% Light=OFF Dimmer=OFF(0%) Cover=100% Switch=OFF Climate=ON(22.0°C,m=0) Fan=OFF(0%) Num=50.0 Sel=0 | stress: 50 temps, 0/20 sw ON, 10/10 lt ON
2026-04-11 10:58:41,783 [INFO] Broadcast 95 telegrams to 1 client(s) | Temp=26.0°C Hum=50.3% Light=OFF Dimmer=OFF(0%) Cover=100% Switch=OFF Climate=ON(22.0°C,m=0) Fan=OFF(0%) Num=50.0 Sel=0 | stress: 50 temps, 0/20 sw ON, 10/10 lt ON
2026-04-11 10:58:51,880 [INFO] Broadcast 95 telegrams to 1 client(s) | Temp=26.1°C Hum=50.6% Light=OFF Dimmer=OFF(0%) Cover=100% Switch=OFF Climate=ON(22.0°C,m=0) Fan=OFF(0%) Num=50.0 Sel=0 | stress: 50 temps, 0/20 sw ON, 10/10 lt ON
2026-04-11 10:59:01,986 [INFO] Broadcast 95 telegrams to 1 client(s) | Temp=26.0°C Hum=50.2% Light=OFF Dimmer=OFF(0%) Cover=100% Switch=OFF Climate=ON(22.0°C,m=0) Fan=OFF(0%) Num=50.0 Sel=0 | stress: 50 temps, 0/20 sw ON, 10/10 lt ON
2026-04-11 10:59:12,103 [INFO] Broadcast 95 telegrams to 1 client(s) | Temp=26.2°C Hum=50.2% Light=OFF Dimmer=OFF(0%) Cover=100% Switch=OFF Climate=ON(22.0°C,m=0) Fan=OFF(0%) Num=50.0 Sel=0 | stress: 50 temps, 0/20 sw ON, 10/10 lt ON
2026-04-11 10:59:22,498 [INFO] Broadcast 95 telegrams to 1 client(s) | Temp=26.3°C Hum=50.6% Light=OFF Dimmer=OFF(0%) Cover=100% Switch=OFF Climate=ON(22.0°C,m=0) Fan=OFF(0%) Num=50.0 Sel=0 | stress: 50 temps, 0/20 sw ON, 10/10 lt ON
2026-04-11 10:59:32,621 [INFO] Broadcast 95 telegrams to 1 client(s) | Temp=26.1°C Hum=50.4% Light=OFF Dimmer=OFF(0%) Cover=100% Switch=OFF Climate=ON(22.0°C,m=0) Fan=OFF(0%) Num=50.0 Sel=0 | stress: 50 temps, 0/20 sw ON, 10/10 lt ON
2026-04-11 10:59:42,722 [INFO] Broadcast 95 telegrams to 1 client(s) | Temp=26.1°C Hum=50.3% Light=OFF Dimmer=OFF(0%) Cover=100% Switch=OFF Climate=ON(22.0°C,m=0) Fan=OFF(0%) Num=50.0 Sel=0 | stress: 50 temps, 0/20 sw ON, 10/10 lt ON
2026-04-11 10:59:52,823 [INFO] Broadcast 95 telegrams to 1 client(s) | Temp=25.9°C Hum=50.2% Light=OFF Dimmer=OFF(0%) Cover=100% Switch=OFF Climate=ON(22.0°C,m=0) Fan=OFF(0%) Num=50.0 Sel=0 | stress: 50 temps, 0/20 sw ON, 10/10 lt ON
2026-04-11 11:00:02,936 [INFO] Broadcast 95 telegrams to 1 client(s) | Temp=26.1°C Hum=50.3% Light=OFF Dimmer=OFF(0%) Cover=100% Switch=OFF Climate=ON(22.0°C,m=0) Fan=OFF(0%) Num=50.0 Sel=0 | stress: 50 temps, 0/20 sw ON, 10/10 lt ON
2026-04-11 11:00:13,031 [INFO] Broadcast 95 telegrams to 1 client(s) | Temp=25.8°C Hum=50.6% Light=OFF Dimmer=OFF(0%) Cover=100% Switch=OFF Climate=ON(22.0°C,m=0) Fan=OFF(0%) Num=50.0 Sel=0 | stress: 50 temps, 0/20 sw ON, 10/10 lt ON
2026-04-11 11:00:23,117 [INFO] Broadcast 95 telegrams to 1 client(s) | Temp=25.8°C Hum=50.2% Light=OFF Dimmer=OFF(0%) Cover=100% Switch=OFF Climate=ON(22.0°C,m=0) Fan=OFF(0%) Num=50.0 Sel=0 | stress: 50 temps, 0/20 sw ON, 10/10 lt ON
2026-04-11 11:00:33,498 [INFO] Broadcast 95 telegrams to 1 client(s) | Temp=25.9°C Hum=50.6% Light=OFF Dimmer=OFF(0%) Cover=100% Switch=OFF Climate=ON(22.0°C,m=0) Fan=OFF(0%) Num=50.0 Sel=0 | stress: 50 temps, 0/20 sw ON, 10/10 lt ON
2026-04-11 11:00:43,599 [INFO] Broadcast 95 telegrams to 1 client(s) | Temp=25.8°C Hum=51.0% Light=OFF Dimmer=OFF(0%) Cover=100% Switch=OFF Climate=ON(22.0°C,m=0) Fan=OFF(0%) Num=50.0 Sel=0 | stress: 50 temps, 0/20 sw ON, 10/10 lt ON
2026-04-11 11:00:53,693 [INFO] Broadcast 95 telegrams to 1 client(s) | Temp=25.8°C Hum=50.6% Light=OFF Dimmer=OFF(0%) Cover=100% Switch=OFF Climate=ON(22.0°C,m=0) Fan=OFF(0%) Num=50.0 Sel=0 | stress: 50 temps, 0/20 sw ON, 10/10 lt ON
2026-04-11 11:01:03,786 [INFO] Broadcast 95 telegrams to 1 client(s) | Temp=25.8°C Hum=50.5% Light=OFF Dimmer=OFF(0%) Cover=100% Switch=OFF Climate=ON(22.0°C,m=0) Fan=OFF(0%) Num=50.0 Sel=0 | stress: 50 temps, 0/20 sw ON, 10/10 lt ON
2026-04-11 11:01:13,880 [INFO] Broadcast 95 telegrams to 1 client(s) | Temp=25.6°C Hum=50.7% Light=OFF Dimmer=OFF(0%) Cover=100% Switch=OFF Climate=ON(22.0°C,m=0) Fan=OFF(0%) Num=50.0 Sel=0 | stress: 50 temps, 0/20 sw ON, 10/10 lt ON
2026-04-11 11:01:23,977 [INFO] Broadcast 95 telegrams to 1 client(s) | Temp=25.6°C Hum=51.1% Light=OFF Dimmer=OFF(0%) Cover=100% Switch=OFF Climate=ON(22.0°C,m=0) Fan=OFF(0%) Num=50.0 Sel=0 | stress: 50 temps, 0/20 sw ON, 10/10 lt ON
2026-04-11 11:01:34,084 [INFO] Broadcast 95 telegrams to 1 client(s) | Temp=25.5°C Hum=50.9% Light=OFF Dimmer=OFF(0%) Cover=100% Switch=OFF Climate=ON(22.0°C,m=0) Fan=OFF(0%) Num=50.0 Sel=0 | stress: 50 temps, 0/20 sw ON, 10/10 lt ON
2026-04-11 11:01:44,502 [INFO] Broadcast 95 telegrams to 1 client(s) | Temp=25.5°C Hum=50.5% Light=OFF Dimmer=OFF(0%) Cover=100% Switch=OFF Climate=ON(22.0°C,m=0) Fan=OFF(0%) Num=50.0 Sel=0 | stress: 50 temps, 0/20 sw ON, 10/10 lt ON
2026-04-11 11:01:54,598 [INFO] Broadcast 95 telegrams to 1 client(s) | Temp=25.3°C Hum=50.4% Light=OFF Dimmer=OFF(0%) Cover=100% Switch=OFF Climate=ON(22.0°C,m=0) Fan=OFF(0%) Num=50.0 Sel=0 | stress: 50 temps, 0/20 sw ON, 10/10 lt ON
2026-04-11 11:02:04,705 [INFO] Broadcast 95 telegrams to 1 client(s) | Temp=25.3°C Hum=50.4% Light=OFF Dimmer=OFF(0%) Cover=100% Switch=OFF Climate=ON(22.0°C,m=0) Fan=OFF(0%) Num=50.0 Sel=0 | stress: 50 temps, 0/20 sw ON, 10/10 lt ON
2026-04-11 11:02:14,790 [INFO] Broadcast 95 telegrams to 1 client(s) | Temp=25.0°C Hum=50.1% Light=OFF Dimmer=OFF(0%) Cover=100% Switch=OFF Climate=ON(22.0°C,m=0) Fan=OFF(0%) Num=50.0 Sel=0 | stress: 50 temps, 0/20 sw ON, 10/10 lt ON
2026-04-11 11:02:24,897 [INFO] Broadcast 95 telegrams to 1 client(s) | Temp=25.0°C Hum=50.4% Light=OFF Dimmer=OFF(0%) Cover=100% Switch=OFF Climate=ON(22.0°C,m=0) Fan=OFF(0%) Num=50.0 Sel=0 | stress: 50 temps, 0/20 sw ON, 10/10 lt ON
2026-04-11 11:02:35,006 [INFO] Broadcast 95 telegrams to 1 client(s) | Temp=25.0°C Hum=50.2% Light=OFF Dimmer=OFF(0%) Cover=100% Switch=OFF Climate=ON(22.0°C,m=0) Fan=OFF(0%) Num=50.0 Sel=0 | stress: 50 temps, 0/20 sw ON, 10/10 lt ON
2026-04-11 11:02:45,505 [INFO] Broadcast 95 telegrams to 1 client(s) | Temp=24.8°C Hum=50.0% Light=OFF Dimmer=OFF(0%) Cover=100% Switch=OFF Climate=ON(22.0°C,m=0) Fan=OFF(0%) Num=50.0 Sel=0 | stress: 50 temps, 0/20 sw ON, 10/10 lt ON
2026-04-11 11:02:55,598 [INFO] Broadcast 95 telegrams to 1 client(s) | Temp=24.6°C Hum=50.0% Light=OFF Dimmer=OFF(0%) Cover=100% Switch=OFF Climate=ON(22.0°C,m=0) Fan=OFF(0%) Num=50.0 Sel=0 | stress: 50 temps, 0/20 sw ON, 10/10 lt ON
2026-04-11 11:03:05,685 [INFO] Broadcast 95 telegrams to 1 client(s) | Temp=24.6°C Hum=49.6% Light=OFF Dimmer=OFF(0%) Cover=100% Switch=OFF Climate=ON(22.0°C,m=0) Fan=OFF(0%) Num=50.0 Sel=0 | stress: 50 temps, 0/20 sw ON, 10/10 lt ON
2026-04-11 11:03:15,784 [INFO] Broadcast 95 telegrams to 1 client(s) | Temp=24.9°C Hum=49.3% Light=OFF Dimmer=OFF(0%) Cover=100% Switch=OFF Climate=ON(22.0°C,m=0) Fan=OFF(0%) Num=50.0 Sel=0 | stress: 50 temps, 0/20 sw ON, 10/10 lt ON
2026-04-11 11:03:25,878 [INFO] Broadcast 95 telegrams to 1 client(s) | Temp=24.8°C Hum=49.0% Light=OFF Dimmer=OFF(0%) Cover=100% Switch=OFF Climate=ON(22.0°C,m=0) Fan=OFF(0%) Num=50.0 Sel=0 | stress: 50 temps, 0/20 sw ON, 10/10 lt ON
2026-04-11 11:03:35,961 [INFO] Broadcast 95 telegrams to 1 client(s) | Temp=24.8°C Hum=48.5% Light=OFF Dimmer=OFF(0%) Cover=100% Switch=OFF Climate=ON(22.0°C,m=0) Fan=OFF(0%) Num=50.0 Sel=0 | stress: 50 temps, 0/20 sw ON, 10/10 lt ON
2026-04-11 11:03:46,049 [INFO] Broadcast 95 telegrams to 1 client(s) | Temp=24.6°C Hum=49.0% Light=OFF Dimmer=OFF(0%) Cover=100% Switch=OFF Climate=ON(22.0°C,m=0) Fan=OFF(0%) Num=50.0 Sel=0 | stress: 50 temps, 0/20 sw ON, 10/10 lt ON
2026-04-11 11:03:56,514 [INFO] Broadcast 95 telegrams to 1 client(s) | Temp=24.7°C Hum=49.2% Light=OFF Dimmer=OFF(0%) Cover=100% Switch=OFF Climate=ON(22.0°C,m=0) Fan=OFF(0%) Num=50.0 Sel=0 | stress: 50 temps, 0/20 sw ON, 10/10 lt ON
2026-04-11 11:04:06,619 [INFO] Broadcast 95 telegrams to 1 client(s) | Temp=24.7°C Hum=49.0% Light=OFF Dimmer=OFF(0%) Cover=100% Switch=OFF Climate=ON(22.0°C,m=0) Fan=OFF(0%) Num=50.0 Sel=0 | stress: 50 temps, 0/20 sw ON, 10/10 lt ON
2026-04-11 11:04:16,704 [INFO] Broadcast 95 telegrams to 1 client(s) | Temp=24.8°C Hum=49.0% Light=OFF Dimmer=OFF(0%) Cover=100% Switch=OFF Climate=ON(22.0°C,m=0) Fan=OFF(0%) Num=50.0 Sel=0 | stress: 50 temps, 0/20 sw ON, 10/10 lt ON
2026-04-11 11:04:26,825 [INFO] Broadcast 95 telegrams to 1 client(s) | Temp=24.8°C Hum=48.7% Light=OFF Dimmer=OFF(0%) Cover=100% Switch=OFF Climate=ON(22.0°C,m=0) Fan=OFF(0%) Num=50.0 Sel=0 | stress: 50 temps, 0/20 sw ON, 10/10 lt ON
2026-04-11 11:04:36,942 [INFO] Broadcast 95 telegrams to 1 client(s) | Temp=24.7°C Hum=48.9% Light=OFF Dimmer=OFF(0%) Cover=100% Switch=OFF Climate=ON(22.0°C,m=0) Fan=OFF(0%) Num=50.0 Sel=0 | stress: 50 temps, 0/20 sw ON, 10/10 lt ON
2026-04-11 11:04:47,041 [INFO] Broadcast 95 telegrams to 1 client(s) | Temp=24.9°C Hum=48.4% Light=OFF Dimmer=OFF(0%) Cover=100% Switch=OFF Climate=ON(22.0°C,m=0) Fan=OFF(0%) Num=50.0 Sel=0 | stress: 50 temps, 0/20 sw ON, 10/10 lt ON
2026-04-11 11:04:57,162 [INFO] Broadcast 95 telegrams to 1 client(s) | Temp=24.7°C Hum=48.8% Light=OFF Dimmer=OFF(0%) Cover=100% Switch=OFF Climate=ON(22.0°C,m=0) Fan=OFF(0%) Num=50.0 Sel=0 | stress: 50 temps, 0/20 sw ON, 10/10 lt ON
2026-04-11 11:05:07,526 [INFO] Broadcast 95 telegrams to 1 client(s) | Temp=24.4°C Hum=49.0% Light=OFF Dimmer=OFF(0%) Cover=100% Switch=OFF Climate=ON(22.0°C,m=0) Fan=OFF(0%) Num=50.0 Sel=0 | stress: 50 temps, 0/20 sw ON, 10/10 lt ON
2026-04-11 11:05:17,672 [INFO] Broadcast 95 telegrams to 1 client(s) | Temp=24.6°C Hum=48.9% Light=OFF Dimmer=OFF(0%) Cover=100% Switch=OFF Climate=ON(22.0°C,m=0) Fan=OFF(0%) Num=50.0 Sel=0 | stress: 50 temps, 0/20 sw ON, 10/10 lt ON
2026-04-11 11:05:27,765 [INFO] Broadcast 95 telegrams to 1 client(s) | Temp=24.6°C Hum=49.1% Light=OFF Dimmer=OFF(0%) Cover=100% Switch=OFF Climate=ON(22.0°C,m=0) Fan=OFF(0%) Num=50.0 Sel=0 | stress: 50 temps, 0/20 sw ON, 10/10 lt ON
2026-04-11 11:05:37,853 [INFO] Broadcast 95 telegrams to 1 client(s) | Temp=24.5°C Hum=49.4% Light=OFF Dimmer=OFF(0%) Cover=100% Switch=OFF Climate=ON(22.0°C,m=0) Fan=OFF(0%) Num=50.0 Sel=0 | stress: 50 temps, 0/20 sw ON, 10/10 lt ON
2026-04-11 11:05:47,992 [INFO] Broadcast 95 telegrams to 1 client(s) | Temp=24.5°C Hum=49.7% Light=OFF Dimmer=OFF(0%) Cover=100% Switch=OFF Climate=ON(22.0°C,m=0) Fan=OFF(0%) Num=50.0 Sel=0 | stress: 50 temps, 0/20 sw ON, 10/10 lt ON
2026-04-11 11:05:58,077 [INFO] Broadcast 95 telegrams to 1 client(s) | Temp=24.2°C Hum=49.6% Light=OFF Dimmer=OFF(0%) Cover=100% Switch=OFF Climate=ON(22.0°C,m=0) Fan=OFF(0%) Num=50.0 Sel=0 | stress: 50 temps, 0/20 sw ON, 10/10 lt ON
2026-04-11 11:06:08,178 [INFO] Broadcast 95 telegrams to 1 client(s) | Temp=23.9°C Hum=49.7% Light=OFF Dimmer=OFF(0%) Cover=100% Switch=OFF Climate=ON(22.0°C,m=0) Fan=OFF(0%) Num=50.0 Sel=0 | stress: 50 temps, 0/20 sw ON, 10/10 lt ON
2026-04-11 11:06:18,537 [INFO] Broadcast 95 telegrams to 1 client(s) | Temp=24.2°C Hum=49.5% Light=OFF Dimmer=OFF(0%) Cover=100% Switch=OFF Climate=ON(22.0°C,m=0) Fan=OFF(0%) Num=50.0 Sel=0 | stress: 50 temps, 0/20 sw ON, 10/10 lt ON
2026-04-11 11:06:28,633 [INFO] Broadcast 95 telegrams to 1 client(s) | Temp=23.9°C Hum=49.7% Light=OFF Dimmer=OFF(0%) Cover=100% Switch=OFF Climate=ON(22.0°C,m=0) Fan=OFF(0%) Num=50.0 Sel=0 | stress: 50 temps, 0/20 sw ON, 10/10 lt ON
2026-04-11 11:06:38,726 [INFO] Broadcast 95 telegrams to 1 client(s) | Temp=24.1°C Hum=49.6% Light=OFF Dimmer=OFF(0%) Cover=100% Switch=OFF Climate=ON(22.0°C,m=0) Fan=OFF(0%) Num=50.0 Sel=0 | stress: 50 temps, 0/20 sw ON, 10/10 lt ON
2026-04-11 11:06:48,822 [INFO] Broadcast 95 telegrams to 1 client(s) | Temp=24.3°C Hum=49.8% Light=OFF Dimmer=OFF(0%) Cover=100% Switch=OFF Climate=ON(22.0°C,m=0) Fan=OFF(0%) Num=50.0 Sel=0 | stress: 50 temps, 0/20 sw ON, 10/10 lt ON
2026-04-11 11:06:58,932 [INFO] Broadcast 95 telegrams to 1 client(s) | Temp=24.3°C Hum=49.6% Light=OFF Dimmer=OFF(0%) Cover=100% Switch=OFF Climate=ON(22.0°C,m=0) Fan=OFF(0%) Num=50.0 Sel=0 | stress: 50 temps, 0/20 sw ON, 10/10 lt ON
2026-04-11 11:07:09,018 [INFO] Broadcast 95 telegrams to 1 client(s) | Temp=24.2°C Hum=50.0% Light=OFF Dimmer=OFF(0%) Cover=100% Switch=OFF Climate=ON(22.0°C,m=0) Fan=OFF(0%) Num=50.0 Sel=0 | stress: 50 temps, 0/20 sw ON, 10/10 lt ON
2026-04-11 11:07:19,113 [INFO] Broadcast 95 telegrams to 1 client(s) | Temp=24.2°C Hum=49.5% Light=OFF Dimmer=OFF(0%) Cover=100% Switch=OFF Climate=ON(22.0°C,m=0) Fan=OFF(0%) Num=50.0 Sel=0 | stress: 50 temps, 0/20 sw ON, 10/10 lt ON
2026-04-11 11:07:29,545 [INFO] Broadcast 95 telegrams to 1 client(s) | Temp=24.1°C Hum=50.0% Light=OFF Dimmer=OFF(0%) Cover=100% Switch=OFF Climate=ON(22.0°C,m=0) Fan=OFF(0%) Num=50.0 Sel=0 | stress: 50 temps, 0/20 sw ON, 10/10 lt ON
2026-04-11 11:07:39,637 [INFO] Broadcast 95 telegrams to 1 client(s) | Temp=24.2°C Hum=50.3% Light=OFF Dimmer=OFF(0%) Cover=100% Switch=OFF Climate=ON(22.0°C,m=0) Fan=OFF(0%) Num=50.0 Sel=0 | stress: 50 temps, 0/20 sw ON, 10/10 lt ON
2026-04-11 11:07:49,729 [INFO] Broadcast 95 telegrams to 1 client(s) | Temp=24.2°C Hum=50.4% Light=OFF Dimmer=OFF(0%) Cover=100% Switch=OFF Climate=ON(22.0°C,m=0) Fan=OFF(0%) Num=50.0 Sel=0 | stress: 50 temps, 0/20 sw ON, 10/10 lt ON
2026-04-11 11:07:59,825 [INFO] Broadcast 95 telegrams to 1 client(s) | Temp=24.1°C Hum=50.4% Light=OFF Dimmer=OFF(0%) Cover=100% Switch=OFF Climate=ON(22.0°C,m=0) Fan=OFF(0%) Num=50.0 Sel=0 | stress: 50 temps, 0/20 sw ON, 10/10 lt ON
2026-04-11 11:08:09,919 [INFO] Broadcast 95 telegrams to 1 client(s) | Temp=24.1°C Hum=50.4% Light=OFF Dimmer=OFF(0%) Cover=100% Switch=OFF Climate=ON(22.0°C,m=0) Fan=OFF(0%) Num=50.0 Sel=0 | stress: 50 temps, 0/20 sw ON, 10/10 lt ON
2026-04-11 11:08:20,002 [INFO] Broadcast 95 telegrams to 1 client(s) | Temp=24.1°C Hum=49.9% Light=OFF Dimmer=OFF(0%) Cover=100% Switch=OFF Climate=ON(22.0°C,m=0) Fan=OFF(0%) Num=50.0 Sel=0 | stress: 50 temps, 0/20 sw ON, 10/10 lt ON
2026-04-11 11:08:30,102 [INFO] Broadcast 95 telegrams to 1 client(s) | Temp=24.0°C Hum=49.9% Light=OFF Dimmer=OFF(0%) Cover=100% Switch=OFF Climate=ON(22.0°C,m=0) Fan=OFF(0%) Num=50.0 Sel=0 | stress: 50 temps, 0/20 sw ON, 10/10 lt ON
2026-04-11 11:08:40,551 [INFO] Broadcast 95 telegrams to 1 client(s) | Temp=24.1°C Hum=50.2% Light=OFF Dimmer=OFF(0%) Cover=100% Switch=OFF Climate=ON(22.0°C,m=0) Fan=OFF(0%) Num=50.0 Sel=0 | stress: 50 temps, 0/20 sw ON, 10/10 lt ON
2026-04-11 11:08:50,653 [INFO] Broadcast 95 telegrams to 1 client(s) | Temp=24.0°C Hum=50.7% Light=OFF Dimmer=OFF(0%) Cover=100% Switch=OFF Climate=ON(22.0°C,m=0) Fan=OFF(0%) Num=50.0 Sel=0 | stress: 50 temps, 0/20 sw ON, 10/10 lt ON
2026-04-11 11:09:00,757 [INFO] Broadcast 95 telegrams to 1 client(s) | Temp=24.2°C Hum=51.1% Light=OFF Dimmer=OFF(0%) Cover=100% Switch=OFF Climate=ON(22.0°C,m=0) Fan=OFF(0%) Num=50.0 Sel=0 | stress: 50 temps, 0/20 sw ON, 10/10 lt ON
2026-04-11 11:09:10,902 [INFO] Broadcast 95 telegrams to 1 client(s) | Temp=24.2°C Hum=50.6% Light=OFF Dimmer=OFF(0%) Cover=100% Switch=OFF Climate=ON(22.0°C,m=0) Fan=OFF(0%) Num=50.0 Sel=0 | stress: 50 temps, 0/20 sw ON, 10/10 lt ON
2026-04-11 11:09:20,997 [INFO] Broadcast 95 telegrams to 1 client(s) | Temp=24.4°C Hum=50.2% Light=OFF Dimmer=OFF(0%) Cover=100% Switch=OFF Climate=ON(22.0°C,m=0) Fan=OFF(0%) Num=50.0 Sel=0 | stress: 50 temps, 0/20 sw ON, 10/10 lt ON
2026-04-11 11:09:31,096 [INFO] Broadcast 95 telegrams to 1 client(s) | Temp=24.6°C Hum=50.0% Light=OFF Dimmer=OFF(0%) Cover=100% Switch=OFF Climate=ON(22.0°C,m=0) Fan=OFF(0%) Num=50.0 Sel=0 | stress: 50 temps, 0/20 sw ON, 10/10 lt ON
2026-04-11 11:09:41,178 [INFO] Broadcast 95 telegrams to 1 client(s) | Temp=24.8°C Hum=50.2% Light=OFF Dimmer=OFF(0%) Cover=100% Switch=OFF Climate=ON(22.0°C,m=0) Fan=OFF(0%) Num=50.0 Sel=0 | stress: 50 temps, 0/20 sw ON, 10/10 lt ON
2026-04-11 11:09:51,556 [INFO] Broadcast 95 telegrams to 1 client(s) | Temp=24.5°C Hum=50.1% Light=OFF Dimmer=OFF(0%) Cover=100% Switch=OFF Climate=ON(22.0°C,m=0) Fan=OFF(0%) Num=50.0 Sel=0 | stress: 50 temps, 0/20 sw ON, 10/10 lt ON
2026-04-11 11:10:01,647 [INFO] Broadcast 95 telegrams to 1 client(s) | Temp=24.3°C Hum=50.0% Light=OFF Dimmer=OFF(0%) Cover=100% Switch=OFF Climate=ON(22.0°C,m=0) Fan=OFF(0%) Num=50.0 Sel=0 | stress: 50 temps, 0/20 sw ON, 10/10 lt ON
2026-04-11 11:10:11,758 [INFO] Broadcast 95 telegrams to 1 client(s) | Temp=24.1°C Hum=50.3% Light=OFF Dimmer=OFF(0%) Cover=100% Switch=OFF Climate=ON(22.0°C,m=0) Fan=OFF(0%) Num=50.0 Sel=0 | stress: 50 temps, 0/20 sw ON, 10/10 lt ON
2026-04-11 11:10:21,846 [INFO] Broadcast 95 telegrams to 1 client(s) | Temp=24.3°C Hum=50.7% Light=OFF Dimmer=OFF(0%) Cover=100% Switch=OFF Climate=ON(22.0°C,m=0) Fan=OFF(0%) Num=50.0 Sel=0 | stress: 50 temps, 0/20 sw ON, 10/10 lt ON
2026-04-11 11:10:31,932 [INFO] Broadcast 95 telegrams to 1 client(s) | Temp=24.3°C Hum=50.9% Light=OFF Dimmer=OFF(0%) Cover=100% Switch=OFF Climate=ON(22.0°C,m=0) Fan=OFF(0%) Num=50.0 Sel=0 | stress: 50 temps, 0/20 sw ON, 10/10 lt ON
2026-04-11 11:10:42,056 [INFO] Broadcast 95 telegrams to 1 client(s) | Temp=24.2°C Hum=50.7% Light=OFF Dimmer=OFF(0%) Cover=100% Switch=OFF Climate=ON(22.0°C,m=0) Fan=OFF(0%) Num=50.0 Sel=0 | stress: 50 temps, 0/20 sw ON, 10/10 lt ON
2026-04-11 11:10:52,148 [INFO] Broadcast 95 telegrams to 1 client(s) | Temp=23.9°C Hum=50.3% Light=OFF Dimmer=OFF(0%) Cover=100% Switch=OFF Climate=ON(22.0°C,m=0) Fan=OFF(0%) Num=50.0 Sel=0 | stress: 50 temps, 0/20 sw ON, 10/10 lt ON
2026-04-11 11:11:02,567 [INFO] Broadcast 95 telegrams to 1 client(s) | Temp=23.9°C Hum=50.4% Light=OFF Dimmer=OFF(0%) Cover=100% Switch=OFF Climate=ON(22.0°C,m=0) Fan=OFF(0%) Num=50.0 Sel=0 | stress: 50 temps, 0/20 sw ON, 10/10 lt ON
2026-04-11 11:11:12,675 [INFO] Broadcast 95 telegrams to 1 client(s) | Temp=23.8°C Hum=50.2% Light=OFF Dimmer=OFF(0%) Cover=100% Switch=OFF Climate=ON(22.0°C,m=0) Fan=OFF(0%) Num=50.0 Sel=0 | stress: 50 temps, 0/20 sw ON, 10/10 lt ON
2026-04-11 11:11:22,762 [INFO] Broadcast 95 telegrams to 1 client(s) | Temp=23.9°C Hum=50.1% Light=OFF Dimmer=OFF(0%) Cover=100% Switch=OFF Climate=ON(22.0°C,m=0) Fan=OFF(0%) Num=50.0 Sel=0 | stress: 50 temps, 0/20 sw ON, 10/10 lt ON
2026-04-11 11:11:32,877 [INFO] Broadcast 95 telegrams to 1 client(s) | Temp=23.7°C Hum=50.1% Light=OFF Dimmer=OFF(0%) Cover=100% Switch=OFF Climate=ON(22.0°C,m=0) Fan=OFF(0%) Num=50.0 Sel=0 | stress: 50 temps, 0/20 sw ON, 10/10 lt ON
2026-04-11 11:11:42,969 [INFO] Broadcast 95 telegrams to 1 client(s) | Temp=23.4°C Hum=49.7% Light=OFF Dimmer=OFF(0%) Cover=100% Switch=OFF Climate=ON(22.0°C,m=0) Fan=OFF(0%) Num=50.0 Sel=0 | stress: 50 temps, 0/20 sw ON, 10/10 lt ON
2026-04-11 11:11:53,072 [INFO] Broadcast 95 telegrams to 1 client(s) | Temp=23.4°C Hum=49.6% Light=OFF Dimmer=OFF(0%) Cover=100% Switch=OFF Climate=ON(22.0°C,m=0) Fan=OFF(0%) Num=50.0 Sel=0 | stress: 50 temps, 0/20 sw ON, 10/10 lt ON
2026-04-11 11:12:03,190 [INFO] Broadcast 95 telegrams to 1 client(s) | Temp=23.3°C Hum=50.1% Light=OFF Dimmer=OFF(0%) Cover=100% Switch=OFF Climate=ON(22.0°C,m=0) Fan=OFF(0%) Num=50.0 Sel=0 | stress: 50 temps, 0/20 sw ON, 10/10 lt ON
2026-04-11 11:12:13,573 [INFO] Broadcast 95 telegrams to 1 client(s) | Temp=23.1°C Hum=50.2% Light=OFF Dimmer=OFF(0%) Cover=100% Switch=OFF Climate=ON(22.0°C,m=0) Fan=OFF(0%) Num=50.0 Sel=0 | stress: 50 temps, 0/20 sw ON, 10/10 lt ON
2026-04-11 11:12:23,699 [INFO] Broadcast 95 telegrams to 1 client(s) | Temp=23.0°C Hum=49.9% Light=OFF Dimmer=OFF(0%) Cover=100% Switch=OFF Climate=ON(22.0°C,m=0) Fan=OFF(0%) Num=50.0 Sel=0 | stress: 50 temps, 0/20 sw ON, 10/10 lt ON
2026-04-11 11:12:33,799 [INFO] Broadcast 95 telegrams to 1 client(s) | Temp=22.7°C Hum=49.5% Light=OFF Dimmer=OFF(0%) Cover=100% Switch=OFF Climate=ON(22.0°C,m=0) Fan=OFF(0%) Num=50.0 Sel=0 | stress: 50 temps, 0/20 sw ON, 10/10 lt ON
2026-04-11 11:12:43,892 [INFO] Broadcast 95 telegrams to 1 client(s) | Temp=22.5°C Hum=49.5% Light=OFF Dimmer=OFF(0%) Cover=100% Switch=OFF Climate=ON(22.0°C,m=0) Fan=OFF(0%) Num=50.0 Sel=0 | stress: 50 temps, 0/20 sw ON, 10/10 lt ON
2026-04-11 11:12:54,031 [INFO] Broadcast 95 telegrams to 1 client(s) | Temp=22.5°C Hum=49.3% Light=OFF Dimmer=OFF(0%) Cover=100% Switch=OFF Climate=ON(22.0°C,m=0) Fan=OFF(0%) Num=50.0 Sel=0 | stress: 50 temps, 0/20 sw ON, 10/10 lt ON
2026-04-11 11:13:04,147 [INFO] Broadcast 95 telegrams to 1 client(s) | Temp=22.7°C Hum=49.2% Light=OFF Dimmer=OFF(0%) Cover=100% Switch=OFF Climate=ON(22.0°C,m=0) Fan=OFF(0%) Num=50.0 Sel=0 | stress: 50 temps, 0/20 sw ON, 10/10 lt ON
2026-04-11 11:13:14,249 [INFO] Broadcast 95 telegrams to 1 client(s) | Temp=22.6°C Hum=49.5% Light=OFF Dimmer=OFF(0%) Cover=100% Switch=OFF Climate=ON(22.0°C,m=0) Fan=OFF(0%) Num=50.0 Sel=0 | stress: 50 temps, 0/20 sw ON, 10/10 lt ON
2026-04-11 11:13:24,575 [INFO] Broadcast 95 telegrams to 1 client(s) | Temp=22.9°C Hum=50.0% Light=OFF Dimmer=OFF(0%) Cover=100% Switch=OFF Climate=ON(22.0°C,m=0) Fan=OFF(0%) Num=50.0 Sel=0 | stress: 50 temps, 0/20 sw ON, 10/10 lt ON
2026-04-11 11:13:34,665 [INFO] Broadcast 95 telegrams to 1 client(s) | Temp=23.0°C Hum=49.9% Light=OFF Dimmer=OFF(0%) Cover=100% Switch=OFF Climate=ON(22.0°C,m=0) Fan=OFF(0%) Num=50.0 Sel=0 | stress: 50 temps, 0/20 sw ON, 10/10 lt ON
2026-04-11 11:13:44,760 [INFO] Broadcast 95 telegrams to 1 client(s) | Temp=23.1°C Hum=49.6% Light=OFF Dimmer=OFF(0%) Cover=100% Switch=OFF Climate=ON(22.0°C,m=0) Fan=OFF(0%) Num=50.0 Sel=0 | stress: 50 temps, 0/20 sw ON, 10/10 lt ON
2026-04-11 11:13:54,858 [INFO] Broadcast 95 telegrams to 1 client(s) | Temp=23.4°C Hum=49.9% Light=OFF Dimmer=OFF(0%) Cover=100% Switch=OFF Climate=ON(22.0°C,m=0) Fan=OFF(0%) Num=50.0 Sel=0 | stress: 50 temps, 0/20 sw ON, 10/10 lt ON
2026-04-11 11:14:04,948 [INFO] Broadcast 95 telegrams to 1 client(s) | Temp=23.7°C Hum=49.8% Light=OFF Dimmer=OFF(0%) Cover=100% Switch=OFF Climate=ON(22.0°C,m=0) Fan=OFF(0%) Num=50.0 Sel=0 | stress: 50 temps, 0/20 sw ON, 10/10 lt ON
2026-04-11 11:14:15,054 [INFO] Broadcast 95 telegrams to 1 client(s) | Temp=23.6°C Hum=50.3% Light=OFF Dimmer=OFF(0%) Cover=100% Switch=OFF Climate=ON(22.0°C,m=0) Fan=OFF(0%) Num=50.0 Sel=0 | stress: 50 temps, 0/20 sw ON, 10/10 lt ON
2026-04-11 11:14:25,575 [INFO] Broadcast 95 telegrams to 1 client(s) | Temp=23.8°C Hum=50.6% Light=OFF Dimmer=OFF(0%) Cover=100% Switch=OFF Climate=ON(22.0°C,m=0) Fan=OFF(0%) Num=50.0 Sel=0 | stress: 50 temps, 0/20 sw ON, 10/10 lt ON
2026-04-11 11:14:35,657 [INFO] Broadcast 95 telegrams to 1 client(s) | Temp=23.7°C Hum=50.4% Light=OFF Dimmer=OFF(0%) Cover=100% Switch=OFF Climate=ON(22.0°C,m=0) Fan=OFF(0%) Num=50.0 Sel=0 | stress: 50 temps, 0/20 sw ON, 10/10 lt ON
2026-04-11 11:14:45,748 [INFO] Broadcast 95 telegrams to 1 client(s) | Temp=24.0°C Hum=50.4% Light=OFF Dimmer=OFF(0%) Cover=100% Switch=OFF Climate=ON(22.0°C,m=0) Fan=OFF(0%) Num=50.0 Sel=0 | stress: 50 temps, 0/20 sw ON, 10/10 lt ON
2026-04-11 11:14:55,841 [INFO] Broadcast 95 telegrams to 1 client(s) | Temp=24.0°C Hum=50.4% Light=OFF Dimmer=OFF(0%) Cover=100% Switch=OFF Climate=ON(22.0°C,m=0) Fan=OFF(0%) Num=50.0 Sel=0 | stress: 50 temps, 0/20 sw ON, 10/10 lt ON
2026-04-11 11:15:05,951 [INFO] Broadcast 95 telegrams to 1 client(s) | Temp=24.0°C Hum=50.8% Light=OFF Dimmer=OFF(0%) Cover=100% Switch=OFF Climate=ON(22.0°C,m=0) Fan=OFF(0%) Num=50.0 Sel=0 | stress: 50 temps, 0/20 sw ON, 10/10 lt ON
2026-04-11 11:15:16,045 [INFO] Broadcast 95 telegrams to 1 client(s) | Temp=23.8°C Hum=51.2% Light=OFF Dimmer=OFF(0%) Cover=100% Switch=OFF Climate=ON(22.0°C,m=0) Fan=OFF(0%) Num=50.0 Sel=0 | stress: 50 temps, 0/20 sw ON, 10/10 lt ON
2026-04-11 11:15:26,132 [INFO] Broadcast 95 telegrams to 1 client(s) | Temp=23.8°C Hum=51.1% Light=OFF Dimmer=OFF(0%) Cover=100% Switch=OFF Climate=ON(22.0°C,m=0) Fan=OFF(0%) Num=50.0 Sel=0 | stress: 50 temps, 0/20 sw ON, 10/10 lt ON
2026-04-11 11:15:36,588 [INFO] Broadcast 95 telegrams to 1 client(s) | Temp=24.0°C Hum=50.8% Light=OFF Dimmer=OFF(0%) Cover=100% Switch=OFF Climate=ON(22.0°C,m=0) Fan=OFF(0%) Num=50.0 Sel=0 | stress: 50 temps, 0/20 sw ON, 10/10 lt ON
2026-04-11 11:15:46,682 [INFO] Broadcast 95 telegrams to 1 client(s) | Temp=24.2°C Hum=51.0% Light=OFF Dimmer=OFF(0%) Cover=100% Switch=OFF Climate=ON(22.0°C,m=0) Fan=OFF(0%) Num=50.0 Sel=0 | stress: 50 temps, 0/20 sw ON, 10/10 lt ON
2026-04-11 11:15:56,779 [INFO] Broadcast 95 telegrams to 1 client(s) | Temp=24.1°C Hum=51.0% Light=OFF Dimmer=OFF(0%) Cover=100% Switch=OFF Climate=ON(22.0°C,m=0) Fan=OFF(0%) Num=50.0 Sel=0 | stress: 50 temps, 0/20 sw ON, 10/10 lt ON
2026-04-11 11:16:06,873 [INFO] Broadcast 95 telegrams to 1 client(s) | Temp=24.0°C Hum=50.8% Light=OFF Dimmer=OFF(0%) Cover=100% Switch=OFF Climate=ON(22.0°C,m=0) Fan=OFF(0%) Num=50.0 Sel=0 | stress: 50 temps, 0/20 sw ON, 10/10 lt ON
2026-04-11 11:16:16,979 [INFO] Broadcast 95 telegrams to 1 client(s) | Temp=23.8°C Hum=50.9% Light=OFF Dimmer=OFF(0%) Cover=100% Switch=OFF Climate=ON(22.0°C,m=0) Fan=OFF(0%) Num=50.0 Sel=0 | stress: 50 temps, 0/20 sw ON, 10/10 lt ON
2026-04-11 11:16:27,093 [INFO] Broadcast 95 telegrams to 1 client(s) | Temp=23.5°C Hum=51.2% Light=OFF Dimmer=OFF(0%) Cover=100% Switch=OFF Climate=ON(22.0°C,m=0) Fan=OFF(0%) Num=50.0 Sel=0 | stress: 50 temps, 0/20 sw ON, 10/10 lt ON
2026-04-11 11:16:37,205 [INFO] Broadcast 95 telegrams to 1 client(s) | Temp=23.7°C Hum=51.1% Light=OFF Dimmer=OFF(0%) Cover=100% Switch=OFF Climate=ON(22.0°C,m=0) Fan=OFF(0%) Num=50.0 Sel=0 | stress: 50 temps, 0/20 sw ON, 10/10 lt ON
2026-04-11 11:16:47,595 [INFO] Broadcast 95 telegrams to 1 client(s) | Temp=23.5°C Hum=51.3% Light=OFF Dimmer=OFF(0%) Cover=100% Switch=OFF Climate=ON(22.0°C,m=0) Fan=OFF(0%) Num=50.0 Sel=0 | stress: 50 temps, 0/20 sw ON, 10/10 lt ON
2026-04-11 11:16:57,685 [INFO] Broadcast 95 telegrams to 1 client(s) | Temp=23.4°C Hum=51.0% Light=OFF Dimmer=OFF(0%) Cover=100% Switch=OFF Climate=ON(22.0°C,m=0) Fan=OFF(0%) Num=50.0 Sel=0 | stress: 50 temps, 0/20 sw ON, 10/10 lt ON
2026-04-11 11:17:07,772 [INFO] Broadcast 95 telegrams to 1 client(s) | Temp=23.3°C Hum=50.6% Light=OFF Dimmer=OFF(0%) Cover=100% Switch=OFF Climate=ON(22.0°C,m=0) Fan=OFF(0%) Num=50.0 Sel=0 | stress: 50 temps, 0/20 sw ON, 10/10 lt ON
2026-04-11 11:17:17,873 [INFO] Broadcast 95 telegrams to 1 client(s) | Temp=23.1°C Hum=50.6% Light=OFF Dimmer=OFF(0%) Cover=100% Switch=OFF Climate=ON(22.0°C,m=0) Fan=OFF(0%) Num=50.0 Sel=0 | stress: 50 temps, 0/20 sw ON, 10/10 lt ON
2026-04-11 11:17:27,973 [INFO] Broadcast 95 telegrams to 1 client(s) | Temp=23.0°C Hum=50.6% Light=OFF Dimmer=OFF(0%) Cover=100% Switch=OFF Climate=ON(22.0°C,m=0) Fan=OFF(0%) Num=50.0 Sel=0 | stress: 50 temps, 0/20 sw ON, 10/10 lt ON
2026-04-11 11:17:38,077 [INFO] Broadcast 95 telegrams to 1 client(s) | Temp=22.8°C Hum=50.9% Light=OFF Dimmer=OFF(0%) Cover=100% Switch=OFF Climate=ON(22.0°C,m=0) Fan=OFF(0%) Num=50.0 Sel=0 | stress: 50 temps, 0/20 sw ON, 10/10 lt ON
2026-04-11 11:17:48,175 [INFO] Broadcast 95 telegrams to 1 client(s) | Temp=22.6°C Hum=50.7% Light=OFF Dimmer=OFF(0%) Cover=100% Switch=OFF Climate=ON(22.0°C,m=0) Fan=OFF(0%) Num=50.0 Sel=0 | stress: 50 temps, 0/20 sw ON, 10/10 lt ON
2026-04-11 11:17:58,605 [INFO] Broadcast 95 telegrams to 1 client(s) | Temp=22.6°C Hum=50.2% Light=OFF Dimmer=OFF(0%) Cover=100% Switch=OFF Climate=ON(22.0°C,m=0) Fan=OFF(0%) Num=50.0 Sel=0 | stress: 50 temps, 0/20 sw ON, 10/10 lt ON
2026-04-11 11:18:08,694 [INFO] Broadcast 95 telegrams to 1 client(s) | Temp=22.5°C Hum=50.7% Light=OFF Dimmer=OFF(0%) Cover=100% Switch=OFF Climate=ON(22.0°C,m=0) Fan=OFF(0%) Num=50.0 Sel=0 | stress: 50 temps, 0/20 sw ON, 10/10 lt ON
2026-04-11 11:18:18,794 [INFO] Broadcast 95 telegrams to 1 client(s) | Temp=22.8°C Hum=50.7% Light=OFF Dimmer=OFF(0%) Cover=100% Switch=OFF Climate=ON(22.0°C,m=0) Fan=OFF(0%) Num=50.0 Sel=0 | stress: 50 temps, 0/20 sw ON, 10/10 lt ON
2026-04-11 11:18:28,887 [INFO] Broadcast 95 telegrams to 1 client(s) | Temp=22.6°C Hum=50.7% Light=OFF Dimmer=OFF(0%) Cover=100% Switch=OFF Climate=ON(22.0°C,m=0) Fan=OFF(0%) Num=50.0 Sel=0 | stress: 50 temps, 0/20 sw ON, 10/10 lt ON
2026-04-11 11:18:38,974 [INFO] Broadcast 95 telegrams to 1 client(s) | Temp=22.4°C Hum=51.2% Light=OFF Dimmer=OFF(0%) Cover=100% Switch=OFF Climate=ON(22.0°C,m=0) Fan=OFF(0%) Num=50.0 Sel=0 | stress: 50 temps, 0/20 sw ON, 10/10 lt ON
2026-04-11 11:18:49,058 [INFO] Broadcast 95 telegrams to 1 client(s) | Temp=22.3°C Hum=50.9% Light=OFF Dimmer=OFF(0%) Cover=100% Switch=OFF Climate=ON(22.0°C,m=0) Fan=OFF(0%) Num=50.0 Sel=0 | stress: 50 temps, 0/20 sw ON, 10/10 lt ON
2026-04-11 11:18:59,151 [INFO] Broadcast 95 telegrams to 1 client(s) | Temp=22.1°C Hum=51.0% Light=OFF Dimmer=OFF(0%) Cover=100% Switch=OFF Climate=ON(22.0°C,m=0) Fan=OFF(0%) Num=50.0 Sel=0 | stress: 50 temps, 0/20 sw ON, 10/10 lt ON
2026-04-11 11:19:09,611 [INFO] Broadcast 95 telegrams to 1 client(s) | Temp=22.2°C Hum=51.0% Light=OFF Dimmer=OFF(0%) Cover=100% Switch=OFF Climate=ON(22.0°C,m=0) Fan=OFF(0%) Num=50.0 Sel=0 | stress: 50 temps, 0/20 sw ON, 10/10 lt ON
2026-04-11 11:19:19,699 [INFO] Broadcast 95 telegrams to 1 client(s) | Temp=22.0°C Hum=51.3% Light=OFF Dimmer=OFF(0%) Cover=100% Switch=OFF Climate=ON(22.0°C,m=0) Fan=OFF(0%) Num=50.0 Sel=0 | stress: 50 temps, 0/20 sw ON, 10/10 lt ON
2026-04-11 11:19:29,786 [INFO] Broadcast 95 telegrams to 1 client(s) | Temp=22.1°C Hum=51.4% Light=OFF Dimmer=OFF(0%) Cover=100% Switch=OFF Climate=ON(22.0°C,m=0) Fan=OFF(0%) Num=50.0 Sel=0 | stress: 50 temps, 0/20 sw ON, 10/10 lt ON
2026-04-11 11:19:39,882 [INFO] Broadcast 95 telegrams to 1 client(s) | Temp=22.0°C Hum=51.1% Light=OFF Dimmer=OFF(0%) Cover=100% Switch=OFF Climate=ON(22.0°C,m=0) Fan=OFF(0%) Num=50.0 Sel=0 | stress: 50 temps, 0/20 sw ON, 10/10 lt ON
2026-04-11 11:19:49,981 [INFO] Broadcast 95 telegrams to 1 client(s) | Temp=22.3°C Hum=51.0% Light=OFF Dimmer=OFF(0%) Cover=100% Switch=OFF Climate=ON(22.0°C,m=0) Fan=OFF(0%) Num=50.0 Sel=0 | stress: 50 temps, 0/20 sw ON, 10/10 lt ON
2026-04-11 11:20:00,079 [INFO] Broadcast 95 telegrams to 1 client(s) | Temp=22.3°C Hum=50.7% Light=OFF Dimmer=OFF(0%) Cover=100% Switch=OFF Climate=ON(22.0°C,m=0) Fan=OFF(0%) Num=50.0 Sel=0 | stress: 50 temps, 0/20 sw ON, 10/10 lt ON
2026-04-11 11:20:10,204 [INFO] Broadcast 95 telegrams to 1 client(s) | Temp=22.6°C Hum=50.3% Light=OFF Dimmer=OFF(0%) Cover=100% Switch=OFF Climate=ON(22.0°C,m=0) Fan=OFF(0%) Num=50.0 Sel=0 | stress: 50 temps, 0/20 sw ON, 10/10 lt ON
2026-04-11 11:20:20,622 [INFO] Broadcast 95 telegrams to 1 client(s) | Temp=22.3°C Hum=49.9% Light=OFF Dimmer=OFF(0%) Cover=100% Switch=OFF Climate=ON(22.0°C,m=0) Fan=OFF(0%) Num=50.0 Sel=0 | stress: 50 temps, 0/20 sw ON, 10/10 lt ON
2026-04-11 11:20:30,712 [INFO] Broadcast 95 telegrams to 1 client(s) | Temp=22.0°C Hum=50.4% Light=OFF Dimmer=OFF(0%) Cover=100% Switch=OFF Climate=ON(22.0°C,m=0) Fan=OFF(0%) Num=50.0 Sel=0 | stress: 50 temps, 0/20 sw ON, 10/10 lt ON
2026-04-11 11:20:40,801 [INFO] Broadcast 95 telegrams to 1 client(s) | Temp=22.1°C Hum=50.1% Light=OFF Dimmer=OFF(0%) Cover=100% Switch=OFF Climate=ON(22.0°C,m=0) Fan=OFF(0%) Num=50.0 Sel=0 | stress: 50 temps, 0/20 sw ON, 10/10 lt ON
2026-04-11 11:20:50,911 [INFO] Broadcast 95 telegrams to 1 client(s) | Temp=22.0°C Hum=50.0% Light=OFF Dimmer=OFF(0%) Cover=100% Switch=OFF Climate=ON(22.0°C,m=0) Fan=OFF(0%) Num=50.0 Sel=0 | stress: 50 temps, 0/20 sw ON, 10/10 lt ON
2026-04-11 11:21:01,021 [INFO] Broadcast 95 telegrams to 1 client(s) | Temp=21.8°C Hum=49.7% Light=OFF Dimmer=OFF(0%) Cover=100% Switch=OFF Climate=ON(22.0°C,m=0) Fan=OFF(0%) Num=50.0 Sel=0 | stress: 50 temps, 0/20 sw ON, 10/10 lt ON
2026-04-11 11:21:11,114 [INFO] Broadcast 95 telegrams to 1 client(s) | Temp=21.9°C Hum=49.3% Light=OFF Dimmer=OFF(0%) Cover=100% Switch=OFF Climate=ON(22.0°C,m=0) Fan=OFF(0%) Num=50.0 Sel=0 | stress: 50 temps, 0/20 sw ON, 10/10 lt ON
2026-04-11 11:21:21,230 [INFO] Broadcast 95 telegrams to 1 client(s) | Temp=21.9°C Hum=48.9% Light=OFF Dimmer=OFF(0%) Cover=100% Switch=OFF Climate=ON(22.0°C,m=0) Fan=OFF(0%) Num=50.0 Sel=0 | stress: 50 temps, 0/20 sw ON, 10/10 lt ON
2026-04-11 11:21:31,629 [INFO] Broadcast 95 telegrams to 1 client(s) | Temp=21.8°C Hum=48.4% Light=OFF Dimmer=OFF(0%) Cover=100% Switch=OFF Climate=ON(22.0°C,m=0) Fan=OFF(0%) Num=50.0 Sel=0 | stress: 50 temps, 0/20 sw ON, 10/10 lt ON
2026-04-11 11:21:41,738 [INFO] Broadcast 95 telegrams to 1 client(s) | Temp=21.6°C Hum=48.3% Light=OFF Dimmer=OFF(0%) Cover=100% Switch=OFF Climate=ON(22.0°C,m=0) Fan=OFF(0%) Num=50.0 Sel=0 | stress: 50 temps, 0/20 sw ON, 10/10 lt ON
2026-04-11 11:21:51,832 [INFO] Broadcast 95 telegrams to 1 client(s) | Temp=21.3°C Hum=48.2% Light=OFF Dimmer=OFF(0%) Cover=100% Switch=OFF Climate=ON(22.0°C,m=0) Fan=OFF(0%) Num=50.0 Sel=0 | stress: 50 temps, 0/20 sw ON, 10/10 lt ON
2026-04-11 11:22:01,925 [INFO] Broadcast 95 telegrams to 1 client(s) | Temp=21.2°C Hum=47.9% Light=OFF Dimmer=OFF(0%) Cover=100% Switch=OFF Climate=ON(22.0°C,m=0) Fan=OFF(0%) Num=50.0 Sel=0 | stress: 50 temps, 0/20 sw ON, 10/10 lt ON
2026-04-11 11:22:12,031 [INFO] Broadcast 95 telegrams to 1 client(s) | Temp=21.5°C Hum=47.8% Light=OFF Dimmer=OFF(0%) Cover=100% Switch=OFF Climate=ON(22.0°C,m=0) Fan=OFF(0%) Num=50.0 Sel=0 | stress: 50 temps, 0/20 sw ON, 10/10 lt ON
2026-04-11 11:22:22,130 [INFO] Broadcast 95 telegrams to 1 client(s) | Temp=21.2°C Hum=47.3% Light=OFF Dimmer=OFF(0%) Cover=100% Switch=OFF Climate=ON(22.0°C,m=0) Fan=OFF(0%) Num=50.0 Sel=0 | stress: 50 temps, 0/20 sw ON, 10/10 lt ON
2026-04-11 11:22:32,239 [INFO] Broadcast 95 telegrams to 1 client(s) | Temp=21.0°C Hum=47.7% Light=OFF Dimmer=OFF(0%) Cover=100% Switch=OFF Climate=ON(22.0°C,m=0) Fan=OFF(0%) Num=50.0 Sel=0 | stress: 50 temps, 0/20 sw ON, 10/10 lt ON
2026-04-11 11:22:42,635 [INFO] Broadcast 95 telegrams to 1 client(s) | Temp=20.8°C Hum=48.0% Light=OFF Dimmer=OFF(0%) Cover=100% Switch=OFF Climate=ON(22.0°C,m=0) Fan=OFF(0%) Num=50.0 Sel=0 | stress: 50 temps, 0/20 sw ON, 10/10 lt ON
2026-04-11 11:22:52,729 [INFO] Broadcast 95 telegrams to 1 client(s) | Temp=20.7°C Hum=47.7% Light=OFF Dimmer=OFF(0%) Cover=100% Switch=OFF Climate=ON(22.0°C,m=0) Fan=OFF(0%) Num=50.0 Sel=0 | stress: 50 temps, 0/20 sw ON, 10/10 lt ON
2026-04-11 11:23:02,848 [INFO] Broadcast 95 telegrams to 1 client(s) | Temp=20.7°C Hum=47.5% Light=OFF Dimmer=OFF(0%) Cover=100% Switch=OFF Climate=ON(22.0°C,m=0) Fan=OFF(0%) Num=50.0 Sel=0 | stress: 50 temps, 0/20 sw ON, 10/10 lt ON
2026-04-11 11:23:12,932 [INFO] Broadcast 95 telegrams to 1 client(s) | Temp=20.9°C Hum=47.3% Light=OFF Dimmer=OFF(0%) Cover=100% Switch=OFF Climate=ON(22.0°C,m=0) Fan=OFF(0%) Num=50.0 Sel=0 | stress: 50 temps, 0/20 sw ON, 10/10 lt ON
2026-04-11 11:23:23,037 [INFO] Broadcast 95 telegrams to 1 client(s) | Temp=21.0°C Hum=47.8% Light=OFF Dimmer=OFF(0%) Cover=100% Switch=OFF Climate=ON(22.0°C,m=0) Fan=OFF(0%) Num=50.0 Sel=0 | stress: 50 temps, 0/20 sw ON, 10/10 lt ON
2026-04-11 11:23:33,132 [INFO] Broadcast 95 telegrams to 1 client(s) | Temp=20.9°C Hum=47.8% Light=OFF Dimmer=OFF(0%) Cover=100% Switch=OFF Climate=ON(22.0°C,m=0) Fan=OFF(0%) Num=50.0 Sel=0 | stress: 50 temps, 0/20 sw ON, 10/10 lt ON
2026-04-11 11:23:43,230 [INFO] Broadcast 95 telegrams to 1 client(s) | Temp=20.7°C Hum=47.7% Light=OFF Dimmer=OFF(0%) Cover=100% Switch=OFF Climate=ON(22.0°C,m=0) Fan=OFF(0%) Num=50.0 Sel=0 | stress: 50 temps, 0/20 sw ON, 10/10 lt ON
2026-04-11 11:23:53,640 [INFO] Broadcast 95 telegrams to 1 client(s) | Temp=20.5°C Hum=47.2% Light=OFF Dimmer=OFF(0%) Cover=100% Switch=OFF Climate=ON(22.0°C,m=0) Fan=OFF(0%) Num=50.0 Sel=0 | stress: 50 temps, 0/20 sw ON, 10/10 lt ON
2026-04-11 11:24:03,729 [INFO] Broadcast 95 telegrams to 1 client(s) | Temp=20.5°C Hum=47.7% Light=OFF Dimmer=OFF(0%) Cover=100% Switch=OFF Climate=ON(22.0°C,m=0) Fan=OFF(0%) Num=50.0 Sel=0 | stress: 50 temps, 0/20 sw ON, 10/10 lt ON
2026-04-11 11:24:13,824 [INFO] Broadcast 95 telegrams to 1 client(s) | Temp=20.5°C Hum=48.0% Light=OFF Dimmer=OFF(0%) Cover=100% Switch=OFF Climate=ON(22.0°C,m=0) Fan=OFF(0%) Num=50.0 Sel=0 | stress: 50 temps, 0/20 sw ON, 10/10 lt ON
2026-04-11 11:24:23,933 [INFO] Broadcast 95 telegrams to 1 client(s) | Temp=20.6°C Hum=47.9% Light=OFF Dimmer=OFF(0%) Cover=100% Switch=OFF Climate=ON(22.0°C,m=0) Fan=OFF(0%) Num=50.0 Sel=0 | stress: 50 temps, 0/20 sw ON, 10/10 lt ON
2026-04-11 11:24:34,036 [INFO] Broadcast 95 telegrams to 1 client(s) | Temp=20.5°C Hum=48.2% Light=OFF Dimmer=OFF(0%) Cover=100% Switch=OFF Climate=ON(22.0°C,m=0) Fan=OFF(0%) Num=50.0 Sel=0 | stress: 50 temps, 0/20 sw ON, 10/10 lt ON
2026-04-11 11:24:44,130 [INFO] Broadcast 95 telegrams to 1 client(s) | Temp=20.6°C Hum=47.8% Light=OFF Dimmer=OFF(0%) Cover=100% Switch=OFF Climate=ON(22.0°C,m=0) Fan=OFF(0%) Num=50.0 Sel=0 | stress: 50 temps, 0/20 sw ON, 10/10 lt ON
2026-04-11 11:24:54,240 [INFO] Broadcast 95 telegrams to 1 client(s) | Temp=20.6°C Hum=47.8% Light=OFF Dimmer=OFF(0%) Cover=100% Switch=OFF Climate=ON(22.0°C,m=0) Fan=OFF(0%) Num=50.0 Sel=0 | stress: 50 temps, 0/20 sw ON, 10/10 lt ON
2026-04-11 11:25:04,643 [INFO] Broadcast 95 telegrams to 1 client(s) | Temp=20.5°C Hum=48.2% Light=OFF Dimmer=OFF(0%) Cover=100% Switch=OFF Climate=ON(22.0°C,m=0) Fan=OFF(0%) Num=50.0 Sel=0 | stress: 50 temps, 0/20 sw ON, 10/10 lt ON
2026-04-11 11:25:14,740 [INFO] Broadcast 95 telegrams to 1 client(s) | Temp=20.8°C Hum=47.9% Light=OFF Dimmer=OFF(0%) Cover=100% Switch=OFF Climate=ON(22.0°C,m=0) Fan=OFF(0%) Num=50.0 Sel=0 | stress: 50 temps, 0/20 sw ON, 10/10 lt ON
2026-04-11 11:25:24,846 [INFO] Broadcast 95 telegrams to 1 client(s) | Temp=21.0°C Hum=47.8% Light=OFF Dimmer=OFF(0%) Cover=100% Switch=OFF Climate=ON(22.0°C,m=0) Fan=OFF(0%) Num=50.0 Sel=0 | stress: 50 temps, 0/20 sw ON, 10/10 lt ON
2026-04-11 11:25:34,934 [INFO] Broadcast 95 telegrams to 1 client(s) | Temp=20.9°C Hum=47.8% Light=OFF Dimmer=OFF(0%) Cover=100% Switch=OFF Climate=ON(22.0°C,m=0) Fan=OFF(0%) Num=50.0 Sel=0 | stress: 50 temps, 0/20 sw ON, 10/10 lt ON
2026-04-11 11:25:45,057 [INFO] Broadcast 95 telegrams to 1 client(s) | Temp=21.1°C Hum=47.8% Light=OFF Dimmer=OFF(0%) Cover=100% Switch=OFF Climate=ON(22.0°C,m=0) Fan=OFF(0%) Num=50.0 Sel=0 | stress: 50 temps, 0/20 sw ON, 10/10 lt ON
2026-04-11 11:25:55,158 [INFO] Broadcast 95 telegrams to 1 client(s) | Temp=20.9°C Hum=48.2% Light=OFF Dimmer=OFF(0%) Cover=100% Switch=OFF Climate=ON(22.0°C,m=0) Fan=OFF(0%) Num=50.0 Sel=0 | stress: 50 temps, 0/20 sw ON, 10/10 lt ON
2026-04-11 11:26:05,641 [INFO] Broadcast 95 telegrams to 1 client(s) | Temp=20.9°C Hum=47.9% Light=OFF Dimmer=OFF(0%) Cover=100% Switch=OFF Climate=ON(22.0°C,m=0) Fan=OFF(0%) Num=50.0 Sel=0 | stress: 50 temps, 0/20 sw ON, 10/10 lt ON
2026-04-11 11:26:15,730 [INFO] Broadcast 95 telegrams to 1 client(s) | Temp=20.8°C Hum=48.4% Light=OFF Dimmer=OFF(0%) Cover=100% Switch=OFF Climate=ON(22.0°C,m=0) Fan=OFF(0%) Num=50.0 Sel=0 | stress: 50 temps, 0/20 sw ON, 10/10 lt ON
2026-04-11 11:26:25,818 [INFO] Broadcast 95 telegrams to 1 client(s) | Temp=20.6°C Hum=48.5% Light=OFF Dimmer=OFF(0%) Cover=100% Switch=OFF Climate=ON(22.0°C,m=0) Fan=OFF(0%) Num=50.0 Sel=0 | stress: 50 temps, 0/20 sw ON, 10/10 lt ON
2026-04-11 11:26:35,941 [INFO] Broadcast 95 telegrams to 1 client(s) | Temp=20.4°C Hum=48.1% Light=OFF Dimmer=OFF(0%) Cover=100% Switch=OFF Climate=ON(22.0°C,m=0) Fan=OFF(0%) Num=50.0 Sel=0 | stress: 50 temps, 0/20 sw ON, 10/10 lt ON
2026-04-11 11:26:46,030 [INFO] Broadcast 95 telegrams to 1 client(s) | Temp=20.3°C Hum=47.8% Light=OFF Dimmer=OFF(0%) Cover=100% Switch=OFF Climate=ON(22.0°C,m=0) Fan=OFF(0%) Num=50.0 Sel=0 | stress: 50 temps, 0/20 sw ON, 10/10 lt ON
2026-04-11 11:26:56,125 [INFO] Broadcast 95 telegrams to 1 client(s) | Temp=20.2°C Hum=47.9% Light=OFF Dimmer=OFF(0%) Cover=100% Switch=OFF Climate=ON(22.0°C,m=0) Fan=OFF(0%) Num=50.0 Sel=0 | stress: 50 temps, 0/20 sw ON, 10/10 lt ON
2026-04-11 11:27:06,248 [INFO] Broadcast 95 telegrams to 1 client(s) | Temp=20.0°C Hum=48.3% Light=OFF Dimmer=OFF(0%) Cover=100% Switch=OFF Climate=ON(22.0°C,m=0) Fan=OFF(0%) Num=50.0 Sel=0 | stress: 50 temps, 0/20 sw ON, 10/10 lt ON
2026-04-11 11:27:16,649 [INFO] Broadcast 95 telegrams to 1 client(s) | Temp=20.1°C Hum=47.8% Light=OFF Dimmer=OFF(0%) Cover=100% Switch=OFF Climate=ON(22.0°C,m=0) Fan=OFF(0%) Num=50.0 Sel=0 | stress: 50 temps, 0/20 sw ON, 10/10 lt ON
2026-04-11 11:27:26,768 [INFO] Broadcast 95 telegrams to 1 client(s) | Temp=20.1°C Hum=47.7% Light=OFF Dimmer=OFF(0%) Cover=100% Switch=OFF Climate=ON(22.0°C,m=0) Fan=OFF(0%) Num=50.0 Sel=0 | stress: 50 temps, 0/20 sw ON, 10/10 lt ON
2026-04-11 11:27:36,860 [INFO] Broadcast 95 telegrams to 1 client(s) | Temp=20.1°C Hum=48.1% Light=OFF Dimmer=OFF(0%) Cover=100% Switch=OFF Climate=ON(22.0°C,m=0) Fan=OFF(0%) Num=50.0 Sel=0 | stress: 50 temps, 0/20 sw ON, 10/10 lt ON
2026-04-11 11:27:46,951 [INFO] Broadcast 95 telegrams to 1 client(s) | Temp=20.2°C Hum=48.2% Light=OFF Dimmer=OFF(0%) Cover=100% Switch=OFF Climate=ON(22.0°C,m=0) Fan=OFF(0%) Num=50.0 Sel=0 | stress: 50 temps, 0/20 sw ON, 10/10 lt ON
2026-04-11 11:27:57,088 [INFO] Broadcast 95 telegrams to 1 client(s) | Temp=20.2°C Hum=48.6% Light=OFF Dimmer=OFF(0%) Cover=100% Switch=OFF Climate=ON(22.0°C,m=0) Fan=OFF(0%) Num=50.0 Sel=0 | stress: 50 temps, 0/20 sw ON, 10/10 lt ON
2026-04-11 11:28:07,183 [INFO] Broadcast 95 telegrams to 1 client(s) | Temp=20.0°C Hum=48.5% Light=OFF Dimmer=OFF(0%) Cover=100% Switch=OFF Climate=ON(22.0°C,m=0) Fan=OFF(0%) Num=50.0 Sel=0 | stress: 50 temps, 0/20 sw ON, 10/10 lt ON
2026-04-11 11:28:17,341 [INFO] Broadcast 95 telegrams to 1 client(s) | Temp=19.7°C Hum=48.2% Light=OFF Dimmer=OFF(0%) Cover=100% Switch=OFF Climate=ON(22.0°C,m=0) Fan=OFF(0%) Num=50.0 Sel=0 | stress: 50 temps, 0/20 sw ON, 10/10 lt ON
2026-04-11 11:28:27,655 [INFO] Broadcast 95 telegrams to 1 client(s) | Temp=19.6°C Hum=47.9% Light=OFF Dimmer=OFF(0%) Cover=100% Switch=OFF Climate=ON(22.0°C,m=0) Fan=OFF(0%) Num=50.0 Sel=0 | stress: 50 temps, 0/20 sw ON, 10/10 lt ON
2026-04-11 11:28:37,749 [INFO] Broadcast 95 telegrams to 1 client(s) | Temp=19.3°C Hum=47.5% Light=OFF Dimmer=OFF(0%) Cover=100% Switch=OFF Climate=ON(22.0°C,m=0) Fan=OFF(0%) Num=50.0 Sel=0 | stress: 50 temps, 0/20 sw ON, 10/10 lt ON
2026-04-11 11:28:47,882 [INFO] Broadcast 95 telegrams to 1 client(s) | Temp=19.3°C Hum=47.3% Light=OFF Dimmer=OFF(0%) Cover=100% Switch=OFF Climate=ON(22.0°C,m=0) Fan=OFF(0%) Num=50.0 Sel=0 | stress: 50 temps, 0/20 sw ON, 10/10 lt ON
2026-04-11 11:28:57,993 [INFO] Broadcast 95 telegrams to 1 client(s) | Temp=19.2°C Hum=47.7% Light=OFF Dimmer=OFF(0%) Cover=100% Switch=OFF Climate=ON(22.0°C,m=0) Fan=OFF(0%) Num=50.0 Sel=0 | stress: 50 temps, 0/20 sw ON, 10/10 lt ON
2026-04-11 11:29:08,122 [INFO] Broadcast 95 telegrams to 1 client(s) | Temp=18.9°C Hum=47.2% Light=OFF Dimmer=OFF(0%) Cover=100% Switch=OFF Climate=ON(22.0°C,m=0) Fan=OFF(0%) Num=50.0 Sel=0 | stress: 50 temps, 0/20 sw ON, 10/10 lt ON
2026-04-11 11:29:18,260 [INFO] Broadcast 95 telegrams to 1 client(s) | Temp=18.8°C Hum=47.1% Light=OFF Dimmer=OFF(0%) Cover=100% Switch=OFF Climate=ON(22.0°C,m=0) Fan=OFF(0%) Num=50.0 Sel=0 | stress: 50 temps, 0/20 sw ON, 10/10 lt ON
2026-04-11 11:29:28,351 [INFO] Broadcast 95 telegrams to 1 client(s) | Temp=19.0°C Hum=47.1% Light=OFF Dimmer=OFF(0%) Cover=100% Switch=OFF Climate=ON(22.0°C,m=0) Fan=OFF(0%) Num=50.0 Sel=0 | stress: 50 temps, 0/20 sw ON, 10/10 lt ON
2026-04-11 11:29:38,667 [INFO] Broadcast 95 telegrams to 1 client(s) | Temp=19.2°C Hum=47.5% Light=OFF Dimmer=OFF(0%) Cover=100% Switch=OFF Climate=ON(22.0°C,m=0) Fan=OFF(0%) Num=50.0 Sel=0 | stress: 50 temps, 0/20 sw ON, 10/10 lt ON
2026-04-11 11:29:48,772 [INFO] Broadcast 95 telegrams to 1 client(s) | Temp=19.2°C Hum=47.9% Light=OFF Dimmer=OFF(0%) Cover=100% Switch=OFF Climate=ON(22.0°C,m=0) Fan=OFF(0%) Num=50.0 Sel=0 | stress: 50 temps, 0/20 sw ON, 10/10 lt ON
2026-04-11 11:29:58,876 [INFO] Broadcast 95 telegrams to 1 client(s) | Temp=19.1°C Hum=47.8% Light=OFF Dimmer=OFF(0%) Cover=100% Switch=OFF Climate=ON(22.0°C,m=0) Fan=OFF(0%) Num=50.0 Sel=0 | stress: 50 temps, 0/20 sw ON, 10/10 lt ON
2026-04-11 11:30:09,011 [INFO] Broadcast 95 telegrams to 1 client(s) | Temp=19.0°C Hum=47.9% Light=OFF Dimmer=OFF(0%) Cover=100% Switch=OFF Climate=ON(22.0°C,m=0) Fan=OFF(0%) Num=50.0 Sel=0 | stress: 50 temps, 0/20 sw ON, 10/10 lt ON
2026-04-11 11:30:19,099 [INFO] Broadcast 95 telegrams to 1 client(s) | Temp=18.9°C Hum=48.2% Light=OFF Dimmer=OFF(0%) Cover=100% Switch=OFF Climate=ON(22.0°C,m=0) Fan=OFF(0%) Num=50.0 Sel=0 | stress: 50 temps, 0/20 sw ON, 10/10 lt ON
2026-04-11 11:30:29,198 [INFO] Broadcast 95 telegrams to 1 client(s) | Temp=18.7°C Hum=48.2% Light=OFF Dimmer=OFF(0%) Cover=100% Switch=OFF Climate=ON(22.0°C,m=0) Fan=OFF(0%) Num=50.0 Sel=0 | stress: 50 temps, 0/20 sw ON, 10/10 lt ON
2026-04-11 11:30:39,330 [INFO] Broadcast 95 telegrams to 1 client(s) | Temp=18.4°C Hum=48.1% Light=OFF Dimmer=OFF(0%) Cover=100% Switch=OFF Climate=ON(22.0°C,m=0) Fan=OFF(0%) Num=50.0 Sel=0 | stress: 50 temps, 0/20 sw ON, 10/10 lt ON
2026-04-11 11:30:49,675 [INFO] Broadcast 95 telegrams to 1 client(s) | Temp=18.5°C Hum=48.2% Light=OFF Dimmer=OFF(0%) Cover=100% Switch=OFF Climate=ON(22.0°C,m=0) Fan=OFF(0%) Num=50.0 Sel=0 | stress: 50 temps, 0/20 sw ON, 10/10 lt ON
2026-04-11 11:30:59,789 [INFO] Broadcast 95 telegrams to 1 client(s) | Temp=18.4°C Hum=48.2% Light=OFF Dimmer=OFF(0%) Cover=100% Switch=OFF Climate=ON(22.0°C,m=0) Fan=OFF(0%) Num=50.0 Sel=0 | stress: 50 temps, 0/20 sw ON, 10/10 lt ON
2026-04-11 11:31:09,870 [INFO] Broadcast 95 telegrams to 1 client(s) | Temp=18.3°C Hum=48.7% Light=OFF Dimmer=OFF(0%) Cover=100% Switch=OFF Climate=ON(22.0°C,m=0) Fan=OFF(0%) Num=50.0 Sel=0 | stress: 50 temps, 0/20 sw ON, 10/10 lt ON
2026-04-11 11:31:19,955 [INFO] Broadcast 95 telegrams to 1 client(s) | Temp=18.1°C Hum=48.2% Light=OFF Dimmer=OFF(0%) Cover=100% Switch=OFF Climate=ON(22.0°C,m=0) Fan=OFF(0%) Num=50.0 Sel=0 | stress: 50 temps, 0/20 sw ON, 10/10 lt ON
2026-04-11 11:31:30,071 [INFO] Broadcast 95 telegrams to 1 client(s) | Temp=18.0°C Hum=47.8% Light=OFF Dimmer=OFF(0%) Cover=100% Switch=OFF Climate=ON(22.0°C,m=0) Fan=OFF(0%) Num=50.0 Sel=0 | stress: 50 temps, 0/20 sw ON, 10/10 lt ON
2026-04-11 11:31:40,169 [INFO] Broadcast 95 telegrams to 1 client(s) | Temp=17.8°C Hum=48.0% Light=OFF Dimmer=OFF(0%) Cover=100% Switch=OFF Climate=ON(22.0°C,m=0) Fan=OFF(0%) Num=50.0 Sel=0 | stress: 50 temps, 0/20 sw ON, 10/10 lt ON
2026-04-11 11:31:50,311 [INFO] Broadcast 95 telegrams to 1 client(s) | Temp=18.0°C Hum=47.6% Light=OFF Dimmer=OFF(0%) Cover=100% Switch=OFF Climate=ON(22.0°C,m=0) Fan=OFF(0%) Num=50.0 Sel=0 | stress: 50 temps, 0/20 sw ON, 10/10 lt ON
2026-04-11 11:32:00,682 [INFO] Broadcast 95 telegrams to 1 client(s) | Temp=18.3°C Hum=47.3% Light=OFF Dimmer=OFF(0%) Cover=100% Switch=OFF Climate=ON(22.0°C,m=0) Fan=OFF(0%) Num=50.0 Sel=0 | stress: 50 temps, 0/20 sw ON, 10/10 lt ON
2026-04-11 11:32:10,823 [INFO] Broadcast 95 telegrams to 1 client(s) | Temp=18.1°C Hum=47.8% Light=OFF Dimmer=OFF(0%) Cover=100% Switch=OFF Climate=ON(22.0°C,m=0) Fan=OFF(0%) Num=50.0 Sel=0 | stress: 50 temps, 0/20 sw ON, 10/10 lt ON
2026-04-11 11:32:20,974 [INFO] Broadcast 95 telegrams to 1 client(s) | Temp=18.2°C Hum=47.6% Light=OFF Dimmer=OFF(0%) Cover=100% Switch=OFF Climate=ON(22.0°C,m=0) Fan=OFF(0%) Num=50.0 Sel=0 | stress: 50 temps, 0/20 sw ON, 10/10 lt ON
2026-04-11 11:32:31,090 [INFO] Broadcast 95 telegrams to 1 client(s) | Temp=18.4°C Hum=47.4% Light=OFF Dimmer=OFF(0%) Cover=100% Switch=OFF Climate=ON(22.0°C,m=0) Fan=OFF(0%) Num=50.0 Sel=0 | stress: 50 temps, 0/20 sw ON, 10/10 lt ON
2026-04-11 11:32:41,197 [INFO] Broadcast 95 telegrams to 1 client(s) | Temp=18.7°C Hum=47.6% Light=OFF Dimmer=OFF(0%) Cover=100% Switch=OFF Climate=ON(22.0°C,m=0) Fan=OFF(0%) Num=50.0 Sel=0 | stress: 50 temps, 0/20 sw ON, 10/10 lt ON
2026-04-11 11:32:51,340 [INFO] Broadcast 95 telegrams to 1 client(s) | Temp=18.7°C Hum=47.9% Light=OFF Dimmer=OFF(0%) Cover=100% Switch=OFF Climate=ON(22.0°C,m=0) Fan=OFF(0%) Num=50.0 Sel=0 | stress: 50 temps, 0/20 sw ON, 10/10 lt ON
2026-04-11 11:33:01,429 [INFO] Broadcast 95 telegrams to 1 client(s) | Temp=18.8°C Hum=47.5% Light=OFF Dimmer=OFF(0%) Cover=100% Switch=OFF Climate=ON(22.0°C,m=0) Fan=OFF(0%) Num=50.0 Sel=0 | stress: 50 temps, 0/20 sw ON, 10/10 lt ON
2026-04-11 11:33:11,686 [INFO] Broadcast 95 telegrams to 1 client(s) | Temp=18.8°C Hum=47.9% Light=OFF Dimmer=OFF(0%) Cover=100% Switch=OFF Climate=ON(22.0°C,m=0) Fan=OFF(0%) Num=50.0 Sel=0 | stress: 50 temps, 0/20 sw ON, 10/10 lt ON
2026-04-11 11:33:21,796 [INFO] Broadcast 95 telegrams to 1 client(s) | Temp=19.0°C Hum=47.9% Light=OFF Dimmer=OFF(0%) Cover=100% Switch=OFF Climate=ON(22.0°C,m=0) Fan=OFF(0%) Num=50.0 Sel=0 | stress: 50 temps, 0/20 sw ON, 10/10 lt ON
2026-04-11 11:33:31,899 [INFO] Broadcast 95 telegrams to 1 client(s) | Temp=18.8°C Hum=47.8% Light=OFF Dimmer=OFF(0%) Cover=100% Switch=OFF Climate=ON(22.0°C,m=0) Fan=OFF(0%) Num=50.0 Sel=0 | stress: 50 temps, 0/20 sw ON, 10/10 lt ON
2026-04-11 11:33:42,042 [INFO] Broadcast 95 telegrams to 1 client(s) | Temp=18.9°C Hum=48.1% Light=OFF Dimmer=OFF(0%) Cover=100% Switch=OFF Climate=ON(22.0°C,m=0) Fan=OFF(0%) Num=50.0 Sel=0 | stress: 50 temps, 0/20 sw ON, 10/10 lt ON
2026-04-11 11:33:52,285 [INFO] Broadcast 95 telegrams to 1 client(s) | Temp=19.1°C Hum=48.0% Light=OFF Dimmer=OFF(0%) Cover=100% Switch=OFF Climate=ON(22.0°C,m=0) Fan=OFF(0%) Num=50.0 Sel=0 | stress: 50 temps, 0/20 sw ON, 10/10 lt ON
2026-04-11 11:34:02,417 [INFO] Broadcast 95 telegrams to 1 client(s) | Temp=19.0°C Hum=48.2% Light=OFF Dimmer=OFF(0%) Cover=100% Switch=OFF Climate=ON(22.0°C,m=0) Fan=OFF(0%) Num=50.0 Sel=0 | stress: 50 temps, 0/20 sw ON, 10/10 lt ON
2026-04-11 11:34:12,500 [INFO] Broadcast 95 telegrams to 1 client(s) | Temp=18.7°C Hum=48.3% Light=OFF Dimmer=OFF(0%) Cover=100% Switch=OFF Climate=ON(22.0°C,m=0) Fan=OFF(0%) Num=50.0 Sel=0 | stress: 50 temps, 0/20 sw ON, 10/10 lt ON
2026-04-11 11:34:22,694 [INFO] Broadcast 95 telegrams to 1 client(s) | Temp=18.6°C Hum=48.6% Light=OFF Dimmer=OFF(0%) Cover=100% Switch=OFF Climate=ON(22.0°C,m=0) Fan=OFF(0%) Num=50.0 Sel=0 | stress: 50 temps, 0/20 sw ON, 10/10 lt ON
2026-04-11 11:34:32,795 [INFO] Broadcast 95 telegrams to 1 client(s) | Temp=18.9°C Hum=48.4% Light=OFF Dimmer=OFF(0%) Cover=100% Switch=OFF Climate=ON(22.0°C,m=0) Fan=OFF(0%) Num=50.0 Sel=0 | stress: 50 temps, 0/20 sw ON, 10/10 lt ON
2026-04-11 11:34:42,884 [INFO] Broadcast 95 telegrams to 1 client(s) | Temp=19.1°C Hum=48.6% Light=OFF Dimmer=OFF(0%) Cover=100% Switch=OFF Climate=ON(22.0°C,m=0) Fan=OFF(0%) Num=50.0 Sel=0 | stress: 50 temps, 0/20 sw ON, 10/10 lt ON
2026-04-11 11:34:53,004 [INFO] Broadcast 95 telegrams to 1 client(s) | Temp=19.1°C Hum=48.7% Light=OFF Dimmer=OFF(0%) Cover=100% Switch=OFF Climate=ON(22.0°C,m=0) Fan=OFF(0%) Num=50.0 Sel=0 | stress: 50 temps, 0/20 sw ON, 10/10 lt ON
2026-04-11 11:35:03,092 [INFO] Broadcast 95 telegrams to 1 client(s) | Temp=18.9°C Hum=48.8% Light=OFF Dimmer=OFF(0%) Cover=100% Switch=OFF Climate=ON(22.0°C,m=0) Fan=OFF(0%) Num=50.0 Sel=0 | stress: 50 temps, 0/20 sw ON, 10/10 lt ON
2026-04-11 11:35:13,185 [INFO] Broadcast 95 telegrams to 1 client(s) | Temp=18.6°C Hum=48.3% Light=OFF Dimmer=OFF(0%) Cover=100% Switch=OFF Climate=ON(22.0°C,m=0) Fan=OFF(0%) Num=50.0 Sel=0 | stress: 50 temps, 0/20 sw ON, 10/10 lt ON
2026-04-11 11:35:23,316 [INFO] Broadcast 95 telegrams to 1 client(s) | Temp=18.5°C Hum=48.0% Light=OFF Dimmer=OFF(0%) Cover=100% Switch=OFF Climate=ON(22.0°C,m=0) Fan=OFF(0%) Num=50.0 Sel=0 | stress: 50 temps, 0/20 sw ON, 10/10 lt ON
2026-04-11 11:35:33,696 [INFO] Broadcast 95 telegrams to 1 client(s) | Temp=18.4°C Hum=48.3% Light=OFF Dimmer=OFF(0%) Cover=100% Switch=OFF Climate=ON(22.0°C,m=0) Fan=OFF(0%) Num=50.0 Sel=0 | stress: 50 temps, 0/20 sw ON, 10/10 lt ON
2026-04-11 11:35:43,799 [INFO] Broadcast 95 telegrams to 1 client(s) | Temp=18.7°C Hum=48.5% Light=OFF Dimmer=OFF(0%) Cover=100% Switch=OFF Climate=ON(22.0°C,m=0) Fan=OFF(0%) Num=50.0 Sel=0 | stress: 50 temps, 0/20 sw ON, 10/10 lt ON
2026-04-11 11:35:53,926 [INFO] Broadcast 95 telegrams to 1 client(s) | Temp=18.9°C Hum=48.9% Light=OFF Dimmer=OFF(0%) Cover=100% Switch=OFF Climate=ON(22.0°C,m=0) Fan=OFF(0%) Num=50.0 Sel=0 | stress: 50 temps, 0/20 sw ON, 10/10 lt ON
2026-04-11 11:36:04,023 [INFO] Broadcast 95 telegrams to 1 client(s) | Temp=18.9°C Hum=48.6% Light=OFF Dimmer=OFF(0%) Cover=100% Switch=OFF Climate=ON(22.0°C,m=0) Fan=OFF(0%) Num=50.0 Sel=0 | stress: 50 temps, 0/20 sw ON, 10/10 lt ON
2026-04-11 11:36:14,119 [INFO] Broadcast 95 telegrams to 1 client(s) | Temp=18.8°C Hum=48.3% Light=OFF Dimmer=OFF(0%) Cover=100% Switch=OFF Climate=ON(22.0°C,m=0) Fan=OFF(0%) Num=50.0 Sel=0 | stress: 50 temps, 0/20 sw ON, 10/10 lt ON
2026-04-11 11:36:24,211 [INFO] Broadcast 95 telegrams to 1 client(s) | Temp=19.1°C Hum=48.1% Light=OFF Dimmer=OFF(0%) Cover=100% Switch=OFF Climate=ON(22.0°C,m=0) Fan=OFF(0%) Num=50.0 Sel=0 | stress: 50 temps, 0/20 sw ON, 10/10 lt ON
2026-04-11 11:36:34,334 [INFO] Broadcast 95 telegrams to 1 client(s) | Temp=19.2°C Hum=48.3% Light=OFF Dimmer=OFF(0%) Cover=100% Switch=OFF Climate=ON(22.0°C,m=0) Fan=OFF(0%) Num=50.0 Sel=0 | stress: 50 temps, 0/20 sw ON, 10/10 lt ON
2026-04-11 11:36:44,704 [INFO] Broadcast 95 telegrams to 1 client(s) | Temp=19.3°C Hum=48.1% Light=OFF Dimmer=OFF(0%) Cover=100% Switch=OFF Climate=ON(22.0°C,m=0) Fan=OFF(0%) Num=50.0 Sel=0 | stress: 50 temps, 0/20 sw ON, 10/10 lt ON
2026-04-11 11:36:54,792 [INFO] Broadcast 95 telegrams to 1 client(s) | Temp=19.5°C Hum=47.8% Light=OFF Dimmer=OFF(0%) Cover=100% Switch=OFF Climate=ON(22.0°C,m=0) Fan=OFF(0%) Num=50.0 Sel=0 | stress: 50 temps, 0/20 sw ON, 10/10 lt ON
2026-04-11 11:37:04,921 [INFO] Broadcast 95 telegrams to 1 client(s) | Temp=19.5°C Hum=47.6% Light=OFF Dimmer=OFF(0%) Cover=100% Switch=OFF Climate=ON(22.0°C,m=0) Fan=OFF(0%) Num=50.0 Sel=0 | stress: 50 temps, 0/20 sw ON, 10/10 lt ON
2026-04-11 11:37:15,021 [INFO] Broadcast 95 telegrams to 1 client(s) | Temp=19.3°C Hum=47.6% Light=OFF Dimmer=OFF(0%) Cover=100% Switch=OFF Climate=ON(22.0°C,m=0) Fan=OFF(0%) Num=50.0 Sel=0 | stress: 50 temps, 0/20 sw ON, 10/10 lt ON
2026-04-11 11:37:25,110 [INFO] Broadcast 95 telegrams to 1 client(s) | Temp=19.3°C Hum=48.0% Light=OFF Dimmer=OFF(0%) Cover=100% Switch=OFF Climate=ON(22.0°C,m=0) Fan=OFF(0%) Num=50.0 Sel=0 | stress: 50 temps, 0/20 sw ON, 10/10 lt ON
2026-04-11 11:37:35,234 [INFO] Broadcast 95 telegrams to 1 client(s) | Temp=19.1°C Hum=48.2% Light=OFF Dimmer=OFF(0%) Cover=100% Switch=OFF Climate=ON(22.0°C,m=0) Fan=OFF(0%) Num=50.0 Sel=0 | stress: 50 temps, 0/20 sw ON, 10/10 lt ON
2026-04-11 11:37:45,701 [INFO] Broadcast 95 telegrams to 1 client(s) | Temp=19.2°C Hum=48.6% Light=OFF Dimmer=OFF(0%) Cover=100% Switch=OFF Climate=ON(22.0°C,m=0) Fan=OFF(0%) Num=50.0 Sel=0 | stress: 50 temps, 0/20 sw ON, 10/10 lt ON
2026-04-11 11:37:55,791 [INFO] Broadcast 95 telegrams to 1 client(s) | Temp=19.3°C Hum=48.2% Light=OFF Dimmer=OFF(0%) Cover=100% Switch=OFF Climate=ON(22.0°C,m=0) Fan=OFF(0%) Num=50.0 Sel=0 | stress: 50 temps, 0/20 sw ON, 10/10 lt ON
2026-04-11 11:38:05,878 [INFO] Broadcast 95 telegrams to 1 client(s) | Temp=19.4°C Hum=47.8% Light=OFF Dimmer=OFF(0%) Cover=100% Switch=OFF Climate=ON(22.0°C,m=0) Fan=OFF(0%) Num=50.0 Sel=0 | stress: 50 temps, 0/20 sw ON, 10/10 lt ON
2026-04-11 11:38:15,981 [INFO] Broadcast 95 telegrams to 1 client(s) | Temp=19.3°C Hum=47.6% Light=OFF Dimmer=OFF(0%) Cover=100% Switch=OFF Climate=ON(22.0°C,m=0) Fan=OFF(0%) Num=50.0 Sel=0 | stress: 50 temps, 0/20 sw ON, 10/10 lt ON
2026-04-11 11:38:26,079 [INFO] Broadcast 95 telegrams to 1 client(s) | Temp=19.5°C Hum=47.4% Light=OFF Dimmer=OFF(0%) Cover=100% Switch=OFF Climate=ON(22.0°C,m=0) Fan=OFF(0%) Num=50.0 Sel=0 | stress: 50 temps, 0/20 sw ON, 10/10 lt ON
2026-04-11 11:38:36,173 [INFO] Broadcast 95 telegrams to 1 client(s) | Temp=19.7°C Hum=46.9% Light=OFF Dimmer=OFF(0%) Cover=100% Switch=OFF Climate=ON(22.0°C,m=0) Fan=OFF(0%) Num=50.0 Sel=0 | stress: 50 temps, 0/20 sw ON, 10/10 lt ON
2026-04-11 11:38:46,307 [INFO] Broadcast 95 telegrams to 1 client(s) | Temp=19.7°C Hum=46.9% Light=OFF Dimmer=OFF(0%) Cover=100% Switch=OFF Climate=ON(22.0°C,m=0) Fan=OFF(0%) Num=50.0 Sel=0 | stress: 50 temps, 0/20 sw ON, 10/10 lt ON
2026-04-11 11:38:56,711 [INFO] Broadcast 95 telegrams to 1 client(s) | Temp=19.6°C Hum=47.1% Light=OFF Dimmer=OFF(0%) Cover=100% Switch=OFF Climate=ON(22.0°C,m=0) Fan=OFF(0%) Num=50.0 Sel=0 | stress: 50 temps, 0/20 sw ON, 10/10 lt ON
2026-04-11 11:39:06,803 [INFO] Broadcast 95 telegrams to 1 client(s) | Temp=19.4°C Hum=47.5% Light=OFF Dimmer=OFF(0%) Cover=100% Switch=OFF Climate=ON(22.0°C,m=0) Fan=OFF(0%) Num=50.0 Sel=0 | stress: 50 temps, 0/20 sw ON, 10/10 lt ON
2026-04-11 11:39:16,921 [INFO] Broadcast 95 telegrams to 1 client(s) | Temp=19.2°C Hum=47.1% Light=OFF Dimmer=OFF(0%) Cover=100% Switch=OFF Climate=ON(22.0°C,m=0) Fan=OFF(0%) Num=50.0 Sel=0 | stress: 50 temps, 0/20 sw ON, 10/10 lt ON
2026-04-11 11:39:27,041 [INFO] Broadcast 95 telegrams to 1 client(s) | Temp=19.4°C Hum=47.0% Light=OFF Dimmer=OFF(0%) Cover=100% Switch=OFF Climate=ON(22.0°C,m=0) Fan=OFF(0%) Num=50.0 Sel=0 | stress: 50 temps, 0/20 sw ON, 10/10 lt ON
2026-04-11 11:39:37,136 [INFO] Broadcast 95 telegrams to 1 client(s) | Temp=19.5°C Hum=47.0% Light=OFF Dimmer=OFF(0%) Cover=100% Switch=OFF Climate=ON(22.0°C,m=0) Fan=OFF(0%) Num=50.0 Sel=0 | stress: 50 temps, 0/20 sw ON, 10/10 lt ON
2026-04-11 11:39:47,240 [INFO] Broadcast 95 telegrams to 1 client(s) | Temp=19.6°C Hum=46.8% Light=OFF Dimmer=OFF(0%) Cover=100% Switch=OFF Climate=ON(22.0°C,m=0) Fan=OFF(0%) Num=50.0 Sel=0 | stress: 50 temps, 0/20 sw ON, 10/10 lt ON
2026-04-11 11:39:57,343 [INFO] Broadcast 95 telegrams to 1 client(s) | Temp=19.8°C Hum=46.8% Light=OFF Dimmer=OFF(0%) Cover=100% Switch=OFF Climate=ON(22.0°C,m=0) Fan=OFF(0%) Num=50.0 Sel=0 | stress: 50 temps, 0/20 sw ON, 10/10 lt ON
2026-04-11 11:40:07,722 [INFO] Broadcast 95 telegrams to 1 client(s) | Temp=19.9°C Hum=47.1% Light=OFF Dimmer=OFF(0%) Cover=100% Switch=OFF Climate=ON(22.0°C,m=0) Fan=OFF(0%) Num=50.0 Sel=0 | stress: 50 temps, 0/20 sw ON, 10/10 lt ON
2026-04-11 11:40:17,802 [INFO] Broadcast 95 telegrams to 1 client(s) | Temp=20.1°C Hum=46.9% Light=OFF Dimmer=OFF(0%) Cover=100% Switch=OFF Climate=ON(22.0°C,m=0) Fan=OFF(0%) Num=50.0 Sel=0 | stress: 50 temps, 0/20 sw ON, 10/10 lt ON
2026-04-11 11:40:27,914 [INFO] Broadcast 95 telegrams to 1 client(s) | Temp=20.0°C Hum=46.5% Light=OFF Dimmer=OFF(0%) Cover=100% Switch=OFF Climate=ON(22.0°C,m=0) Fan=OFF(0%) Num=50.0 Sel=0 | stress: 50 temps, 0/20 sw ON, 10/10 lt ON
2026-04-11 11:40:38,017 [INFO] Broadcast 95 telegrams to 1 client(s) | Temp=20.1°C Hum=46.2% Light=OFF Dimmer=OFF(0%) Cover=100% Switch=OFF Climate=ON(22.0°C,m=0) Fan=OFF(0%) Num=50.0 Sel=0 | stress: 50 temps, 0/20 sw ON, 10/10 lt ON
2026-04-11 11:40:48,136 [INFO] Broadcast 95 telegrams to 1 client(s) | Temp=20.3°C Hum=46.7% Light=OFF Dimmer=OFF(0%) Cover=100% Switch=OFF Climate=ON(22.0°C,m=0) Fan=OFF(0%) Num=50.0 Sel=0 | stress: 50 temps, 0/20 sw ON, 10/10 lt ON
2026-04-11 11:40:58,236 [INFO] Broadcast 95 telegrams to 1 client(s) | Temp=20.4°C Hum=46.9% Light=OFF Dimmer=OFF(0%) Cover=100% Switch=OFF Climate=ON(22.0°C,m=0) Fan=OFF(0%) Num=50.0 Sel=0 | stress: 50 temps, 0/20 sw ON, 10/10 lt ON
2026-04-11 11:41:08,338 [INFO] Broadcast 95 telegrams to 1 client(s) | Temp=20.3°C Hum=46.6% Light=OFF Dimmer=OFF(0%) Cover=100% Switch=OFF Climate=ON(22.0°C,m=0) Fan=OFF(0%) Num=50.0 Sel=0 | stress: 50 temps, 0/20 sw ON, 10/10 lt ON
2026-04-11 11:41:18,733 [INFO] Broadcast 95 telegrams to 1 client(s) | Temp=20.0°C Hum=46.7% Light=OFF Dimmer=OFF(0%) Cover=100% Switch=OFF Climate=ON(22.0°C,m=0) Fan=OFF(0%) Num=50.0 Sel=0 | stress: 50 temps, 0/20 sw ON, 10/10 lt ON
2026-04-11 11:41:28,835 [INFO] Broadcast 95 telegrams to 1 client(s) | Temp=19.8°C Hum=46.3% Light=OFF Dimmer=OFF(0%) Cover=100% Switch=OFF Climate=ON(22.0°C,m=0) Fan=OFF(0%) Num=50.0 Sel=0 | stress: 50 temps, 0/20 sw ON, 10/10 lt ON
2026-04-11 11:41:38,929 [INFO] Broadcast 95 telegrams to 1 client(s) | Temp=20.0°C Hum=46.7% Light=OFF Dimmer=OFF(0%) Cover=100% Switch=OFF Climate=ON(22.0°C,m=0) Fan=OFF(0%) Num=50.0 Sel=0 | stress: 50 temps, 0/20 sw ON, 10/10 lt ON
2026-04-11 11:41:49,020 [INFO] Broadcast 95 telegrams to 1 client(s) | Temp=19.8°C Hum=47.2% Light=OFF Dimmer=OFF(0%) Cover=100% Switch=OFF Climate=ON(22.0°C,m=0) Fan=OFF(0%) Num=50.0 Sel=0 | stress: 50 temps, 0/20 sw ON, 10/10 lt ON
2026-04-11 11:41:59,119 [INFO] Broadcast 95 telegrams to 1 client(s) | Temp=19.9°C Hum=47.1% Light=OFF Dimmer=OFF(0%) Cover=100% Switch=OFF Climate=ON(22.0°C,m=0) Fan=OFF(0%) Num=50.0 Sel=0 | stress: 50 temps, 0/20 sw ON, 10/10 lt ON
2026-04-11 11:42:09,211 [INFO] Broadcast 95 telegrams to 1 client(s) | Temp=19.9°C Hum=46.8% Light=OFF Dimmer=OFF(0%) Cover=100% Switch=OFF Climate=ON(22.0°C,m=0) Fan=OFF(0%) Num=50.0 Sel=0 | stress: 50 temps, 0/20 sw ON, 10/10 lt ON
2026-04-11 11:42:19,339 [INFO] Broadcast 95 telegrams to 1 client(s) | Temp=19.7°C Hum=47.1% Light=OFF Dimmer=OFF(0%) Cover=100% Switch=OFF Climate=ON(22.0°C,m=0) Fan=OFF(0%) Num=50.0 Sel=0 | stress: 50 temps, 0/20 sw ON, 10/10 lt ON
2026-04-11 11:42:29,743 [INFO] Broadcast 95 telegrams to 1 client(s) | Temp=20.0°C Hum=47.6% Light=OFF Dimmer=OFF(0%) Cover=100% Switch=OFF Climate=ON(22.0°C,m=0) Fan=OFF(0%) Num=50.0 Sel=0 | stress: 50 temps, 0/20 sw ON, 10/10 lt ON
2026-04-11 11:42:39,860 [INFO] Broadcast 95 telegrams to 1 client(s) | Temp=20.0°C Hum=47.9% Light=OFF Dimmer=OFF(0%) Cover=100% Switch=OFF Climate=ON(22.0°C,m=0) Fan=OFF(0%) Num=50.0 Sel=0 | stress: 50 temps, 0/20 sw ON, 10/10 lt ON
2026-04-11 11:42:49,980 [INFO] Broadcast 95 telegrams to 1 client(s) | Temp=20.0°C Hum=47.9% Light=OFF Dimmer=OFF(0%) Cover=100% Switch=OFF Climate=ON(22.0°C,m=0) Fan=OFF(0%) Num=50.0 Sel=0 | stress: 50 temps, 0/20 sw ON, 10/10 lt ON
2026-04-11 11:43:00,067 [INFO] Broadcast 95 telegrams to 1 client(s) | Temp=19.8°C Hum=47.8% Light=OFF Dimmer=OFF(0%) Cover=100% Switch=OFF Climate=ON(22.0°C,m=0) Fan=OFF(0%) Num=50.0 Sel=0 | stress: 50 temps, 0/20 sw ON, 10/10 lt ON
2026-04-11 11:43:10,184 [INFO] Broadcast 95 telegrams to 1 client(s) | Temp=20.0°C Hum=47.3% Light=OFF Dimmer=OFF(0%) Cover=100% Switch=OFF Climate=ON(22.0°C,m=0) Fan=OFF(0%) Num=50.0 Sel=0 | stress: 50 temps, 0/20 sw ON, 10/10 lt ON
2026-04-11 11:43:20,278 [INFO] Broadcast 95 telegrams to 1 client(s) | Temp=19.9°C Hum=47.4% Light=OFF Dimmer=OFF(0%) Cover=100% Switch=OFF Climate=ON(22.0°C,m=0) Fan=OFF(0%) Num=50.0 Sel=0 | stress: 50 temps, 0/20 sw ON, 10/10 lt ON
2026-04-11 11:43:30,392 [INFO] Broadcast 95 telegrams to 1 client(s) | Temp=19.9°C Hum=47.6% Light=OFF Dimmer=OFF(0%) Cover=100% Switch=OFF Climate=ON(22.0°C,m=0) Fan=OFF(0%) Num=50.0 Sel=0 | stress: 50 temps, 0/20 sw ON, 10/10 lt ON
2026-04-11 11:43:40,748 [INFO] Broadcast 95 telegrams to 1 client(s) | Temp=19.7°C Hum=47.2% Light=OFF Dimmer=OFF(0%) Cover=100% Switch=OFF Climate=ON(22.0°C,m=0) Fan=OFF(0%) Num=50.0 Sel=0 | stress: 50 temps, 0/20 sw ON, 10/10 lt ON
2026-04-11 11:43:50,839 [INFO] Broadcast 95 telegrams to 1 client(s) | Temp=19.6°C Hum=47.6% Light=OFF Dimmer=OFF(0%) Cover=100% Switch=OFF Climate=ON(22.0°C,m=0) Fan=OFF(0%) Num=50.0 Sel=0 | stress: 50 temps, 0/20 sw ON, 10/10 lt ON
2026-04-11 11:44:00,939 [INFO] Broadcast 95 telegrams to 1 client(s) | Temp=19.7°C Hum=47.6% Light=OFF Dimmer=OFF(0%) Cover=100% Switch=OFF Climate=ON(22.0°C,m=0) Fan=OFF(0%) Num=50.0 Sel=0 | stress: 50 temps, 0/20 sw ON, 10/10 lt ON
2026-04-11 11:44:11,052 [INFO] Broadcast 95 telegrams to 1 client(s) | Temp=19.8°C Hum=47.6% Light=OFF Dimmer=OFF(0%) Cover=100% Switch=OFF Climate=ON(22.0°C,m=0) Fan=OFF(0%) Num=50.0 Sel=0 | stress: 50 temps, 0/20 sw ON, 10/10 lt ON
2026-04-11 11:44:21,152 [INFO] Broadcast 95 telegrams to 1 client(s) | Temp=19.5°C Hum=47.8% Light=OFF Dimmer=OFF(0%) Cover=100% Switch=OFF Climate=ON(22.0°C,m=0) Fan=OFF(0%) Num=50.0 Sel=0 | stress: 50 temps, 0/20 sw ON, 10/10 lt ON
2026-04-11 11:44:31,270 [INFO] Broadcast 95 telegrams to 1 client(s) | Temp=19.7°C Hum=47.3% Light=OFF Dimmer=OFF(0%) Cover=100% Switch=OFF Climate=ON(22.0°C,m=0) Fan=OFF(0%) Num=50.0 Sel=0 | stress: 50 temps, 0/20 sw ON, 10/10 lt ON
2026-04-11 11:44:41,357 [INFO] Broadcast 95 telegrams to 1 client(s) | Temp=19.6°C Hum=46.8% Light=OFF Dimmer=OFF(0%) Cover=100% Switch=OFF Climate=ON(22.0°C,m=0) Fan=OFF(0%) Num=50.0 Sel=0 | stress: 50 temps, 0/20 sw ON, 10/10 lt ON
2026-04-11 11:44:51,756 [INFO] Broadcast 95 telegrams to 1 client(s) | Temp=19.7°C Hum=46.9% Light=OFF Dimmer=OFF(0%) Cover=100% Switch=OFF Climate=ON(22.0°C,m=0) Fan=OFF(0%) Num=50.0 Sel=0 | stress: 50 temps, 0/20 sw ON, 10/10 lt ON
2026-04-11 11:45:01,862 [INFO] Broadcast 95 telegrams to 1 client(s) | Temp=19.6°C Hum=46.5% Light=OFF Dimmer=OFF(0%) Cover=100% Switch=OFF Climate=ON(22.0°C,m=0) Fan=OFF(0%) Num=50.0 Sel=0 | stress: 50 temps, 0/20 sw ON, 10/10 lt ON
2026-04-11 11:45:11,994 [INFO] Broadcast 95 telegrams to 1 client(s) | Temp=19.7°C Hum=46.2% Light=OFF Dimmer=OFF(0%) Cover=100% Switch=OFF Climate=ON(22.0°C,m=0) Fan=OFF(0%) Num=50.0 Sel=0 | stress: 50 temps, 0/20 sw ON, 10/10 lt ON
2026-04-11 11:45:22,072 [INFO] Broadcast 95 telegrams to 1 client(s) | Temp=19.4°C Hum=46.3% Light=OFF Dimmer=OFF(0%) Cover=100% Switch=OFF Climate=ON(22.0°C,m=0) Fan=OFF(0%) Num=50.0 Sel=0 | stress: 50 temps, 0/20 sw ON, 10/10 lt ON
2026-04-11 11:45:32,195 [INFO] Broadcast 95 telegrams to 1 client(s) | Temp=19.6°C Hum=45.9% Light=OFF Dimmer=OFF(0%) Cover=100% Switch=OFF Climate=ON(22.0°C,m=0) Fan=OFF(0%) Num=50.0 Sel=0 | stress: 50 temps, 0/20 sw ON, 10/10 lt ON
2026-04-11 11:45:42,292 [INFO] Broadcast 95 telegrams to 1 client(s) | Temp=19.3°C Hum=46.4% Light=OFF Dimmer=OFF(0%) Cover=100% Switch=OFF Climate=ON(22.0°C,m=0) Fan=OFF(0%) Num=50.0 Sel=0 | stress: 50 temps, 0/20 sw ON, 10/10 lt ON
2026-04-11 11:45:52,392 [INFO] Broadcast 95 telegrams to 1 client(s) | Temp=19.1°C Hum=46.4% Light=OFF Dimmer=OFF(0%) Cover=100% Switch=OFF Climate=ON(22.0°C,m=0) Fan=OFF(0%) Num=50.0 Sel=0 | stress: 50 temps, 0/20 sw ON, 10/10 lt ON
2026-04-11 11:46:02,763 [INFO] Broadcast 95 telegrams to 1 client(s) | Temp=19.4°C Hum=46.0% Light=OFF Dimmer=OFF(0%) Cover=100% Switch=OFF Climate=ON(22.0°C,m=0) Fan=OFF(0%) Num=50.0 Sel=0 | stress: 50 temps, 0/20 sw ON, 10/10 lt ON
2026-04-11 11:46:12,876 [INFO] Broadcast 95 telegrams to 1 client(s) | Temp=19.3°C Hum=46.4% Light=OFF Dimmer=OFF(0%) Cover=100% Switch=OFF Climate=ON(22.0°C,m=0) Fan=OFF(0%) Num=50.0 Sel=0 | stress: 50 temps, 0/20 sw ON, 10/10 lt ON
2026-04-11 11:46:22,989 [INFO] Broadcast 95 telegrams to 1 client(s) | Temp=19.4°C Hum=46.0% Light=OFF Dimmer=OFF(0%) Cover=100% Switch=OFF Climate=ON(22.0°C,m=0) Fan=OFF(0%) Num=50.0 Sel=0 | stress: 50 temps, 0/20 sw ON, 10/10 lt ON
2026-04-11 11:46:33,082 [INFO] Broadcast 95 telegrams to 1 client(s) | Temp=19.6°C Hum=45.5% Light=OFF Dimmer=OFF(0%) Cover=100% Switch=OFF Climate=ON(22.0°C,m=0) Fan=OFF(0%) Num=50.0 Sel=0 | stress: 50 temps, 0/20 sw ON, 10/10 lt ON
2026-04-11 11:46:43,172 [INFO] Broadcast 95 telegrams to 1 client(s) | Temp=19.4°C Hum=45.9% Light=OFF Dimmer=OFF(0%) Cover=100% Switch=OFF Climate=ON(22.0°C,m=0) Fan=OFF(0%) Num=50.0 Sel=0 | stress: 50 temps, 0/20 sw ON, 10/10 lt ON
2026-04-11 11:46:53,264 [INFO] Broadcast 95 telegrams to 1 client(s) | Temp=19.5°C Hum=45.5% Light=OFF Dimmer=OFF(0%) Cover=100% Switch=OFF Climate=ON(22.0°C,m=0) Fan=OFF(0%) Num=50.0 Sel=0 | stress: 50 temps, 0/20 sw ON, 10/10 lt ON
2026-04-11 11:47:03,364 [INFO] Broadcast 95 telegrams to 1 client(s) | Temp=19.6°C Hum=45.8% Light=OFF Dimmer=OFF(0%) Cover=100% Switch=OFF Climate=ON(22.0°C,m=0) Fan=OFF(0%) Num=50.0 Sel=0 | stress: 50 temps, 0/20 sw ON, 10/10 lt ON
2026-04-11 11:47:13,765 [INFO] Broadcast 95 telegrams to 1 client(s) | Temp=19.8°C Hum=45.9% Light=OFF Dimmer=OFF(0%) Cover=100% Switch=OFF Climate=ON(22.0°C,m=0) Fan=OFF(0%) Num=50.0 Sel=0 | stress: 50 temps, 0/20 sw ON, 10/10 lt ON
2026-04-11 11:47:23,869 [INFO] Broadcast 95 telegrams to 1 client(s) | Temp=19.8°C Hum=46.1% Light=OFF Dimmer=OFF(0%) Cover=100% Switch=OFF Climate=ON(22.0°C,m=0) Fan=OFF(0%) Num=50.0 Sel=0 | stress: 50 temps, 0/20 sw ON, 10/10 lt ON
2026-04-11 11:47:33,958 [INFO] Broadcast 95 telegrams to 1 client(s) | Temp=19.6°C Hum=46.2% Light=OFF Dimmer=OFF(0%) Cover=100% Switch=OFF Climate=ON(22.0°C,m=0) Fan=OFF(0%) Num=50.0 Sel=0 | stress: 50 temps, 0/20 sw ON, 10/10 lt ON
2026-04-11 11:47:44,052 [INFO] Broadcast 95 telegrams to 1 client(s) | Temp=19.4°C Hum=46.4% Light=OFF Dimmer=OFF(0%) Cover=100% Switch=OFF Climate=ON(22.0°C,m=0) Fan=OFF(0%) Num=50.0 Sel=0 | stress: 50 temps, 0/20 sw ON, 10/10 lt ON
